crop_type,soil_moisture,temperature,humidity,canal_level,wind_speed,crop_age_days,predicted_moisture_6h,water_need_code
Rice,73.05,37.47,54.12,42.55,4.23,14.6,55.9,0
Cotton,56.59,24.92,40.65,75.95,2.9,48.4,45.07,1
Chilli,32.14,29.78,51.61,79.95,3.19,86.0,16.28,2
Maize,67.2,20.59,79.37,81.1,2.34,56.7,64.24,0
Maize,20.91,20.18,62.14,76.61,1.3,118.1,14.0,2
Groundnut,69.21,34.11,44.44,30.85,0.28,13.6,59.7,0
Rice,56.3,22.37,52.19,36.02,2.12,106.2,47.78,1
Cotton,22.75,30.96,87.45,94.78,3.97,24.8,17.35,2
Tomato,20.57,33.92,58.76,59.85,5.33,32.5,5.0,2
Rice,67.56,20.64,59.29,77.9,5.87,68.1,62.01,0
Chilli,35.51,28.97,43.42,63.93,4.76,105.9,21.8,2
Groundnut,77.25,33.68,51.75,93.21,0.93,55.5,63.76,0
Cotton,68.35,37.79,79.81,88.19,3.45,42.3,58.15,0
Cotton,63.87,25.98,78.24,33.52,5.34,54.2,57.06,0
Cotton,34.5,39.48,58.95,89.62,5.95,20.4,20.9,2
Cotton,64.63,36.89,84.15,37.0,2.6,102.2,56.29,0
Chilli,81.37,33.01,55.91,49.69,7.43,110.7,63.65,0
Rice,21.41,27.84,82.54,86.61,6.36,84.3,12.45,2
Groundnut,37.83,34.22,36.74,39.16,6.81,58.9,21.11,2
Maize,31.43,36.32,54.1,36.17,5.33,77.6,11.14,2
Chilli,42.53,26.07,82.03,70.18,3.31,70.7,33.9,1
Maize,66.96,39.86,84.57,99.97,7.47,15.7,47.85,1
Tomato,48.2,38.17,76.6,21.8,7.21,53.4,29.08,2
Groundnut,54.95,29.71,71.84,73.1,6.63,82.3,44.51,1
Cotton,36.99,34.46,79.85,57.43,7.13,103.3,24.24,2
Chilli,24.89,30.48,73.92,46.96,7.33,49.5,5.14,2
Maize,33.69,35.22,48.98,77.49,5.97,100.1,13.04,2
Cotton,75.18,36.54,60.64,59.94,1.6,93.3,64.4,0
Chilli,57.17,20.46,71.34,81.8,4.31,112.2,48.08,1
Maize,41.46,21.58,67.33,76.95,4.93,118.8,34.16,1
Maize,70.29,26.73,83.68,98.66,6.19,14.6,59.02,0
Tomato,19.51,38.35,61.06,82.98,3.96,58.1,5.0,2
Rice,32.77,27.97,44.79,16.01,4.1,95.1,21.42,2
Chilli,31.11,37.75,46.8,80.16,7.96,100.5,8.96,2
Groundnut,83.98,29.25,81.53,68.47,3.62,19.1,74.35,0
Rice,64.43,25.78,35.48,18.08,1.04,76.7,56.27,0
Groundnut,58.25,38.01,82.8,64.49,5.68,108.8,45.41,1
Cotton,15.35,31.21,38.06,77.57,2.9,35.0,5.0,2
Tomato,27.9,27.21,56.54,27.75,1.99,48.2,17.48,2
Chilli,59.49,20.89,79.01,49.14,5.03,53.4,49.19,1
Rice,41.58,22.22,57.42,58.82,7.63,53.4,30.15,1
Cotton,79.7,22.79,80.23,47.18,2.5,71.8,73.66,0
Cotton,68.53,27.3,40.52,88.84,2.98,16.7,59.37,0
Maize,46.32,32.15,63.13,25.2,3.72,95.7,33.28,1
Rice,67.47,26.15,67.04,79.44,5.5,23.5,60.36,0
Groundnut,83.28,21.31,84.0,80.03,3.17,99.5,78.65,0
Maize,47.27,25.3,40.15,50.32,3.4,11.9,38.2,1
Groundnut,59.98,28.17,53.62,58.55,5.61,96.6,44.62,1
Cotton,79.31,39.85,71.26,23.82,7.88,49.1,66.07,0
Cotton,32.41,27.86,88.9,27.56,2.53,82.1,19.62,2
Cotton,77.06,21.78,81.66,57.85,4.68,29.7,75.64,0
Tomato,21.83,31.62,81.56,30.22,6.36,69.1,10.26,2
Maize,60.39,38.39,63.45,82.58,1.7,42.9,47.17,1
Maize,69.8,35.73,66.04,65.46,6.55,10.4,58.52,0
Maize,58.02,36.72,82.22,15.09,2.84,89.8,40.76,1
Rice,49.69,38.56,82.83,42.21,0.89,24.4,40.5,1
Chilli,58.21,32.73,79.13,87.26,0.2,113.4,47.05,1
Rice,25.62,39.9,80.02,34.97,0.26,69.8,14.02,2
Cotton,30.09,20.67,83.38,74.77,6.38,10.2,23.28,2
Cotton,33.89,36.7,41.26,18.44,5.4,113.9,18.67,2
Groundnut,56.84,37.14,51.1,93.75,6.35,24.6,40.29,1
Cotton,45.93,38.33,88.69,50.44,6.02,101.7,31.46,1
Maize,32.11,29.56,64.96,54.24,3.05,46.2,21.25,2
Groundnut,76.8,35.76,44.71,61.28,7.46,72.5,55.39,0
Maize,41.17,23.9,62.67,42.71,7.02,101.9,28.65,2
Tomato,46.22,32.06,70.52,75.28,2.79,15.5,36.33,1
Groundnut,43.68,27.17,80.55,11.31,6.18,84.8,35.37,1
Maize,27.74,31.92,79.67,24.6,6.56,26.3,16.67,2
Rice,66.21,33.51,37.71,26.99,3.91,88.8,52.77,0
Maize,46.39,26.94,59.94,67.18,0.96,27.7,40.39,1
Cotton,16.14,24.32,36.13,90.15,2.67,12.4,7.02,2
Tomato,82.48,26.43,83.85,15.73,7.91,27.1,72.01,0
Maize,72.1,33.28,44.56,86.72,5.73,78.8,56.94,0
Rice,65.65,33.54,69.37,83.76,6.2,118.4,48.39,1
Cotton,75.84,34.83,66.38,16.9,7.3,116.7,58.78,0
Maize,78.48,22.53,69.4,22.89,1.62,92.0,69.27,0
Tomato,38.62,36.37,65.99,41.5,7.75,100.7,14.44,2
Tomato,57.77,33.76,74.36,20.32,4.15,106.1,40.2,1
Chilli,57.62,20.61,69.44,78.25,5.96,68.1,47.96,1
Cotton,33.71,26.71,39.97,55.37,2.55,35.1,27.87,2
Groundnut,30.54,29.33,55.17,46.97,2.64,82.7,18.25,2
Maize,22.97,27.21,65.06,75.25,2.88,25.6,11.05,2
Rice,61.15,22.35,52.89,36.36,2.78,101.6,53.49,0
Cotton,69.66,24.15,76.82,88.44,0.5,55.3,65.32,0
Chilli,68.27,20.49,52.48,68.86,2.48,39.3,59.62,0
Cotton,37.14,21.86,80.58,41.19,5.18,102.8,29.92,2
Rice,29.37,25.33,43.07,58.59,7.22,22.2,19.79,2
Tomato,46.75,36.4,77.32,33.35,0.33,117.2,29.89,2
Cotton,53.28,30.53,45.09,98.65,0.13,114.5,39.89,1
Cotton,79.34,28.49,64.04,49.2,4.74,77.0,70.65,0
Maize,76.24,33.24,52.63,90.71,5.6,88.3,58.4,0
Cotton,79.12,30.83,70.05,98.02,4.87,14.1,73.0,0
Groundnut,74.52,22.63,46.7,58.22,7.78,58.1,62.54,0
Maize,82.52,24.45,78.75,75.7,1.83,107.3,75.42,0
Groundnut,47.58,24.45,66.55,61.5,3.85,11.3,41.93,1
Tomato,18.32,32.0,87.65,18.24,7.33,42.0,5.0,2
Tomato,20.85,29.23,74.15,95.72,4.94,48.9,9.42,2
Cotton,42.32,27.75,68.41,51.1,4.62,84.3,32.6,1
Chilli,33.04,31.13,80.6,90.47,7.46,87.5,19.76,2
Rice,26.9,39.4,47.08,69.0,2.71,17.2,10.21,2
Cotton,81.72,26.28,69.8,19.47,1.26,33.9,76.53,0
Tomato,28.68,30.4,56.47,47.53,1.03,100.8,15.08,2
Cotton,82.16,29.61,75.91,27.63,6.57,31.1,73.53,0
Rice,68.26,34.33,36.35,25.29,6.86,41.5,50.86,0
Cotton,59.87,34.61,58.52,74.36,1.87,27.8,50.03,0
Cotton,62.32,34.58,70.84,12.7,3.66,93.0,54.42,0
Cotton,38.2,24.03,60.34,96.95,4.68,13.0,30.74,1
Chilli,60.25,28.98,48.09,50.49,1.11,43.2,49.31,1
Maize,28.07,36.22,60.54,54.08,6.79,68.6,14.75,2
Cotton,80.64,27.63,81.74,36.95,3.35,10.7,75.43,0
Tomato,36.13,39.69,46.38,17.71,6.91,114.9,6.81,2
Cotton,32.86,27.3,55.19,62.94,6.08,105.6,20.52,2
Chilli,64.78,29.95,89.47,41.03,2.36,81.2,52.8,0
Maize,60.95,29.49,85.2,66.17,5.73,58.3,52.02,0
Chilli,46.59,28.67,36.87,60.02,5.93,27.1,30.26,1
Chilli,59.27,36.91,64.17,29.52,2.49,70.9,44.96,1
Rice,26.16,23.11,38.6,51.55,2.03,36.3,19.38,2
Rice,62.13,31.35,85.81,37.73,6.59,80.2,51.85,0
Tomato,33.94,32.37,59.28,31.58,5.42,26.0,15.99,2
Rice,34.1,37.02,58.01,79.27,5.92,88.9,18.57,2
Maize,26.35,32.18,50.01,11.07,2.5,45.5,15.82,2
Cotton,38.27,39.2,66.29,34.2,5.78,65.2,20.83,2
Chilli,38.19,37.44,42.97,57.8,5.71,27.8,16.93,2
Maize,46.79,26.97,78.94,52.85,2.67,38.2,40.03,1
Groundnut,28.33,37.2,62.02,94.61,2.16,59.5,14.41,2
Chilli,28.51,39.17,66.16,85.93,3.45,60.4,13.29,2
Rice,52.92,25.14,81.24,77.64,5.91,120.0,45.25,1
Cotton,24.02,32.2,45.18,56.27,1.55,46.9,14.34,2
Chilli,63.22,25.64,44.64,48.6,6.99,19.3,50.76,0
Chilli,81.08,32.99,58.14,13.29,2.04,67.7,68.29,0
Chilli,44.88,21.87,78.24,83.95,6.72,45.4,36.47,1
Chilli,78.08,34.68,38.22,48.76,1.25,106.6,59.59,0
Rice,21.88,28.4,78.73,38.89,5.92,33.1,14.46,2
Chilli,18.01,31.75,62.54,64.6,4.49,104.1,5.0,2
Cotton,65.5,20.52,65.9,77.87,5.29,83.0,58.98,0
Tomato,68.27,33.91,66.04,57.07,7.79,30.7,48.34,1
Chilli,74.01,29.92,38.09,23.46,0.42,54.6,62.35,0
Rice,18.98,32.51,48.74,92.95,1.19,64.2,9.72,2
Maize,69.38,26.31,76.54,20.16,0.63,67.4,61.0,0
Maize,41.36,22.92,57.67,97.26,4.16,53.7,32.33,1
Groundnut,36.23,28.71,65.83,49.82,6.42,74.3,22.84,2
Tomato,27.11,38.88,86.97,95.2,0.44,88.8,15.32,2
Tomato,84.72,24.56,37.54,92.32,6.24,65.7,72.89,0
Maize,19.46,33.52,59.73,46.56,3.46,76.3,5.0,2
Groundnut,72.89,21.0,54.87,82.0,7.53,104.6,55.95,0
Groundnut,59.76,34.36,40.85,18.08,3.06,64.8,46.73,1
Rice,66.46,24.77,87.29,17.45,7.88,55.8,58.07,0
Tomato,64.82,29.03,87.88,42.04,4.45,37.3,55.08,0
Cotton,75.09,27.36,52.13,64.88,7.92,24.5,66.01,0
Rice,27.87,22.26,87.07,10.84,5.06,42.1,21.9,2
Groundnut,15.06,26.91,36.93,56.37,2.77,54.7,5.0,2
Tomato,56.9,27.0,88.95,97.81,6.43,94.1,44.92,1
Groundnut,39.77,30.44,80.98,87.26,3.9,33.9,31.29,1
Tomato,23.67,39.45,46.79,30.92,2.47,87.2,5.19,2
Maize,28.03,29.4,67.98,57.53,3.83,18.7,20.97,2
Chilli,38.22,38.29,78.91,25.43,6.98,27.4,20.88,2
Rice,19.92,29.23,52.56,33.69,5.86,45.9,7.26,2
Chilli,18.98,22.15,54.46,93.07,1.39,61.7,13.23,2
Chilli,79.12,24.6,69.59,99.8,6.71,29.9,66.44,0
Cotton,36.85,28.15,43.09,31.83,3.45,22.3,30.14,1
Groundnut,83.76,26.51,41.5,29.09,0.66,72.2,74.45,0
Chilli,82.51,37.32,48.74,44.55,1.18,55.3,65.02,0
Maize,24.98,33.57,75.77,50.13,0.53,55.7,12.77,2
Maize,65.04,31.57,55.16,18.03,5.41,43.9,51.89,0
Maize,57.06,29.82,62.9,23.29,2.06,50.8,46.02,1
Cotton,63.35,27.95,45.75,48.23,0.77,30.2,55.29,0
Tomato,21.73,32.24,45.68,31.19,2.93,39.8,5.0,2
Tomato,28.2,22.49,70.77,86.04,6.94,69.7,16.94,2
Maize,20.36,23.25,40.96,77.64,5.03,67.5,7.77,2
Rice,57.29,26.06,71.73,58.27,3.89,109.7,49.15,1
Rice,84.06,23.42,57.04,48.94,5.87,101.6,73.43,0
Rice,62.04,33.54,71.92,84.79,0.61,10.8,47.92,1
Cotton,64.75,20.5,56.0,24.94,7.06,35.3,56.55,0
Cotton,83.92,23.2,81.53,89.86,1.42,107.6,76.49,0
Cotton,62.46,38.05,38.06,14.42,0.17,44.6,47.55,1
Maize,17.81,39.95,84.13,93.11,2.9,62.5,5.08,2
Cotton,75.69,29.75,49.78,22.49,0.47,84.2,63.27,0
Rice,40.53,29.91,37.34,83.09,1.34,69.8,29.47,2
Groundnut,15.31,35.47,65.93,11.62,5.91,10.5,5.0,2
Chilli,50.51,20.72,47.34,83.36,3.24,32.7,40.87,1
Groundnut,80.59,28.54,60.26,62.57,0.06,21.0,71.0,0
Rice,33.01,22.0,79.13,11.71,5.15,28.4,28.02,2
Maize,49.41,28.02,78.54,79.68,5.66,26.2,40.33,1
Cotton,27.16,39.68,68.02,19.14,7.22,78.5,8.08,2
Maize,19.04,35.07,88.78,58.59,1.24,54.7,11.07,2
Maize,20.64,39.7,60.51,39.88,6.86,17.3,5.0,2
Rice,65.89,34.92,37.17,78.33,5.67,19.1,50.7,0
Maize,75.49,32.16,80.07,86.79,4.51,114.5,60.09,0
Tomato,25.03,35.08,47.17,51.78,2.09,27.0,8.18,2
Tomato,35.18,33.18,44.69,78.21,3.66,37.9,16.12,2
Cotton,28.65,29.28,38.85,92.5,1.59,73.2,17.44,2
Chilli,16.88,25.85,53.03,72.03,5.74,30.6,5.0,2
Chilli,53.74,30.4,52.94,38.98,5.63,31.7,36.15,1
Maize,63.99,25.17,51.65,51.7,1.53,18.0,56.61,0
Groundnut,60.35,29.73,67.63,30.7,2.02,117.9,50.54,0
Rice,42.16,22.92,76.33,51.26,7.21,76.7,39.07,1
Maize,53.85,31.31,86.58,32.13,3.77,68.3,45.24,1
Rice,21.59,24.91,40.17,82.65,4.41,107.8,12.4,2
Maize,25.8,25.87,43.27,64.89,7.67,75.4,7.58,2
Groundnut,80.23,29.98,67.44,66.99,1.66,38.9,67.2,0
Maize,68.31,23.25,40.4,19.92,5.02,61.9,56.31,0
Groundnut,79.59,39.25,55.39,10.13,6.19,62.5,64.61,0
Maize,79.17,28.94,69.35,81.03,2.56,53.8,74.37,0
Cotton,60.46,27.05,77.93,58.81,2.47,92.9,52.23,0
Maize,79.98,20.58,46.97,93.84,7.17,22.1,68.82,0
Tomato,44.17,36.87,71.74,58.35,0.8,27.5,31.94,1
Cotton,15.25,32.52,70.52,29.32,1.26,50.9,6.35,2
Groundnut,19.38,28.33,82.28,72.86,3.29,17.8,11.52,2
Tomato,22.66,24.91,52.26,73.09,6.39,118.6,9.39,2
Cotton,21.67,34.9,76.26,15.9,3.64,64.5,16.46,2
Tomato,39.62,38.91,76.36,72.43,2.16,15.5,27.39,2
Cotton,64.09,27.62,48.16,29.13,3.36,76.9,58.1,0
Cotton,70.35,22.7,69.16,32.91,3.56,95.9,60.35,0
Maize,56.31,22.18,72.13,12.83,5.82,54.8,50.41,0
Cotton,25.25,20.13,50.09,66.46,6.95,62.9,15.28,2
Tomato,67.35,34.88,59.85,75.86,2.57,87.1,54.6,0
Rice,39.84,39.63,58.97,30.74,5.67,35.7,25.92,2
Rice,15.91,39.86,77.54,81.33,5.61,75.7,5.0,2
Maize,34.64,35.68,35.04,78.58,6.14,79.4,13.25,2
Groundnut,38.14,23.24,62.56,46.88,4.6,98.5,28.04,2
Rice,34.2,39.55,45.14,16.14,0.12,108.0,17.75,2
Maize,71.83,26.56,70.58,35.22,5.25,113.5,61.96,0
Cotton,68.19,26.67,72.42,24.89,4.9,23.9,61.61,0
Tomato,63.69,33.75,62.56,96.29,4.89,99.8,49.34,1
Cotton,24.73,20.98,64.81,83.6,2.25,84.3,22.98,2
Tomato,71.55,36.52,52.33,17.05,0.78,50.8,54.11,0
Cotton,62.4,39.95,52.23,56.21,1.51,111.5,49.0,1
Chilli,28.64,35.5,75.98,34.02,1.73,104.6,15.12,2
Chilli,60.37,35.63,42.25,12.89,1.39,95.2,42.41,1
Tomato,48.85,27.81,77.43,39.01,1.96,16.3,42.87,1
Maize,45.75,21.32,71.03,21.48,0.55,29.5,43.24,1
Groundnut,22.85,35.85,83.65,30.05,2.15,111.0,9.37,2
Rice,51.28,31.94,49.31,39.39,7.98,118.0,34.36,1
Cotton,22.0,38.19,62.84,46.8,4.09,40.5,8.26,2
Maize,26.5,22.32,37.14,52.16,2.76,40.5,15.84,2
Cotton,24.28,26.1,85.19,56.82,5.76,77.1,16.66,2
Chilli,81.79,27.21,72.15,43.3,3.76,18.4,69.68,0
Maize,34.94,33.67,69.26,54.85,0.24,75.5,24.72,2
Tomato,39.86,35.75,75.3,47.61,4.38,116.6,25.7,2
Chilli,37.55,39.22,50.64,96.8,2.43,42.7,18.99,2
Rice,77.88,25.91,68.21,16.09,4.57,91.7,70.45,0
Chilli,54.41,29.87,79.05,62.74,1.39,67.7,45.09,1
Rice,79.34,20.58,39.97,27.43,3.86,41.6,69.42,0
Chilli,35.99,25.06,87.73,43.79,1.55,55.4,34.4,1
Chilli,23.04,27.48,84.05,59.18,2.39,70.6,9.73,2
Rice,53.94,31.88,87.97,78.38,5.5,93.8,42.83,1
Cotton,39.19,29.42,79.46,98.0,1.82,69.5,30.61,1
Maize,71.13,27.29,51.19,54.43,3.34,111.8,61.94,0
Cotton,76.56,32.48,66.99,33.13,0.59,22.9,69.05,0
Rice,48.08,36.57,41.61,81.24,5.5,115.3,35.18,1
Tomato,83.0,24.83,76.48,29.94,4.31,70.6,73.89,0
Maize,53.71,26.86,43.45,55.71,6.51,53.1,38.24,1
Tomato,33.96,34.1,82.68,86.2,4.28,18.4,17.62,2
Tomato,49.23,35.56,48.23,46.34,7.95,42.6,30.48,1
Chilli,17.61,36.51,43.82,60.13,1.93,58.2,5.0,2
Rice,71.28,24.19,38.9,20.76,5.94,113.1,58.08,0
Cotton,22.1,30.79,74.13,15.04,3.46,93.2,15.19,2
Rice,36.61,38.0,45.24,98.77,3.01,16.5,23.68,2
Tomato,54.57,27.84,45.87,26.1,5.85,46.1,38.35,1
Chilli,18.01,28.6,44.33,40.2,7.64,64.1,5.0,2
Cotton,20.55,39.7,51.82,55.42,6.04,103.5,5.0,2
Tomato,63.73,22.26,86.77,43.7,2.64,95.4,53.87,0
Tomato,20.02,34.11,61.76,18.76,4.08,33.8,6.13,2
Groundnut,48.4,37.0,49.35,27.72,1.74,15.6,36.04,1
Groundnut,38.71,23.02,44.37,54.41,4.96,24.6,29.84,2
Chilli,30.97,34.29,36.04,49.49,3.22,65.4,12.95,2
Maize,28.21,29.39,55.07,81.84,1.83,19.9,16.57,2
Maize,68.44,37.06,41.05,38.06,0.17,37.5,56.33,0
Chilli,81.61,38.15,36.49,94.63,7.4,100.3,53.38,0
Chilli,24.81,37.45,40.66,35.45,0.63,54.2,6.32,2
Tomato,82.18,21.29,52.52,39.82,2.63,119.6,73.05,0
Rice,56.63,35.14,76.3,95.44,1.52,93.2,45.36,1
Rice,59.92,38.43,38.68,85.64,3.95,39.1,43.07,1
Groundnut,64.69,32.43,72.33,38.53,1.56,10.8,54.34,0
Maize,64.29,32.02,69.13,45.58,5.89,68.0,51.29,0
Maize,72.39,20.9,83.51,85.8,1.8,87.6,65.9,0
Maize,48.84,37.12,45.12,17.75,1.48,61.7,32.48,1
Cotton,52.34,20.93,78.68,36.52,1.74,109.7,49.24,1
Rice,37.67,26.27,82.57,57.84,2.38,94.5,30.12,1
Rice,22.37,38.52,88.71,84.6,5.13,67.2,8.74,2
Tomato,61.52,38.99,79.47,60.82,1.68,12.1,47.86,1
Maize,17.35,39.84,41.81,54.08,5.57,47.2,5.0,2
Cotton,34.29,29.53,87.09,96.59,3.44,64.4,23.66,2
Maize,21.6,23.55,79.82,20.48,1.58,37.5,17.14,2
Maize,28.35,29.76,46.68,80.21,1.92,102.1,14.15,2
Groundnut,59.71,22.05,44.09,21.43,4.22,56.7,49.4,1
Rice,58.99,37.45,86.5,75.95,3.03,32.4,48.78,1
Chilli,44.47,31.21,43.56,58.88,4.11,95.7,25.45,2
Chilli,21.31,28.09,77.74,33.82,6.5,76.9,5.0,2
Maize,45.34,21.59,57.29,58.9,0.37,31.7,43.71,1
Cotton,39.69,28.1,74.81,89.15,3.15,68.6,34.55,1
Tomato,65.43,37.32,40.05,52.5,3.32,86.4,47.5,1
Groundnut,55.53,34.07,74.88,10.59,2.01,59.3,42.14,1
Tomato,49.41,21.65,63.16,15.09,3.54,43.3,41.74,1
Chilli,49.09,23.2,84.52,66.94,4.53,85.9,38.74,1
Chilli,82.64,27.85,45.36,71.01,4.68,85.6,67.49,0
Groundnut,67.94,22.03,41.01,46.16,5.36,11.9,57.84,0
Maize,49.79,38.68,45.79,31.85,0.61,35.8,31.89,1
Tomato,48.55,33.05,39.32,74.44,3.68,81.1,31.58,1
Rice,16.85,21.9,88.91,37.37,6.06,34.7,10.95,2
Maize,80.98,35.76,41.76,16.66,3.64,115.9,66.16,0
Cotton,37.34,27.37,46.05,46.86,5.25,27.9,27.45,2
Rice,32.92,24.9,79.53,58.52,4.72,92.3,19.91,2
Groundnut,84.96,31.4,48.57,96.91,3.72,119.8,66.79,0
Chilli,65.31,20.27,47.23,63.3,0.63,48.1,63.2,0
Rice,18.32,29.31,71.98,28.75,5.07,76.3,6.89,2
Tomato,19.33,36.88,56.93,84.9,4.28,21.6,5.0,2
Chilli,16.79,38.56,80.95,36.23,0.05,78.4,5.0,2
Tomato,56.97,26.85,70.1,96.34,1.65,118.6,49.7,1
Rice,20.01,32.85,50.85,39.28,0.49,117.0,5.0,2
Chilli,80.34,24.54,67.89,91.86,4.56,55.3,73.2,0
Cotton,80.58,31.2,82.66,89.11,0.12,100.3,75.99,0
Rice,53.22,25.08,55.05,87.76,6.74,100.9,41.6,1
Tomato,58.16,31.43,75.51,13.54,7.58,46.0,43.75,1
Tomato,35.43,23.43,57.87,86.49,7.8,100.5,20.97,2
Chilli,19.48,38.82,64.87,74.92,1.81,27.9,5.0,2
Cotton,66.62,37.74,75.35,40.09,3.96,117.7,54.79,0
Cotton,22.13,26.74,38.33,54.11,7.13,105.1,9.93,2
Groundnut,20.99,35.53,60.02,67.59,5.5,66.2,5.74,2
Cotton,36.79,21.91,40.24,94.92,2.39,52.4,30.83,1
Tomato,15.87,34.81,74.88,80.21,6.67,114.1,5.0,2
Rice,45.38,25.65,68.43,48.57,4.59,17.8,40.51,1
Chilli,64.54,22.71,52.98,68.09,5.84,64.8,53.03,0
Groundnut,71.09,33.56,39.2,26.73,7.76,63.6,53.99,0
Groundnut,57.3,29.4,85.92,48.15,7.98,51.9,45.26,1
Tomato,74.28,30.6,52.33,81.22,4.04,22.4,62.33,0
Tomato,43.46,30.41,50.15,64.59,1.25,37.7,31.3,1
Rice,74.41,21.19,40.56,80.49,4.96,118.1,64.05,0
Rice,50.45,21.03,66.75,55.88,5.15,98.9,45.33,1
Chilli,30.61,32.02,49.61,44.21,4.58,102.2,9.79,2
Chilli,81.09,32.48,81.36,76.83,3.38,66.0,68.09,0
Maize,34.25,20.94,72.55,18.44,4.65,82.8,25.95,2
Tomato,16.83,27.57,35.22,98.07,4.27,65.6,5.0,2
Cotton,31.99,32.26,66.11,95.35,7.56,84.5,19.81,2
Maize,40.67,33.13,47.75,89.23,6.7,105.0,22.51,2
Cotton,39.59,36.57,35.85,89.59,3.15,36.7,24.27,2
Groundnut,51.73,28.41,69.07,56.0,4.57,114.6,40.17,1
Tomato,76.82,30.97,46.27,54.82,4.53,110.5,60.21,0
Tomato,35.46,31.57,84.48,83.81,4.09,56.1,23.23,2
Groundnut,51.45,26.24,66.54,35.49,0.46,117.4,45.73,1
Chilli,38.81,21.08,46.51,86.49,5.7,107.1,27.96,2
Tomato,72.52,20.08,88.85,28.08,5.85,14.4,67.67,0
Chilli,26.03,36.72,65.05,89.12,3.87,14.6,5.28,2
Chilli,22.25,24.0,44.1,58.7,7.21,87.8,6.96,2
Groundnut,50.21,32.61,63.45,85.89,7.87,96.2,35.39,1
Tomato,62.03,31.54,87.76,54.38,6.5,37.4,48.53,1
Groundnut,70.69,27.99,58.33,64.76,7.42,64.9,58.04,0
Groundnut,56.27,36.67,58.39,93.41,3.9,69.3,40.3,1
Tomato,69.17,33.97,60.36,47.64,7.31,59.0,51.1,0
Rice,42.49,20.45,50.41,29.83,7.48,17.6,36.56,1
Chilli,17.3,35.53,43.9,18.19,4.99,34.1,5.0,2
Rice,23.13,30.14,66.84,63.1,1.21,99.6,10.97,2
Tomato,17.71,26.94,84.18,65.0,1.22,18.0,8.33,2
Maize,38.03,34.54,75.47,65.86,3.78,78.4,25.35,2
Groundnut,49.68,33.72,40.29,13.34,5.88,79.8,34.79,1
Groundnut,39.94,26.21,57.05,12.47,4.01,115.2,25.48,2
Rice,54.24,39.66,35.29,90.59,6.4,118.6,33.09,1
Groundnut,48.64,32.97,51.94,72.6,6.16,114.0,36.83,1
Rice,62.46,32.12,71.82,20.2,1.63,69.5,52.1,0
Cotton,61.69,21.4,50.96,16.72,1.06,14.6,62.25,0
Groundnut,37.26,25.59,81.23,24.57,5.65,40.5,27.44,2
Groundnut,39.24,28.94,61.26,82.62,2.56,62.3,27.75,2
Tomato,55.96,32.61,71.8,75.08,7.45,14.3,38.98,1
Groundnut,56.75,30.26,83.61,67.48,6.95,14.1,43.43,1
Rice,37.03,35.26,72.55,67.67,3.61,45.6,21.52,2
Chilli,38.12,25.25,84.35,87.3,4.64,52.6,29.26,2
Maize,63.58,34.04,79.44,40.01,6.78,73.9,48.97,1
Tomato,60.32,36.33,66.19,39.0,6.97,112.6,38.65,1
Rice,24.45,35.3,51.35,48.29,4.46,53.0,8.78,2
Cotton,45.87,35.42,51.4,99.07,7.78,15.3,34.37,1
Maize,77.49,37.77,83.14,59.94,4.17,69.4,64.77,0
Chilli,17.54,21.68,37.96,59.22,0.33,49.4,9.05,2
Maize,74.86,33.94,86.78,82.86,4.5,109.1,62.5,0
Maize,26.42,39.37,52.99,26.03,6.22,57.5,5.0,2
Groundnut,50.51,31.47,75.64,46.49,7.88,45.4,37.68,1
Rice,44.7,24.35,53.15,67.72,0.84,89.6,37.06,1
Cotton,15.71,39.98,87.43,98.92,3.52,64.3,5.0,2
Cotton,79.08,23.49,37.01,23.9,4.69,71.1,69.68,0
Maize,46.84,26.71,54.43,50.68,7.05,26.7,33.97,1
Tomato,81.8,23.44,82.71,91.5,5.73,51.3,70.86,0
Rice,35.07,29.29,50.07,75.3,1.85,15.1,28.89,2
Groundnut,75.64,28.38,50.16,65.24,6.88,93.0,63.13,0
Groundnut,79.57,29.82,84.43,33.14,5.31,37.0,68.99,0
Tomato,53.98,38.56,80.68,26.85,7.16,23.3,32.29,1
Rice,29.19,29.57,40.82,43.68,6.67,74.8,9.65,2
Rice,62.97,30.29,66.91,32.96,1.03,73.7,57.92,0
Rice,53.43,37.73,47.29,82.76,7.68,44.7,34.9,1
Cotton,81.12,36.36,46.83,74.86,3.63,115.9,68.18,0
Groundnut,45.75,24.79,68.85,85.17,7.86,79.9,32.69,1
Rice,33.8,20.26,41.81,25.4,1.5,111.9,25.85,2
Cotton,24.68,32.59,60.84,37.9,6.35,43.1,12.13,2
Tomato,63.9,36.9,49.07,79.17,2.44,70.7,46.34,1
Maize,83.19,31.06,81.97,24.72,0.36,55.5,75.22,0
Chilli,16.98,24.22,65.5,23.1,7.95,55.5,5.0,2
Cotton,66.83,34.83,46.83,44.48,2.43,15.3,53.46,0
Groundnut,79.89,33.39,85.96,26.78,0.64,34.2,71.36,0
Rice,20.23,31.3,80.26,17.1,6.88,105.6,5.0,2
Tomato,22.71,37.27,49.59,38.15,3.46,103.5,5.0,2
Tomato,63.44,35.68,87.86,88.8,4.61,21.6,49.49,1
Tomato,60.36,33.36,49.73,15.09,7.88,12.0,42.42,1
Groundnut,19.82,33.3,51.1,60.95,3.85,21.2,9.32,2
Cotton,73.41,33.24,56.23,60.67,0.54,80.3,62.42,0
Tomato,51.64,30.5,44.06,57.78,5.53,36.4,35.36,1
Groundnut,78.5,29.28,72.79,55.5,5.68,93.9,62.82,0
Maize,76.46,34.19,65.65,11.55,1.55,10.6,65.69,0
Chilli,71.88,32.21,84.2,14.27,4.36,88.7,56.83,0
Maize,51.11,29.8,48.25,56.01,2.95,107.5,36.81,1
Rice,32.62,22.53,44.36,97.15,0.4,14.9,27.78,2
Groundnut,50.42,34.04,54.72,46.72,2.49,105.4,37.2,1
Rice,22.06,32.92,43.04,52.51,7.28,111.0,5.0,2
Tomato,61.12,26.84,87.04,98.39,2.4,68.9,55.0,0
Tomato,24.38,27.13,74.46,80.12,1.78,41.3,16.11,2
Tomato,50.78,24.93,78.79,79.31,7.53,71.9,41.83,1
Rice,18.81,39.24,76.14,55.43,3.06,44.2,8.33,2
Rice,35.97,37.2,48.36,90.81,7.52,112.7,20.24,2
Cotton,31.25,31.22,42.74,62.31,7.04,69.8,14.7,2
Groundnut,58.4,28.03,58.62,69.1,3.76,97.9,47.76,1
Rice,70.08,34.74,80.6,80.88,3.08,77.1,55.54,0
Tomato,19.01,30.55,53.18,46.59,1.1,41.7,9.52,2
Chilli,74.52,39.52,35.53,95.79,1.52,65.0,57.11,0
Groundnut,75.25,21.1,71.3,98.92,1.86,106.8,71.69,0
Cotton,38.96,20.69,46.0,62.84,3.76,52.1,31.43,1
Cotton,61.13,31.37,64.86,29.98,2.98,47.5,52.86,0
Chilli,43.18,24.07,35.82,79.74,6.4,115.2,26.3,2
Maize,25.79,32.09,62.99,38.99,2.37,46.7,13.98,2
Tomato,52.01,35.63,56.65,61.94,3.4,104.5,33.89,1
Groundnut,21.05,22.76,83.42,17.8,0.98,29.6,13.86,2
Cotton,76.49,28.81,74.7,82.67,2.17,97.1,67.08,0
Rice,79.7,33.77,36.98,96.32,6.26,77.7,67.4,0
Cotton,72.51,36.68,78.42,18.48,5.66,23.2,60.62,0
Rice,54.38,29.93,78.52,75.84,3.22,17.0,46.51,1
Cotton,54.03,24.12,71.49,87.48,4.62,42.8,47.53,1
Cotton,83.92,31.72,86.11,19.86,3.67,82.3,74.34,0
Rice,32.35,29.09,79.18,32.21,7.16,49.6,21.64,2
Maize,20.32,35.44,47.04,45.27,3.16,39.8,5.0,2
Rice,54.34,31.11,55.99,85.31,5.78,74.0,36.33,1
Chilli,38.01,25.59,54.25,54.41,1.75,114.8,28.51,2
Groundnut,37.56,35.09,62.77,22.33,3.47,23.4,27.66,2
Rice,15.5,30.35,87.45,33.07,4.23,80.9,5.0,2
Maize,56.74,23.55,68.86,52.06,0.84,110.4,49.15,1
Groundnut,33.48,31.26,52.21,13.53,4.7,69.5,22.66,2
Tomato,28.15,38.97,86.78,66.79,4.6,116.1,8.8,2
Rice,17.83,34.11,73.51,12.28,1.27,75.8,8.06,2
Maize,40.51,25.98,49.63,80.28,7.99,84.0,34.66,1
Chilli,76.53,34.22,84.86,76.05,0.74,97.0,66.03,0
Chilli,38.57,25.65,53.93,87.89,7.16,32.0,25.21,2
Tomato,62.54,30.85,63.39,24.19,3.93,71.6,50.31,0
Groundnut,67.96,30.53,61.36,64.23,1.78,77.6,58.72,0
Chilli,37.97,24.95,85.8,80.29,0.9,23.2,32.09,1
Tomato,72.51,26.96,49.61,56.42,5.6,60.1,54.87,0
Groundnut,63.43,38.84,53.33,21.77,6.04,94.8,45.57,1
Groundnut,54.15,25.01,71.31,18.9,5.39,14.5,47.48,1
Maize,15.07,36.02,83.76,64.53,3.36,55.5,5.0,2
Rice,17.46,33.35,41.32,54.78,1.38,26.0,8.51,2
Chilli,84.36,30.65,46.54,93.66,6.32,29.3,70.63,0
Chilli,69.76,22.75,87.14,85.05,6.97,66.4,62.61,0
Rice,80.63,24.09,77.75,75.14,3.13,13.2,74.82,0
Chilli,78.16,23.58,54.03,98.42,6.73,56.7,61.54,0
Groundnut,16.43,31.74,54.67,72.51,5.08,12.8,5.0,2
Rice,70.43,39.47,60.82,18.31,4.22,111.8,49.92,1
Cotton,46.58,37.54,72.06,16.98,4.88,107.1,28.34,2
Rice,70.27,20.51,65.86,83.43,0.86,33.3,68.09,0
Cotton,15.47,25.47,77.69,42.46,1.0,17.2,13.66,2
Maize,35.17,23.15,37.98,93.19,5.81,37.6,19.62,2
Rice,67.59,39.51,80.05,20.64,7.76,13.1,51.49,0
Groundnut,70.51,24.71,38.19,27.89,4.06,90.8,58.76,0
Rice,58.38,24.03,83.45,79.59,0.43,73.1,53.71,0
Chilli,36.09,32.42,37.38,86.27,0.54,69.8,18.18,2
Tomato,36.73,31.12,42.03,88.05,3.74,103.7,22.33,2
Groundnut,82.67,24.52,44.91,18.92,5.26,99.0,68.04,0
Cotton,45.74,33.41,47.27,44.36,1.24,55.0,31.04,1
Cotton,46.3,21.94,57.1,68.17,0.26,77.1,38.76,1
Maize,53.66,20.39,71.05,92.69,5.84,58.6,47.36,1
Maize,43.67,21.65,84.09,31.51,1.17,78.6,39.34,1
Chilli,53.69,27.3,63.85,64.03,3.51,26.7,41.68,1
Cotton,45.26,39.5,64.29,22.92,5.87,43.0,31.78,1
Groundnut,72.87,30.94,52.56,77.26,1.0,37.7,62.97,0
Rice,78.63,35.09,79.04,21.48,3.54,28.4,62.91,0
Chilli,80.25,26.43,41.08,100.0,0.89,55.5,70.21,0
Rice,54.5,34.39,51.56,18.3,2.78,89.9,43.0,1
Tomato,45.95,39.32,40.33,71.68,7.3,53.6,21.86,2
Cotton,64.37,27.16,46.78,79.93,5.49,118.1,52.41,0
Tomato,73.68,39.98,67.26,33.22,0.18,43.2,61.9,0
Cotton,54.41,32.77,41.93,32.93,1.08,114.3,41.17,1
Maize,64.0,34.97,40.53,63.65,2.35,31.3,48.32,1
Tomato,67.48,25.04,80.43,66.74,7.16,45.3,57.64,0
Maize,62.35,32.86,41.51,74.85,5.98,28.0,45.88,1
Chilli,67.23,30.22,68.44,62.23,4.94,36.2,53.64,0
Cotton,29.61,39.13,54.36,25.7,1.22,27.3,17.48,2
Chilli,49.89,38.09,84.3,93.17,7.43,78.7,34.11,1
Groundnut,56.18,27.93,73.92,25.0,6.47,32.1,47.31,1
Groundnut,15.17,38.94,38.27,60.87,1.92,19.4,5.0,2
Cotton,74.92,37.7,84.25,92.8,3.23,39.3,62.58,0
Chilli,57.7,31.81,57.76,92.17,3.43,84.6,41.16,1
Tomato,24.04,21.64,51.4,25.11,4.7,57.1,15.93,2
Maize,72.14,23.22,72.0,31.47,3.0,27.2,62.85,0
Rice,65.19,21.54,74.49,64.17,1.68,17.0,66.57,0
Maize,68.08,22.16,51.68,40.34,5.34,90.2,57.56,0
Groundnut,42.44,39.54,54.34,75.78,5.42,87.5,20.92,2
Maize,74.79,24.24,43.6,57.02,3.54,60.8,64.59,0
Rice,43.98,33.82,67.64,33.95,3.89,68.1,29.94,2
Chilli,54.94,32.73,87.63,46.99,0.41,36.5,45.13,1
Groundnut,15.04,32.62,57.91,72.2,3.65,63.4,5.0,2
Groundnut,60.14,24.13,89.79,80.66,6.4,90.1,51.61,0
Tomato,65.27,31.59,44.7,43.26,4.73,94.9,43.41,1
Maize,54.7,32.51,78.79,19.45,7.37,47.5,39.49,1
Chilli,49.76,31.41,86.05,41.79,5.73,84.7,34.6,1
Tomato,71.7,23.72,72.84,66.74,6.22,63.5,60.47,0
Tomato,62.7,34.46,41.01,78.38,3.67,91.3,42.31,1
Tomato,34.47,21.46,52.96,89.17,1.39,86.0,26.72,2
Groundnut,82.14,31.82,39.71,96.57,7.3,92.5,66.44,0
Cotton,64.51,28.73,68.1,57.64,5.27,28.1,56.32,0
Groundnut,84.16,25.01,89.9,89.22,7.28,45.4,78.52,0
Cotton,82.99,36.15,55.61,33.59,4.94,39.1,68.82,0
Groundnut,79.32,23.52,43.96,60.37,3.64,59.2,70.31,0
Rice,67.88,38.66,49.78,58.54,1.08,61.1,54.06,0
Groundnut,57.66,37.69,66.39,79.18,3.18,83.4,44.87,1
Rice,27.05,27.21,66.29,79.58,4.78,72.7,15.66,2
Maize,53.03,26.1,47.64,35.68,7.45,73.8,40.43,1
Chilli,68.58,22.75,76.29,89.73,6.63,79.6,56.94,0
Maize,51.46,38.33,39.84,90.23,4.11,40.0,31.65,1
Rice,75.78,32.55,69.27,95.34,3.58,34.9,64.19,0
Tomato,22.68,20.64,58.41,51.19,0.27,33.7,18.89,2
Cotton,41.67,30.22,41.99,98.87,2.81,95.7,28.13,2
Tomato,50.42,21.72,69.89,80.64,7.85,20.7,38.88,1
Tomato,45.26,31.48,72.02,68.79,5.93,44.8,29.61,2
Groundnut,22.6,30.18,59.2,48.9,4.2,40.8,10.98,2
Rice,25.75,21.66,78.89,85.82,6.9,75.1,16.45,2
Groundnut,73.63,36.32,63.01,78.77,0.18,111.7,60.92,0
Groundnut,48.91,25.25,50.72,62.7,7.66,106.6,34.69,1
Chilli,18.41,30.83,87.45,99.74,5.6,21.6,8.22,2
Rice,16.15,32.78,86.92,32.45,0.11,69.4,8.45,2
Rice,48.14,39.25,40.26,67.76,5.64,14.1,33.92,1
Tomato,26.51,29.88,87.03,38.9,0.67,97.2,17.91,2
Chilli,64.36,38.35,77.65,51.21,5.12,51.2,44.51,1
Rice,70.67,27.1,40.87,40.51,2.41,33.6,60.28,0
Maize,30.98,37.15,63.56,40.11,1.7,63.3,16.59,2
Rice,56.45,24.72,36.92,43.91,5.02,57.9,43.41,1
Chilli,25.81,34.15,67.39,15.1,3.47,113.7,12.73,2
Rice,36.25,21.77,86.33,13.59,0.52,13.7,33.94,1
Cotton,77.22,39.72,55.25,75.24,6.58,114.5,59.03,0
Rice,53.09,39.08,62.97,37.98,2.13,35.8,39.68,1
Tomato,77.01,28.84,47.52,11.91,4.95,26.0,60.91,0
Tomato,30.77,30.48,64.75,17.33,4.87,91.6,17.92,2
Cotton,38.1,31.96,79.14,27.63,0.45,67.5,32.25,1
Rice,47.97,25.5,46.84,14.34,7.98,108.5,34.73,1
Maize,48.61,33.49,65.44,95.15,3.58,69.7,36.11,1
Chilli,84.84,33.97,54.51,61.15,1.64,65.6,68.88,0
Chilli,23.01,30.5,76.13,45.46,3.49,32.7,8.83,2
Cotton,74.64,22.95,73.61,57.94,4.82,114.5,66.92,0
Cotton,75.46,38.38,73.43,20.15,0.02,83.1,63.78,0
Maize,53.72,22.3,55.78,73.17,2.4,76.2,41.86,1
Cotton,39.08,32.58,67.96,97.26,4.29,96.9,25.79,2
Tomato,51.35,22.06,70.81,21.76,5.56,21.1,40.89,1
Groundnut,35.47,22.92,72.44,23.73,2.51,105.3,26.6,2
Chilli,70.94,20.41,66.64,66.58,3.23,65.1,66.98,0
Cotton,49.88,27.27,82.67,23.67,1.77,98.2,44.64,1
Groundnut,79.81,32.79,48.68,21.34,2.34,88.4,67.99,0
Cotton,58.59,30.43,38.07,70.34,5.5,59.6,46.91,1
Groundnut,51.0,33.49,87.94,65.68,2.7,94.7,42.43,1
Chilli,64.77,33.5,38.34,29.6,2.24,89.3,47.4,1
Rice,50.28,22.8,84.66,84.09,2.39,10.4,49.84,1
Maize,78.32,21.15,68.68,19.47,4.9,88.0,68.0,0
Tomato,27.91,32.51,85.53,39.93,4.49,66.0,14.92,2
Groundnut,83.13,33.06,66.07,76.5,3.26,102.3,67.97,0
Tomato,71.85,31.13,80.16,65.25,5.06,99.1,60.55,0
Tomato,75.25,24.92,74.67,64.01,5.14,28.8,66.95,0
Tomato,48.8,36.22,63.88,71.76,0.1,12.4,38.25,1
Chilli,73.6,21.51,54.98,68.18,2.71,31.6,63.36,0
Chilli,36.47,32.65,35.16,88.68,1.95,91.5,18.18,2
Groundnut,68.34,22.41,48.8,61.19,6.63,105.8,53.27,0
Maize,24.83,33.09,87.35,46.12,2.2,87.1,14.91,2
Tomato,36.49,28.35,50.15,78.95,2.54,100.3,22.15,2
Rice,46.2,34.36,76.35,33.33,4.3,74.6,35.41,1
Rice,37.56,21.04,62.97,78.36,4.38,65.7,30.82,1
Maize,42.09,31.1,51.97,35.2,6.49,116.7,21.15,2
Groundnut,72.41,22.9,89.51,53.23,3.1,18.9,65.2,0
Chilli,32.97,33.65,37.58,76.53,2.25,56.3,16.25,2
Groundnut,67.17,22.4,67.01,66.49,4.87,40.6,60.75,0
Rice,20.16,21.47,60.38,17.71,5.83,23.4,8.33,2
Rice,68.6,34.26,39.21,50.19,7.94,76.6,50.51,0
Groundnut,70.44,21.27,46.78,83.07,4.95,39.0,59.7,0
Rice,43.12,24.49,73.18,99.71,3.93,60.9,33.68,1
Rice,65.57,36.49,40.96,52.01,1.06,25.0,50.65,0
Maize,79.06,36.19,79.06,17.73,7.9,52.9,62.82,0
Groundnut,71.05,37.08,69.38,42.96,5.48,32.0,54.59,0
Cotton,42.33,26.52,40.55,54.09,1.32,108.7,29.14,2
Rice,48.89,30.56,50.77,16.61,3.68,67.5,36.93,1
Groundnut,69.56,35.47,42.54,87.78,4.48,97.9,51.52,0
Groundnut,35.48,22.74,78.87,58.49,1.74,63.4,28.85,2
Cotton,71.27,34.49,64.31,47.45,5.86,14.7,58.79,0
Groundnut,37.96,21.95,35.16,45.75,5.2,86.4,26.03,2
Tomato,71.42,38.27,64.86,12.55,1.87,15.3,56.03,0
Groundnut,21.08,32.75,61.55,56.7,7.92,53.5,5.03,2
Tomato,18.11,29.87,70.37,52.8,7.59,70.2,5.0,2
Cotton,84.84,29.69,36.92,41.13,2.12,95.8,73.59,0
Chilli,75.86,23.63,36.95,69.28,3.53,108.8,64.47,0
Cotton,76.8,26.92,54.22,46.99,7.16,32.5,69.61,0
Chilli,81.59,34.54,72.87,61.46,3.25,83.0,66.66,0
Chilli,45.68,30.82,71.66,89.65,7.64,61.7,28.75,2
Chilli,35.08,30.59,50.3,42.75,1.6,94.4,18.23,2
Cotton,24.1,23.9,46.88,45.81,5.79,113.4,15.25,2
Cotton,50.08,33.81,72.57,87.93,4.8,68.6,37.11,1
Rice,30.4,27.84,36.49,42.23,2.77,41.5,24.0,2
Cotton,80.49,23.66,65.62,49.54,5.74,97.8,77.79,0
Chilli,15.28,38.88,58.33,82.07,0.19,67.9,5.0,2
Tomato,25.02,30.14,48.15,63.27,1.85,107.1,7.29,2
Chilli,32.25,30.56,63.62,94.05,2.09,72.3,21.18,2
Groundnut,28.93,39.63,46.94,52.36,0.94,113.1,16.1,2
Groundnut,30.8,27.33,66.04,53.11,0.27,11.9,21.76,2
Groundnut,60.92,38.86,43.19,13.86,2.82,91.3,46.9,1
Maize,37.93,33.9,57.31,27.76,1.75,48.1,21.23,2
Cotton,58.05,32.66,63.07,58.6,1.06,83.5,45.57,1
Maize,77.32,24.69,36.74,26.84,1.26,113.7,66.98,0
Cotton,57.18,21.04,68.59,50.82,6.61,81.9,52.11,0
Chilli,63.62,28.76,76.27,35.5,0.76,91.9,54.18,0
Tomato,40.59,20.2,87.58,11.87,5.8,27.4,36.14,1
Tomato,26.18,21.42,46.17,52.76,0.43,28.8,21.86,2
Rice,37.44,31.91,46.48,68.16,0.33,73.1,28.64,2
Rice,82.5,34.49,51.77,40.44,3.54,57.4,67.47,0
Maize,58.53,23.36,83.99,79.89,3.05,22.2,51.87,0
Maize,34.43,34.65,57.38,23.14,4.37,90.1,20.45,2
Rice,46.56,38.99,51.6,18.22,5.62,86.9,29.6,2
Maize,73.49,34.86,75.76,94.14,2.48,20.1,63.03,0
Chilli,61.79,35.69,37.09,92.95,1.56,15.4,43.73,1
Tomato,54.25,34.01,65.18,46.59,6.58,51.7,38.22,1
Maize,76.96,24.49,59.76,47.79,1.32,79.6,66.86,0
Maize,62.07,27.22,69.37,86.59,6.39,108.3,49.99,1
Chilli,59.99,38.99,75.21,57.75,4.7,57.8,42.32,1
Maize,28.28,33.22,52.87,20.54,2.31,19.3,15.63,2
Cotton,22.45,35.78,70.0,20.34,2.51,102.5,12.5,2
Tomato,82.56,39.37,63.84,21.8,2.97,23.7,63.23,0
Maize,56.92,24.63,42.37,80.27,4.73,80.1,46.15,1
Maize,44.1,26.43,83.49,64.17,7.84,55.5,33.45,1
Tomato,56.23,32.9,76.5,36.98,2.55,110.1,41.09,1
Cotton,19.33,20.49,85.69,24.59,7.53,87.5,10.58,2
Tomato,72.55,31.42,74.62,21.11,1.64,10.0,66.35,0
Tomato,30.17,36.17,48.46,76.72,0.9,51.0,13.96,2
Cotton,71.32,32.21,58.68,89.73,4.26,29.8,59.95,0
Groundnut,52.41,25.91,56.28,57.8,7.81,41.2,37.95,1
Cotton,34.36,34.48,36.97,79.54,3.88,53.9,22.97,2
Groundnut,17.11,22.92,57.58,35.48,6.4,69.6,9.05,2
Groundnut,72.11,37.9,54.01,62.71,3.78,97.8,56.7,0
Maize,27.35,22.02,35.22,49.42,6.8,19.5,15.59,2
Cotton,18.63,37.27,81.59,17.89,6.5,58.5,7.36,2
Tomato,67.91,29.96,42.91,53.86,5.49,103.6,48.67,1
Maize,39.5,28.57,62.55,86.21,4.92,57.5,27.98,2
Chilli,42.25,30.01,78.16,14.66,4.15,67.1,30.23,1
Groundnut,32.29,24.0,68.25,52.94,7.65,95.6,21.86,2
Groundnut,75.14,29.15,44.31,88.59,4.46,88.4,57.84,0
Maize,35.81,36.99,69.0,81.11,2.7,66.1,25.0,2
Chilli,29.71,36.02,76.67,54.41,7.06,116.4,13.91,2
Tomato,36.65,23.26,82.01,25.42,5.28,14.0,27.23,2
Cotton,29.22,33.47,52.53,86.37,4.47,16.0,18.77,2
Chilli,37.24,37.14,36.87,23.78,5.46,57.0,12.7,2
Chilli,20.81,36.4,68.44,34.91,2.79,27.4,6.04,2
Cotton,26.1,28.51,47.42,21.18,3.37,33.8,12.21,2
Chilli,44.19,20.96,77.95,51.31,1.56,26.5,40.02,1
Rice,76.56,38.62,72.39,66.63,6.84,86.2,59.01,0
Tomato,19.01,27.92,77.53,84.44,5.32,56.3,9.93,2
Tomato,29.89,27.22,88.21,51.52,6.59,101.8,21.45,2
Cotton,78.58,35.19,67.15,97.36,2.54,37.5,71.51,0
Rice,77.3,25.28,84.74,63.63,7.96,78.6,70.19,0
Tomato,62.56,36.69,70.3,64.4,2.86,33.5,47.63,1
Chilli,31.83,21.52,45.0,25.78,2.83,11.6,24.42,2
Cotton,44.39,34.81,78.96,27.11,7.69,85.8,32.16,1
Chilli,29.79,39.32,73.15,61.9,5.24,26.0,9.39,2
Groundnut,24.0,39.92,88.79,74.88,7.47,86.3,9.26,2
Groundnut,41.6,38.48,48.39,28.42,4.99,86.0,24.52,2
Rice,55.31,37.42,53.32,53.56,1.97,83.5,42.2,1
Groundnut,40.2,25.58,80.18,42.06,3.13,75.1,28.37,2
Chilli,57.76,39.33,38.46,49.49,6.87,107.3,33.75,1
Chilli,35.74,38.56,69.83,29.99,3.92,18.3,20.99,2
Rice,39.21,30.69,64.45,22.67,5.67,112.5,26.08,2
Chilli,70.35,28.04,44.29,38.85,1.33,17.3,58.16,0
Cotton,76.48,22.19,44.08,88.2,3.2,64.5,66.38,0
Chilli,37.54,31.81,79.56,82.47,6.72,111.6,18.86,2
Rice,55.01,34.01,35.85,19.15,7.53,39.6,38.14,1
Chilli,34.47,28.08,76.08,17.9,2.59,102.2,23.45,2
Groundnut,18.73,28.12,75.3,54.37,1.38,75.3,10.34,2
Cotton,66.65,31.47,70.73,34.96,0.19,104.7,61.42,0
Rice,26.97,20.56,57.52,84.11,1.02,15.3,20.43,2
Groundnut,44.8,39.16,36.56,53.76,6.69,71.2,23.32,2
Groundnut,49.09,25.8,79.1,86.74,3.65,30.8,45.5,1
Tomato,27.91,22.82,41.91,19.74,2.33,12.0,18.34,2
Cotton,21.62,20.11,50.44,97.31,6.21,85.8,13.77,2
Maize,39.36,37.14,87.07,79.04,6.35,92.5,23.1,2
Chilli,81.66,37.26,51.6,75.87,2.9,91.0,64.28,0
Maize,58.06,21.91,49.03,94.62,7.21,90.0,42.06,1
Cotton,41.7,23.04,88.54,52.33,3.7,98.0,36.27,1
Groundnut,17.72,28.96,39.73,23.4,2.09,61.7,5.91,2
Cotton,57.02,23.71,43.84,54.72,7.2,48.2,44.97,1
Groundnut,21.46,34.72,59.11,83.37,1.22,94.8,9.0,2
Groundnut,52.98,21.16,78.32,87.36,7.97,83.3,46.05,1
Rice,67.64,30.99,83.64,53.97,4.91,32.0,58.95,0
Tomato,44.65,27.66,76.56,75.91,7.32,57.9,35.3,1
Cotton,35.96,29.3,88.69,32.23,1.43,30.0,29.69,2
Chilli,18.32,28.5,35.93,30.75,3.11,95.7,5.0,2
Rice,16.73,23.06,69.07,62.76,6.99,37.2,9.31,2
Rice,45.1,24.41,41.4,47.96,6.7,78.5,32.53,1
Chilli,76.83,21.3,85.07,24.49,6.97,90.9,70.51,0
Chilli,32.08,22.31,86.44,78.52,2.24,119.1,26.64,2
Tomato,55.18,39.56,51.67,57.89,4.94,57.6,31.77,1
Tomato,62.9,25.6,80.52,56.84,3.12,106.0,55.35,0
Rice,19.26,26.14,69.67,27.04,2.57,83.1,10.37,2
Chilli,25.72,22.54,40.53,31.7,4.16,10.9,14.76,2
Rice,38.19,35.1,68.15,72.34,5.72,53.0,23.78,2
Chilli,61.91,38.48,88.68,86.67,4.15,53.4,47.79,1
Maize,45.73,35.8,51.95,25.95,1.84,23.2,33.74,1
Maize,66.39,32.25,35.06,83.11,6.46,58.1,48.26,1
Cotton,75.73,36.26,88.72,80.93,7.82,22.8,63.37,0
Chilli,68.09,28.08,57.77,83.34,2.9,101.9,51.19,0
Cotton,84.46,37.19,58.7,62.36,6.79,49.8,68.45,0
Cotton,67.81,35.97,74.19,41.67,6.91,30.1,53.35,0
Groundnut,74.65,20.03,68.24,79.39,2.08,76.2,70.45,0
Cotton,73.27,29.76,51.61,53.2,5.64,104.3,60.94,0
Chilli,66.12,25.29,40.5,29.97,7.51,112.8,47.5,1
Maize,71.13,21.72,80.5,46.21,5.92,108.4,63.32,0
Tomato,80.43,36.92,61.59,51.19,0.24,107.0,64.5,0
Chilli,48.26,20.16,71.99,55.48,4.84,48.3,36.43,1
Rice,59.68,34.6,82.33,90.78,6.23,65.6,48.96,1
Groundnut,51.05,39.76,35.97,47.0,4.95,50.8,33.45,1
Groundnut,74.57,29.64,82.27,35.63,0.23,111.4,66.15,0
Rice,45.2,27.42,76.35,96.61,0.96,20.2,40.12,1
Cotton,72.38,32.12,87.08,31.78,6.41,71.0,61.52,0
Rice,70.95,36.09,47.85,11.0,3.9,37.2,52.95,0
Cotton,82.33,24.81,52.73,86.48,7.66,103.5,75.7,0
Rice,32.42,25.01,71.38,95.9,3.32,47.3,26.91,2
Maize,64.67,32.14,85.92,71.39,6.57,105.0,52.87,0
Chilli,67.98,38.8,89.6,46.69,0.28,112.1,53.42,0
Cotton,80.54,25.97,57.92,58.94,6.73,28.9,73.45,0
Maize,78.48,27.54,64.66,84.88,6.87,93.0,62.49,0
Groundnut,55.15,39.87,44.38,89.68,2.9,48.5,37.19,1
Cotton,55.54,23.52,73.17,19.23,2.48,54.4,51.95,0
Tomato,26.71,21.54,81.06,88.12,7.28,40.2,17.16,2
Cotton,83.25,31.8,78.93,65.56,6.22,77.8,74.34,0
Cotton,32.85,20.49,54.02,12.91,4.78,47.7,27.0,2
Maize,65.73,23.61,87.98,19.76,3.49,91.5,59.79,0
Cotton,70.71,32.44,41.62,14.1,7.3,95.6,54.38,0
Groundnut,45.89,33.19,62.17,95.37,5.98,53.5,32.26,1
Cotton,29.78,30.21,65.5,48.39,3.33,10.5,25.24,2
Cotton,28.23,27.67,64.51,74.41,3.97,17.3,20.74,2
Chilli,74.95,31.52,76.68,10.15,0.79,40.1,66.25,0
Tomato,50.75,32.87,68.53,81.39,6.49,114.9,34.6,1
Cotton,21.31,36.07,39.24,53.38,6.73,53.3,5.0,2
Maize,65.19,35.86,44.89,93.12,2.85,91.9,47.97,1
Chilli,32.51,33.3,64.27,56.88,2.48,113.0,17.03,2
Tomato,76.35,37.88,73.2,80.99,2.02,47.6,56.94,0
Tomato,36.67,36.76,63.28,66.65,1.39,71.7,22.63,2
Rice,29.02,22.66,54.55,56.85,7.58,103.8,16.09,2
Groundnut,20.94,39.13,37.81,95.34,6.07,77.6,5.0,2
Rice,50.81,37.83,78.22,54.6,3.47,22.3,36.91,1
Rice,46.55,26.42,62.35,90.31,0.88,94.7,42.8,1
Groundnut,67.59,20.4,64.63,13.25,1.12,109.5,61.69,0
Chilli,47.52,32.08,60.79,69.17,5.68,94.6,34.5,1
Maize,39.07,28.77,49.59,92.05,1.62,92.8,26.97,2
Cotton,33.32,34.99,50.2,90.93,2.78,93.1,20.46,2
Maize,34.47,30.49,38.49,53.65,7.66,77.4,19.88,2
Rice,79.95,21.53,73.92,52.49,4.65,37.3,72.4,0
Cotton,26.56,24.89,49.95,82.95,6.47,110.2,15.99,2
Tomato,84.17,37.65,51.42,40.15,0.83,24.2,69.27,0
Chilli,37.88,20.75,89.64,94.34,2.64,101.0,34.05,1
Groundnut,21.19,34.73,56.22,32.56,7.16,49.5,5.0,2
Groundnut,32.41,25.84,63.09,16.7,6.48,84.1,20.8,2
Maize,19.09,29.05,56.26,79.47,5.79,98.6,6.51,2
Cotton,70.3,30.62,50.96,46.43,4.7,97.8,58.74,0
Chilli,50.88,25.0,35.32,42.02,2.15,27.7,41.61,1
Maize,38.59,33.04,82.02,38.88,4.68,77.2,26.68,2
Rice,61.34,33.87,61.02,98.24,0.41,33.6,52.4,0
Maize,59.15,21.7,74.59,61.45,1.62,22.3,57.46,0
Chilli,80.79,27.48,87.73,99.27,4.15,66.5,70.85,0
Groundnut,82.29,34.89,35.16,40.92,0.02,118.6,69.34,0
Rice,62.65,34.43,72.13,47.26,1.86,118.0,50.38,0
Cotton,72.25,30.89,41.53,29.06,1.22,73.1,59.0,0
Groundnut,70.47,35.55,60.19,48.73,2.76,94.9,55.31,0
Groundnut,49.39,22.15,81.57,15.58,6.87,37.5,40.84,1
Maize,64.31,22.36,38.93,10.05,7.58,34.7,52.76,0
Rice,20.48,33.15,89.43,50.78,1.32,87.7,11.03,2
Tomato,68.06,33.87,66.95,77.14,1.85,96.5,53.96,0
Groundnut,82.33,36.29,56.72,49.34,6.78,91.6,66.53,0
Groundnut,20.95,23.62,36.07,56.62,1.38,21.5,15.67,2
Chilli,73.53,30.34,67.28,50.11,5.93,49.2,59.82,0
Rice,80.31,33.22,62.22,57.41,0.68,14.9,72.83,0
Rice,30.83,24.47,46.84,79.8,5.19,96.5,19.47,2
Maize,51.74,30.34,61.97,82.34,2.13,44.3,37.85,1
Chilli,79.95,32.77,35.7,85.43,6.0,57.3,58.13,0
Rice,82.22,24.29,89.97,29.12,4.15,73.7,75.84,0
Cotton,23.95,27.51,53.27,51.21,1.43,10.1,18.42,2
Chilli,39.43,24.33,61.41,84.79,3.22,49.0,29.84,2
Rice,63.87,38.06,78.16,94.77,4.11,90.0,52.12,0
Rice,30.51,24.74,74.2,58.87,7.97,41.5,24.73,2
Maize,37.73,22.42,83.87,54.37,3.84,72.8,29.97,2
Cotton,16.63,20.7,86.77,78.81,1.21,117.5,17.84,2
Cotton,25.75,20.9,45.4,99.25,4.44,23.0,15.74,2
Maize,54.36,23.83,56.47,48.33,1.76,39.5,50.68,0
Tomato,60.72,32.16,72.77,24.86,7.04,85.2,44.21,1
Groundnut,60.42,20.35,37.48,85.09,6.67,75.8,49.0,1
Maize,69.49,25.73,74.43,73.94,1.03,117.6,61.79,0
Tomato,44.07,21.16,35.27,23.06,4.71,13.8,31.93,1
Maize,34.14,28.07,85.27,39.12,5.57,106.6,26.3,2
Rice,16.09,20.97,74.5,59.79,2.01,63.7,10.5,2
Tomato,29.46,32.15,66.1,75.83,5.01,35.0,13.84,2
Chilli,36.87,33.77,58.59,80.26,3.7,65.4,18.15,2
Groundnut,27.47,34.63,89.34,24.02,3.86,55.3,14.79,2
Cotton,16.41,24.49,75.51,29.51,4.41,29.7,9.01,2
Cotton,26.02,37.37,79.4,76.97,4.56,34.1,12.98,2
Chilli,61.63,33.81,80.4,20.45,5.68,41.7,46.69,1
Rice,59.07,21.13,36.2,54.83,3.62,70.7,47.98,1
Maize,80.5,28.82,38.01,59.14,5.78,19.1,69.31,0
Groundnut,70.87,35.36,45.91,40.54,3.89,19.8,55.49,0
Rice,54.74,26.22,71.04,81.67,5.3,46.5,46.62,1
Groundnut,24.63,27.63,69.32,14.99,2.1,87.8,17.43,2
Cotton,54.49,32.59,52.88,79.97,4.33,117.6,45.8,1
Tomato,19.31,21.11,88.51,68.14,3.74,11.3,17.27,2
Cotton,45.16,39.34,40.12,55.65,2.42,117.0,29.02,2
Groundnut,42.32,23.49,77.72,88.51,0.5,85.5,35.32,1
Rice,44.95,20.53,61.45,28.2,4.08,109.1,38.34,1
Rice,34.59,20.11,58.04,82.07,0.08,69.0,32.58,1
Chilli,63.01,27.99,36.41,26.9,3.12,60.9,48.93,1
Groundnut,73.87,37.69,75.03,99.14,2.97,96.4,59.63,0
Rice,68.8,36.4,77.44,12.95,5.07,70.6,55.6,0
Chilli,58.94,38.24,52.54,59.79,7.9,108.7,31.68,1
Rice,52.68,30.68,63.43,25.12,6.86,108.2,39.12,1
Chilli,17.18,28.97,68.35,46.72,7.8,68.4,5.0,2
Chilli,65.61,27.72,55.22,23.32,7.61,73.1,49.66,1
Rice,53.15,20.93,68.86,27.44,0.59,60.2,51.67,0
Cotton,33.95,38.19,58.88,15.49,2.26,85.8,23.22,2
Groundnut,37.95,29.92,83.29,10.72,2.38,85.1,28.02,2
Groundnut,80.49,29.1,74.52,74.74,0.57,81.6,73.32,0
Rice,58.71,30.3,41.08,50.81,6.77,16.9,44.81,1
Tomato,48.31,35.88,78.98,14.1,7.16,116.0,25.48,2
Tomato,58.46,24.49,53.56,94.51,4.84,46.9,46.72,1
Maize,43.96,34.2,86.46,69.9,7.13,37.1,28.11,2
Rice,47.91,34.22,68.19,33.78,5.71,33.2,35.07,1
Groundnut,35.32,36.99,36.52,49.48,3.52,17.6,20.14,2
Cotton,45.79,20.17,75.39,54.03,1.2,60.3,42.55,1
Cotton,62.99,23.41,42.19,61.29,7.67,14.6,51.42,0
Tomato,17.8,29.42,83.25,87.17,5.54,27.7,7.06,2
Rice,70.65,37.01,87.16,63.09,2.83,10.6,64.98,0
Groundnut,34.81,39.3,73.24,98.09,1.03,29.2,17.64,2
Tomato,62.78,31.9,64.31,75.41,6.39,119.5,45.78,1
Chilli,59.99,24.24,68.11,98.97,6.42,69.6,47.57,1
Groundnut,60.68,23.69,58.59,59.57,4.34,17.4,51.79,0
Rice,57.57,32.79,39.6,71.06,8.0,72.1,40.25,1
Rice,82.14,24.2,86.09,76.41,3.09,76.1,75.79,0
Rice,50.58,31.06,53.11,77.93,7.54,70.2,37.07,1
Rice,66.26,36.7,52.21,12.2,5.04,47.0,50.18,0
Rice,64.38,27.8,45.52,21.47,5.89,82.3,47.09,1
Cotton,31.54,27.57,89.58,30.5,7.34,25.7,26.29,2
Chilli,34.83,20.72,86.84,34.43,6.65,34.2,30.54,1
Groundnut,44.68,25.08,54.22,91.48,2.31,119.4,33.7,1
Cotton,34.44,33.96,49.3,75.03,6.94,55.7,20.44,2
Groundnut,40.67,27.21,79.3,22.9,4.32,26.3,35.05,1
Tomato,42.37,23.17,58.24,48.37,0.36,33.9,38.11,1
Tomato,57.27,22.12,88.23,31.88,5.39,89.7,52.5,0
Groundnut,30.39,21.9,84.57,84.69,4.0,22.8,26.64,2
Tomato,71.3,33.18,76.77,92.6,4.29,48.9,59.14,0
Rice,45.63,32.25,39.95,24.79,3.29,46.1,35.06,1
Cotton,64.44,30.37,73.62,47.49,0.51,35.1,57.11,0
Cotton,20.7,30.01,89.3,95.76,1.44,62.5,15.4,2
Groundnut,47.9,23.06,55.53,69.14,6.05,22.1,34.38,1
Groundnut,16.98,30.01,83.49,88.13,1.87,60.2,5.67,2
Rice,62.31,21.2,57.45,42.19,5.02,13.6,56.47,0
Cotton,39.06,38.52,88.42,28.87,4.33,116.7,27.88,2
Groundnut,81.45,21.16,70.95,72.22,1.77,76.5,75.72,0
Cotton,37.69,28.47,40.31,22.37,2.24,18.3,27.3,2
Cotton,54.47,20.01,61.35,85.59,3.07,31.0,49.32,1
Groundnut,33.02,35.72,37.74,77.94,7.04,91.0,13.9,2
Maize,58.41,23.32,56.73,37.44,7.53,90.5,41.64,1
Rice,47.69,38.5,85.35,54.88,3.09,50.1,36.29,1
Maize,40.94,20.88,47.77,81.93,0.37,26.3,35.62,1
Tomato,29.26,36.42,87.28,94.14,4.81,69.0,14.41,2
Rice,22.81,33.13,40.5,41.69,3.34,40.4,8.86,2
Rice,23.39,24.99,71.56,81.1,3.94,20.6,13.73,2
Cotton,84.93,24.05,88.11,27.5,3.54,48.1,78.14,0
Chilli,43.86,27.15,70.98,91.32,5.24,92.6,34.53,1
Chilli,15.14,36.57,84.45,71.76,2.44,49.0,5.0,2
Cotton,81.71,37.24,89.51,23.75,7.14,14.5,71.55,0
Chilli,16.4,23.51,70.3,76.58,3.37,23.2,6.95,2
Chilli,44.3,27.07,78.02,75.17,2.73,75.6,35.02,1
Rice,65.22,24.75,36.76,76.81,7.38,67.4,51.42,0
Groundnut,79.02,22.45,58.5,41.04,2.87,84.2,70.76,0
Maize,64.9,32.93,50.85,76.58,0.66,72.9,51.37,0
Rice,47.45,26.92,80.33,84.39,1.24,64.7,44.19,1
Cotton,83.21,24.51,72.27,41.24,5.71,62.3,79.55,0
Cotton,17.75,37.32,68.79,28.72,4.5,115.8,5.0,2
Rice,84.08,34.97,86.24,89.91,4.28,104.9,71.02,0
Tomato,74.46,35.48,39.89,65.86,0.66,52.1,55.38,0
Rice,80.03,20.78,87.46,51.43,1.31,81.9,74.4,0
Tomato,32.83,38.3,40.54,89.18,3.17,12.2,16.62,2
Rice,24.97,31.49,54.09,22.24,3.58,12.3,10.72,2
Cotton,61.43,30.08,69.67,82.95,3.01,45.0,52.16,0
Chilli,51.11,20.21,53.78,54.17,4.02,93.0,42.28,1
Groundnut,51.62,37.95,72.54,13.83,5.87,111.8,29.45,2
Cotton,79.72,30.88,77.65,97.54,5.09,85.1,67.32,0
Chilli,58.41,36.5,80.57,80.03,4.89,87.7,39.12,1
Chilli,36.77,33.11,44.86,29.33,4.46,13.5,18.92,2
Rice,43.0,35.93,45.01,93.13,1.61,112.3,28.64,2
Rice,24.34,33.86,37.88,94.18,4.84,19.5,11.54,2
Chilli,28.46,38.42,62.0,82.04,1.27,114.2,9.53,2
Rice,25.03,24.51,42.56,21.45,5.7,25.6,13.65,2
Rice,71.72,24.04,52.52,26.77,3.62,13.7,63.67,0
Tomato,64.34,34.25,81.22,77.86,4.65,72.0,48.09,1
Groundnut,52.12,30.03,87.18,92.24,6.9,22.5,42.53,1
Maize,41.21,31.98,80.21,29.35,2.98,13.2,32.28,1
Cotton,61.79,34.17,35.04,51.47,0.8,83.5,44.02,1
Maize,71.9,30.95,66.24,23.93,7.13,91.2,58.07,0
Tomato,76.69,35.75,44.17,53.02,2.92,42.2,59.3,0
Maize,53.29,26.38,55.67,67.83,3.25,68.7,43.32,1
Rice,72.39,37.18,58.54,11.67,2.37,74.5,60.67,0
Cotton,50.79,22.15,86.86,67.86,3.36,27.7,43.77,1
Tomato,48.22,32.68,69.86,67.58,4.17,58.4,31.43,1
Maize,75.58,37.8,49.72,50.95,6.75,80.1,55.4,0
Groundnut,42.05,25.05,70.35,90.59,5.76,107.4,27.12,2
Chilli,42.71,26.54,87.35,22.13,4.11,56.1,33.76,1
Maize,36.34,26.11,38.25,14.62,6.11,86.9,23.59,2
Chilli,51.31,31.29,79.88,54.62,6.78,65.2,37.62,1
Cotton,53.14,28.26,46.93,57.97,0.47,87.8,44.63,1
Tomato,61.23,22.16,43.42,34.0,4.74,96.8,48.67,1
Chilli,45.14,37.83,84.44,96.55,0.35,68.4,31.22,1
Groundnut,30.25,24.09,35.1,32.84,2.46,16.7,20.06,2
Chilli,75.68,30.68,75.76,34.31,6.1,106.3,61.18,0
Maize,39.22,31.9,39.8,82.99,6.33,76.1,18.7,2
Rice,79.61,20.82,68.99,93.05,7.07,76.1,74.5,0
Tomato,29.51,21.91,69.15,58.25,3.99,66.0,20.18,2
Groundnut,54.2,39.43,82.45,11.71,0.67,29.1,43.54,1
Chilli,52.56,33.29,80.24,41.99,1.01,63.5,41.54,1
Tomato,73.01,20.67,72.68,30.15,1.95,69.1,65.47,0
Maize,24.72,35.88,55.93,55.99,2.98,52.2,12.13,2
Chilli,78.7,30.17,44.15,71.43,4.21,26.4,65.95,0
Chilli,52.2,21.5,69.96,45.32,5.17,93.8,40.01,1
Cotton,56.03,33.62,62.33,58.36,1.3,60.2,46.06,1
Tomato,50.71,29.99,39.29,78.39,1.51,87.1,36.54,1
Chilli,17.52,24.1,87.56,32.15,1.38,15.2,9.34,2
Maize,49.8,37.55,52.29,27.64,6.04,65.5,26.69,2
Groundnut,33.45,25.83,35.12,82.51,2.42,18.1,21.67,2
Rice,38.99,25.69,84.59,13.33,1.33,90.7,30.68,1
Rice,60.44,25.46,66.74,23.55,3.45,73.9,50.14,0
Maize,49.84,35.35,75.32,11.11,1.98,59.7,34.82,1
Chilli,21.53,34.12,43.4,59.98,2.95,117.0,5.0,2
Cotton,20.11,38.06,57.25,64.01,6.59,45.9,5.0,2
Maize,28.0,24.59,70.48,57.79,2.67,56.5,22.85,2
Groundnut,28.36,35.73,48.8,47.28,1.4,91.1,14.02,2
Maize,57.58,31.46,73.58,57.61,1.86,67.8,48.67,1
Rice,27.45,26.17,47.85,27.45,0.27,82.4,15.65,2
Rice,76.72,20.71,46.5,84.36,7.21,117.4,64.63,0
Groundnut,29.68,36.38,35.64,98.27,5.58,86.5,10.98,2
Rice,21.38,24.82,50.5,58.66,3.71,26.6,13.62,2
Groundnut,76.3,32.63,48.57,43.69,4.49,33.0,60.95,0
Tomato,35.67,30.98,77.04,81.26,2.03,105.7,22.82,2
Rice,44.78,20.09,66.33,27.38,3.23,15.3,39.6,1
Tomato,82.13,39.89,44.78,38.87,2.56,66.0,61.22,0
Chilli,81.11,36.29,66.25,94.6,6.6,109.7,65.59,0
Maize,65.04,29.73,47.4,26.77,5.95,95.4,50.09,0
Cotton,19.83,33.61,58.4,20.09,2.27,22.7,9.84,2
Chilli,56.53,29.53,83.85,59.17,6.1,91.5,40.98,1
Maize,84.24,34.89,74.56,62.87,0.75,52.0,70.56,0
Chilli,81.28,22.69,70.81,63.74,1.62,109.1,73.58,0
Groundnut,22.42,28.93,50.48,24.8,0.85,73.0,14.4,2
Maize,42.72,26.71,41.85,74.9,1.91,70.4,31.17,1
Rice,37.09,29.19,76.41,31.81,1.81,11.0,29.75,2
Maize,24.08,29.01,66.23,95.33,7.2,37.5,9.57,2
Groundnut,63.64,22.86,69.25,30.52,2.62,55.4,53.99,0
Tomato,34.17,39.53,88.63,11.56,2.84,89.6,19.03,2
Groundnut,39.14,20.31,54.16,61.11,0.8,67.2,33.35,1
Chilli,21.33,20.2,79.04,28.26,0.53,103.8,18.31,2
Chilli,49.86,27.47,65.74,66.57,1.76,13.8,41.44,1
Tomato,26.07,32.41,47.94,30.63,1.08,45.5,10.29,2
Groundnut,45.25,23.59,37.91,48.53,2.76,75.7,35.69,1
Rice,25.03,30.66,68.88,26.16,1.49,82.5,12.94,2
Tomato,81.77,34.46,51.37,48.59,1.43,65.3,66.79,0
Maize,25.15,21.88,73.25,22.29,5.18,53.9,17.71,2
Maize,51.53,39.69,73.54,40.42,7.54,17.9,36.61,1
Maize,28.79,26.73,60.05,27.9,0.1,86.6,18.65,2
Rice,20.35,32.85,64.5,83.45,5.64,109.4,5.0,2
Tomato,29.16,22.21,69.46,75.64,5.27,99.0,18.61,2
Rice,18.83,34.19,60.77,25.01,4.68,87.1,5.97,2
Chilli,24.76,36.81,83.26,17.46,5.54,79.8,5.0,2
Maize,49.54,22.11,39.18,12.32,4.07,94.9,40.41,1
Chilli,60.63,22.52,88.89,30.4,7.42,95.4,50.87,0
Chilli,21.11,25.62,36.84,53.22,1.27,10.8,8.48,2
Cotton,45.87,20.24,46.45,45.99,3.79,49.4,38.71,1
Chilli,55.69,39.72,73.96,97.43,5.22,105.5,34.28,1
Chilli,31.4,31.97,39.67,81.3,7.27,103.6,8.4,2
Chilli,41.05,32.15,49.42,17.04,3.9,88.1,20.52,2
Chilli,20.03,39.18,43.47,24.3,7.82,44.0,5.0,2
Chilli,30.41,36.64,74.8,12.39,5.25,97.8,11.47,2
Tomato,47.67,36.28,66.84,22.44,5.59,35.5,29.51,2
Tomato,84.33,26.79,38.55,57.65,6.55,34.7,70.56,0
Cotton,84.74,26.7,60.31,16.91,5.87,68.9,75.22,0
Maize,83.57,25.83,46.47,15.39,4.18,72.8,68.61,0
Chilli,44.62,26.93,88.22,20.63,6.18,48.6,35.85,1
Tomato,20.65,27.39,40.94,70.25,0.29,76.4,11.96,2
Maize,37.65,22.8,67.89,11.74,7.46,88.0,28.02,2
Chilli,31.64,27.12,61.5,97.27,6.59,29.8,16.85,2
Chilli,15.99,28.93,66.79,44.27,5.1,41.7,5.0,2
Chilli,21.67,26.19,87.61,40.29,0.55,87.0,13.63,2
Maize,46.72,23.31,53.77,52.73,2.36,112.0,37.7,1
Groundnut,38.78,27.47,76.18,56.61,2.03,107.3,33.12,1
Chilli,27.62,29.62,59.61,47.8,2.06,24.3,14.94,2
Cotton,65.13,34.41,71.34,53.77,5.38,72.7,51.9,0
Cotton,40.0,34.22,55.11,40.58,7.01,98.0,27.58,2
Chilli,74.63,24.05,47.49,38.98,5.45,36.1,61.75,0
Groundnut,31.87,20.73,39.6,12.46,3.11,80.8,26.62,2
Rice,52.69,26.08,40.6,70.46,7.75,57.0,39.12,1
Groundnut,27.89,23.14,87.77,65.55,6.9,82.9,22.3,2
Groundnut,49.67,27.92,78.37,70.19,5.48,13.5,41.39,1
Chilli,25.67,39.59,48.47,94.69,3.18,44.4,7.35,2
Cotton,26.31,23.62,64.1,52.58,5.47,43.8,18.61,2
Chilli,57.86,26.38,74.28,89.36,3.26,56.1,48.41,1
Tomato,33.47,34.5,54.39,49.95,1.24,22.6,20.27,2
Cotton,27.07,30.18,59.2,52.99,4.95,58.0,18.1,2
Tomato,80.08,20.88,74.51,66.97,5.58,69.6,73.18,0
Tomato,18.01,23.23,47.51,29.43,2.79,12.9,5.52,2
Chilli,54.56,38.7,63.95,29.56,7.43,43.1,34.33,1
Groundnut,53.38,22.06,46.55,55.88,6.83,29.5,41.85,1
Maize,32.54,32.7,35.17,16.17,4.66,116.9,13.48,2
Maize,46.69,35.85,72.96,31.3,0.48,24.3,36.47,1
Rice,21.14,25.31,73.9,81.41,0.14,79.0,19.04,2
Rice,65.49,34.5,89.76,51.74,5.12,54.2,53.71,0
Rice,30.52,23.4,44.96,12.4,6.51,41.6,23.97,2
Rice,28.54,25.7,75.68,15.47,4.0,103.9,17.93,2
Groundnut,37.04,26.24,87.14,92.76,0.19,83.0,34.37,1
Groundnut,78.17,39.93,70.45,96.1,1.16,78.2,64.6,0
Cotton,70.75,24.29,87.97,67.7,1.69,20.3,67.93,0
Rice,81.28,22.58,89.69,26.65,5.02,38.5,78.98,0
Rice,60.64,38.51,79.09,43.13,3.89,40.4,46.13,1
Tomato,61.4,23.24,89.96,37.49,0.82,57.8,60.21,0
Chilli,48.6,37.59,69.42,80.66,4.01,111.4,29.85,2
Maize,78.36,33.01,62.34,58.34,6.96,54.4,61.3,0
Maize,50.76,31.54,85.47,80.17,3.51,46.1,38.03,1
Tomato,39.85,35.03,80.7,42.45,1.2,17.8,31.71,1
Cotton,59.83,34.52,41.06,88.26,4.62,52.3,48.46,1
Tomato,53.23,22.21,51.65,48.62,7.44,15.8,40.76,1
Rice,23.68,39.99,49.34,47.56,0.93,50.2,9.82,2
Cotton,42.49,38.84,82.04,54.02,1.25,116.5,31.33,1
Groundnut,36.93,37.93,47.83,63.26,4.53,71.2,18.58,2
Rice,74.28,32.45,51.72,90.47,2.72,33.0,64.39,0
Maize,41.52,30.46,63.53,51.2,7.16,42.9,26.1,2
Cotton,72.51,30.73,39.19,93.71,5.7,72.8,55.06,0
Cotton,45.97,20.3,87.87,45.43,1.18,12.1,45.41,1
Groundnut,67.75,29.99,62.01,39.21,6.97,109.0,53.39,0
Maize,24.47,32.48,45.47,36.55,5.14,73.6,7.0,2
Maize,79.73,33.17,49.9,11.9,3.95,64.2,62.74,0
Cotton,48.64,26.64,78.89,86.42,2.05,88.8,39.22,1
Rice,33.19,29.43,69.87,17.13,5.2,32.0,22.22,2
Tomato,31.9,32.73,60.55,40.09,7.19,12.4,13.52,2
Chilli,33.56,28.57,53.24,32.54,0.31,77.7,24.42,2
Cotton,40.67,39.24,84.54,77.0,3.0,27.6,30.76,1
Rice,65.23,34.11,77.49,93.93,7.49,11.3,51.32,0
Chilli,81.47,20.03,74.5,83.5,3.06,112.2,76.08,0
Maize,61.83,20.47,59.53,38.8,0.29,96.7,56.28,0
Chilli,53.3,33.81,88.96,51.02,0.81,22.6,43.28,1
Groundnut,46.4,28.25,74.05,32.23,5.53,108.6,34.82,1
Rice,72.97,36.79,58.3,93.16,5.6,17.4,61.6,0
Groundnut,74.48,23.46,87.83,20.69,0.92,98.3,71.36,0
Maize,35.51,20.28,84.26,95.68,1.75,55.6,31.95,1
Cotton,81.74,27.76,75.7,83.23,4.51,67.0,75.45,0
Maize,42.66,34.72,77.18,74.04,5.49,83.5,29.58,2
Tomato,71.01,39.43,58.3,79.66,1.25,20.9,54.97,0
Cotton,82.68,37.67,62.9,40.54,3.65,109.9,68.35,0
Cotton,64.26,29.68,45.54,36.63,4.5,25.8,52.8,0
Rice,26.31,36.26,67.75,44.33,0.4,113.6,11.9,2
Cotton,56.03,21.41,55.35,26.35,1.79,20.1,51.76,0
Cotton,23.31,31.45,54.11,77.17,7.35,28.9,9.69,2
Maize,70.24,38.49,87.15,52.75,7.04,16.3,53.76,0
Groundnut,34.69,27.93,44.06,89.72,2.58,53.8,24.79,2
Chilli,63.67,39.2,80.65,89.05,6.94,75.0,47.51,1
Maize,78.71,24.41,50.48,24.03,5.06,78.8,68.06,0
Rice,27.67,22.11,36.58,29.69,7.85,101.1,14.93,2
Cotton,42.5,30.5,37.23,46.96,7.73,68.1,28.28,2
Tomato,60.3,38.14,58.6,20.69,4.94,66.1,43.0,1
Cotton,44.38,26.23,60.0,72.05,3.74,45.9,37.26,1
Chilli,27.24,36.0,52.61,76.38,1.14,81.6,11.27,2
Maize,17.04,23.38,71.78,74.92,4.24,109.9,8.81,2
Rice,43.46,34.91,61.69,52.32,3.19,49.1,27.88,2
Cotton,60.44,31.14,39.08,85.89,5.16,49.2,48.65,1
Rice,55.18,23.5,54.14,64.53,0.72,47.8,47.25,1
Maize,25.94,34.36,40.61,99.43,6.68,35.0,8.61,2
Groundnut,46.55,34.28,38.46,83.39,7.74,72.3,26.3,2
Groundnut,40.86,30.31,46.46,75.0,1.67,21.6,31.09,1
Groundnut,34.19,24.51,73.53,21.1,5.06,101.8,24.76,2
Groundnut,66.05,22.65,73.28,84.93,6.42,25.2,56.14,0
Chilli,36.68,39.15,82.38,37.5,4.44,29.1,19.73,2
Tomato,52.81,33.12,76.6,47.7,7.48,17.5,41.77,1
Groundnut,79.63,36.18,64.45,51.65,4.09,51.9,60.58,0
Cotton,52.75,33.94,52.19,39.82,2.16,93.3,41.3,1
Groundnut,58.19,36.59,35.32,19.76,3.77,110.1,37.8,1
Chilli,20.13,23.25,70.59,27.94,3.9,57.8,14.61,2
Rice,27.47,29.94,50.93,82.31,2.03,35.9,18.83,2
Chilli,22.07,33.34,48.76,68.7,6.3,89.8,5.0,2
Maize,68.54,22.07,88.62,94.86,4.94,85.7,64.02,0
Groundnut,73.51,23.0,44.58,83.9,2.96,85.0,64.63,0
Maize,28.05,32.68,36.78,46.2,3.37,58.8,12.33,2
Tomato,30.35,37.37,87.22,80.76,2.97,72.2,14.57,2
Rice,37.62,33.21,51.83,61.88,3.58,16.8,24.46,2
Groundnut,56.38,20.72,56.64,35.77,4.22,37.5,48.47,1
Cotton,58.53,39.41,39.45,97.76,2.65,112.0,42.77,1
Rice,63.07,22.79,57.22,93.56,6.55,14.6,50.66,0
Maize,78.36,24.65,88.47,20.1,7.43,43.2,71.75,0
Maize,35.65,39.5,73.17,85.55,4.18,34.9,23.61,2
Maize,61.11,35.42,61.06,16.99,5.69,24.3,44.5,1
Groundnut,54.18,38.73,51.91,93.59,7.44,111.7,36.15,1
Rice,36.41,36.13,55.13,66.17,1.54,23.8,23.71,2
Tomato,78.52,33.03,68.62,24.99,1.52,63.8,64.61,0
Tomato,21.68,25.69,48.99,83.55,0.58,102.3,10.38,2
Tomato,64.84,26.54,43.36,56.42,3.54,10.4,53.08,0
Groundnut,65.95,38.95,73.29,15.36,2.65,21.9,50.94,0
Groundnut,79.07,37.21,82.82,81.86,4.48,47.6,66.82,0
Rice,51.3,27.19,84.58,80.95,3.61,26.2,43.56,1
Chilli,37.51,27.47,81.28,53.39,1.52,30.1,28.17,2
Tomato,72.94,25.95,64.18,75.8,3.13,75.0,62.51,0
Tomato,68.96,26.52,78.39,13.61,0.23,28.8,61.64,0
Tomato,50.02,37.21,85.95,38.63,4.3,80.3,33.54,1
Tomato,68.75,20.21,36.28,70.59,2.17,110.7,58.61,0
Maize,33.75,28.72,57.67,30.75,0.9,35.2,21.81,2
Groundnut,56.27,38.86,46.23,50.54,0.53,33.4,44.28,1
Chilli,75.56,30.85,89.82,93.88,5.72,11.3,66.06,0
Cotton,37.26,29.01,86.13,84.41,1.98,11.6,30.51,1
Maize,48.85,26.25,79.12,60.22,5.27,53.6,39.62,1
Rice,81.57,21.48,51.27,61.9,6.52,63.8,73.46,0
Rice,70.87,24.49,87.37,89.83,4.0,30.1,65.86,0
Tomato,77.09,21.81,36.61,87.68,1.06,45.5,72.17,0
Tomato,41.97,22.53,45.34,17.95,4.92,25.4,30.81,1
Groundnut,84.76,23.27,68.93,51.9,0.57,84.9,81.52,0
Groundnut,25.68,26.04,78.62,27.18,6.54,53.2,13.51,2
Groundnut,51.31,20.22,83.6,17.49,6.09,90.8,42.55,1
Chilli,48.55,39.0,51.53,36.32,3.22,70.5,32.27,1
Chilli,70.89,22.48,56.49,64.96,2.15,51.5,62.16,0
Chilli,78.6,27.66,60.02,81.49,5.68,78.9,62.34,0
Maize,66.18,37.59,36.48,92.12,4.54,10.8,47.77,1
Cotton,58.88,22.13,82.52,48.07,1.16,85.9,57.92,0
Cotton,44.92,29.67,53.59,48.01,6.07,50.8,32.09,1
Cotton,50.72,36.9,45.96,23.79,2.67,66.5,37.2,1
Chilli,50.65,31.14,57.51,27.54,7.15,67.6,29.75,2
Rice,16.43,24.21,74.08,19.22,6.64,71.4,6.6,2
Cotton,50.21,34.71,82.9,97.83,2.21,87.3,42.62,1
Maize,74.92,33.63,46.85,21.48,2.04,22.2,59.77,0
Cotton,64.65,27.24,44.49,78.1,3.18,63.8,52.55,0
Chilli,70.7,20.93,86.91,38.6,6.44,19.1,62.98,0
Groundnut,42.33,20.16,65.3,58.34,1.05,35.8,37.41,1
Maize,52.03,36.51,55.12,88.54,2.53,30.8,38.7,1
Groundnut,17.34,26.43,45.96,94.26,5.27,75.9,5.71,2
Groundnut,41.81,22.76,89.74,31.62,0.27,76.7,39.95,1
Tomato,48.21,30.37,74.56,92.01,0.45,101.4,37.83,1
Maize,32.86,38.42,46.98,32.68,6.1,67.4,11.68,2
Chilli,17.19,20.17,40.02,82.43,4.18,91.9,5.0,2
Cotton,63.33,21.12,45.96,11.37,4.46,107.8,56.03,0
Cotton,45.46,28.34,48.63,58.17,1.99,24.7,40.22,1
Groundnut,44.1,33.52,41.11,75.32,4.25,89.3,26.08,2
Maize,32.5,29.52,47.63,85.5,4.36,46.1,17.12,2
Chilli,52.65,37.95,41.42,85.7,3.31,40.6,30.84,1
Maize,45.66,20.88,55.78,36.9,7.72,115.9,35.8,1
Groundnut,48.18,26.8,61.74,86.78,0.39,32.7,41.07,1
Tomato,55.66,27.03,60.04,39.13,3.32,110.6,44.35,1
Chilli,15.44,26.8,80.61,31.04,6.86,100.6,5.0,2
Rice,78.54,29.75,48.97,10.13,1.65,106.6,68.39,0
Groundnut,19.98,35.81,83.79,31.21,7.48,74.5,5.0,2
Maize,46.56,26.36,84.95,20.66,3.4,74.3,35.7,1
Maize,29.52,34.89,87.79,70.74,1.25,54.3,21.09,2
Chilli,51.66,22.93,44.95,23.03,0.74,54.1,43.21,1
Maize,34.62,31.21,48.52,62.68,2.62,103.6,19.88,2
Groundnut,75.2,27.5,69.31,21.38,7.36,52.7,64.08,0
Chilli,42.75,30.78,42.75,73.4,7.51,63.5,21.06,2
Chilli,59.71,22.15,39.71,35.7,4.51,119.6,47.75,1
Rice,32.42,39.07,39.05,37.78,0.95,49.0,15.82,2
Rice,16.36,38.12,68.34,67.63,3.65,100.5,5.0,2
Maize,43.29,36.53,79.26,94.51,3.34,40.5,32.36,1
Groundnut,52.55,37.86,49.24,99.24,1.85,12.8,39.26,1
Groundnut,47.17,22.93,86.34,42.15,0.61,75.3,43.2,1
Chilli,82.34,30.07,78.56,95.17,3.05,62.7,71.16,0
Chilli,64.48,26.36,39.26,65.11,2.97,96.5,45.63,1
Maize,84.7,37.75,57.4,91.58,5.63,10.5,65.98,0
Tomato,35.65,23.79,38.74,12.51,3.15,17.8,25.35,2
Rice,70.23,24.4,85.34,12.99,0.11,104.6,64.25,0
Maize,53.89,33.73,75.85,16.71,0.16,62.9,41.0,1
Tomato,57.82,21.78,72.76,82.4,5.5,65.7,50.24,0
Tomato,84.01,34.65,72.55,22.42,5.29,34.8,71.12,0
Tomato,60.78,25.36,50.69,25.89,1.28,111.9,48.43,1
Rice,77.92,33.22,86.34,62.69,6.93,110.6,66.53,0
Chilli,65.8,37.46,85.75,96.17,5.3,66.8,50.78,0
Groundnut,23.92,32.19,75.67,61.04,1.23,34.0,12.86,2
Cotton,63.96,24.25,60.79,75.93,2.3,118.1,55.2,0
Maize,48.9,20.98,37.59,26.9,7.79,108.2,39.21,1
Maize,79.32,20.89,36.56,92.28,3.26,67.4,67.72,0
Tomato,71.48,21.78,42.6,15.03,1.89,78.9,60.89,0
Rice,22.29,31.6,67.77,35.45,4.19,58.4,14.88,2
Chilli,24.37,26.96,78.9,50.84,1.64,32.7,15.93,2
Chilli,19.87,24.86,87.17,30.36,6.33,85.0,12.69,2
Rice,49.53,24.39,44.64,69.74,6.35,83.6,35.81,1
Maize,20.65,38.97,50.15,71.09,6.41,70.2,5.0,2
Tomato,65.66,22.38,37.98,29.07,4.94,99.6,54.79,0
Tomato,53.67,26.1,89.4,10.77,5.55,59.7,43.5,1
Cotton,73.51,29.43,77.95,16.69,2.57,104.7,65.56,0
Chilli,34.59,20.01,61.44,10.04,7.03,33.9,26.88,2
Chilli,51.34,38.42,66.66,91.49,1.15,115.8,32.5,1
Cotton,23.22,21.98,65.92,65.95,2.04,32.6,23.32,2
Groundnut,76.92,33.65,48.99,22.46,7.94,27.6,62.26,0
Cotton,27.25,32.58,45.2,18.33,7.68,76.4,11.97,2
Chilli,22.17,36.18,51.33,83.58,4.06,20.2,5.0,2
Groundnut,29.35,33.03,48.59,82.99,3.99,28.5,19.34,2
Maize,71.44,35.39,65.66,93.46,0.93,90.2,57.47,0
Groundnut,22.41,28.42,51.95,24.33,5.28,43.9,9.2,2
Cotton,58.01,29.77,75.09,57.0,0.25,98.0,53.18,0
Chilli,67.23,34.03,66.24,20.93,2.51,27.1,50.9,0
Groundnut,67.58,31.37,64.27,81.61,3.35,52.4,55.91,0
Chilli,28.3,30.23,87.32,47.12,7.15,52.5,15.44,2
Cotton,19.31,24.11,52.73,72.62,7.75,62.8,7.85,2
Tomato,46.42,25.16,69.94,12.73,7.79,55.1,30.85,1
Groundnut,29.17,27.17,35.0,80.01,6.39,52.5,15.19,2
Chilli,63.95,20.19,75.53,30.65,2.32,46.1,60.93,0
Cotton,39.97,28.35,62.64,85.85,0.36,11.7,32.44,1
Maize,46.45,20.06,46.46,26.73,3.4,77.8,35.87,1
Groundnut,22.94,31.3,35.08,81.11,2.38,62.1,11.67,2
Rice,54.73,34.08,73.88,22.07,5.24,51.1,43.23,1
Rice,27.99,31.24,71.45,69.71,2.97,33.3,17.65,2
Chilli,62.53,33.87,71.6,80.13,7.13,108.1,46.2,1
Cotton,19.98,20.0,59.06,44.76,2.99,36.2,15.82,2
Cotton,83.31,21.19,70.16,31.99,3.02,111.3,81.39,0
Maize,62.92,33.97,66.42,41.01,6.07,33.9,49.38,1
Chilli,27.72,36.06,48.14,36.69,4.72,116.9,5.0,2
Chilli,15.99,34.35,63.53,66.98,2.04,56.2,5.0,2
Groundnut,38.41,33.26,63.3,14.01,5.41,68.6,22.92,2
Chilli,25.7,34.15,80.3,13.73,4.5,42.9,12.39,2
Maize,30.29,34.79,58.84,35.9,0.83,113.3,15.68,2
Groundnut,76.09,34.49,58.98,34.93,3.74,41.1,60.15,0
Rice,57.22,34.76,89.14,25.94,7.35,90.3,44.85,1
Groundnut,27.35,21.48,84.2,74.51,1.69,12.3,26.76,2
Rice,53.97,21.27,48.33,12.14,3.32,71.5,46.1,1
Tomato,32.9,27.22,85.07,93.18,2.21,91.6,24.81,2
Cotton,83.33,30.55,42.59,78.17,4.3,61.8,69.65,0
Cotton,17.29,35.25,81.94,46.27,7.8,80.8,5.0,2
Groundnut,66.26,26.69,45.08,87.3,2.48,94.5,54.19,0
Cotton,69.11,25.5,58.41,65.63,6.66,65.0,60.59,0
Chilli,19.7,35.63,89.12,61.32,6.71,34.0,5.0,2
Maize,27.03,24.99,40.34,38.17,2.08,53.6,16.24,2
Rice,41.9,36.42,81.19,69.68,6.18,90.4,26.81,2
Rice,75.77,23.54,62.21,22.57,7.9,39.8,61.97,0
Tomato,52.59,27.19,41.1,57.24,7.63,79.5,38.56,1
Rice,60.87,28.02,87.39,20.45,4.85,26.3,49.06,1
Chilli,69.81,25.99,65.21,50.06,1.21,112.3,61.01,0
Cotton,72.97,20.07,83.44,65.46,0.95,76.3,70.81,0
Groundnut,48.34,24.71,82.8,24.0,2.13,61.5,42.17,1
Maize,50.62,26.75,35.8,29.99,4.81,99.3,36.21,1
Groundnut,65.26,26.27,49.57,83.19,3.09,97.7,53.0,0
Groundnut,33.43,35.71,53.53,33.01,5.59,20.7,19.05,2
Groundnut,74.81,20.95,64.42,18.6,6.3,43.8,64.33,0
Maize,16.46,27.78,38.95,39.76,1.44,60.4,5.61,2
Tomato,28.7,20.75,56.39,94.16,7.24,47.5,16.69,2
Groundnut,71.01,38.61,79.81,72.44,0.48,44.9,58.39,0
Tomato,38.82,35.8,44.53,61.79,2.12,48.7,20.86,2
Maize,25.49,39.64,73.57,85.64,6.52,25.6,7.74,2
Rice,28.07,38.2,60.32,69.42,1.47,23.1,16.14,2
Cotton,52.15,26.32,38.89,83.0,1.76,38.6,43.69,1
Chilli,74.23,33.83,44.76,69.14,7.81,17.7,56.46,0
Rice,19.95,26.13,42.76,87.78,7.3,66.1,9.05,2
Tomato,17.13,37.76,69.08,66.16,6.5,26.8,5.0,2
Chilli,47.56,28.22,39.8,33.84,1.39,17.4,37.09,1
Chilli,81.93,27.52,80.27,13.7,2.04,102.1,76.66,0
Cotton,34.53,38.28,79.37,19.48,1.88,74.6,20.64,2
Tomato,82.14,36.73,39.4,56.12,1.51,108.8,65.15,0
Groundnut,77.14,39.33,83.85,97.46,7.76,118.2,62.23,0
Maize,34.82,21.33,87.75,78.35,1.33,75.3,32.4,1
Cotton,72.19,24.87,37.39,79.79,5.97,97.6,64.82,0
Tomato,63.01,26.02,87.27,69.74,0.41,27.5,61.81,0
Rice,50.83,28.49,50.37,91.31,4.35,86.8,38.17,1
Rice,44.6,29.46,71.56,76.19,0.57,70.5,36.2,1
Maize,72.09,25.83,44.61,33.25,0.49,84.4,63.47,0
Groundnut,70.52,35.81,79.96,54.95,1.84,21.5,58.51,0
Rice,67.99,24.46,81.31,46.39,7.4,112.9,63.81,0
Maize,84.88,33.93,88.81,24.89,5.11,55.9,74.08,0
Rice,48.5,37.04,89.59,30.01,5.21,95.3,35.21,1
Groundnut,71.48,32.07,39.17,35.66,2.38,119.0,53.78,0
Cotton,75.37,27.08,71.19,25.63,5.79,106.1,66.4,0
Cotton,29.81,23.76,50.02,29.56,5.45,44.3,18.91,2
Cotton,17.94,22.69,41.91,92.48,3.69,54.2,11.58,2
Chilli,43.33,34.88,43.18,40.89,5.46,81.4,18.29,2
Cotton,74.97,29.38,86.5,84.48,6.94,69.2,68.42,0
Rice,35.24,20.93,72.6,15.8,7.68,55.1,26.62,2
Groundnut,64.0,39.68,37.78,98.36,7.97,81.9,38.61,1
Cotton,15.51,33.43,89.13,78.83,3.91,110.0,5.64,2
Cotton,39.88,36.88,79.43,91.6,0.26,44.0,30.86,1
Maize,58.09,28.76,52.0,57.33,1.83,24.1,47.67,1
Cotton,24.08,39.11,60.9,67.11,1.57,84.3,13.96,2
Maize,77.76,23.99,74.96,42.47,2.4,74.9,71.75,0
Rice,25.94,23.7,72.18,48.88,2.88,109.6,20.39,2
Groundnut,78.69,37.81,60.47,77.57,5.35,91.7,60.87,0
Tomato,30.15,37.83,63.18,14.5,4.21,53.7,12.95,2
Rice,84.6,29.98,37.38,13.29,5.2,79.7,67.69,0
Chilli,57.33,22.52,62.53,88.74,7.77,104.9,45.12,1
Tomato,20.9,26.1,53.71,19.9,0.39,48.2,10.45,2
Groundnut,19.57,35.08,50.68,74.89,0.12,11.5,10.39,2
Maize,20.24,36.92,49.83,27.96,5.32,78.9,5.0,2
Rice,56.29,26.95,70.69,42.96,4.37,12.9,49.54,1
Groundnut,71.67,21.22,58.61,36.42,3.86,113.1,63.95,0
Chilli,43.21,33.31,58.42,54.13,6.83,28.5,29.52,2
Tomato,46.14,34.79,43.76,84.4,1.27,51.2,26.99,2
Cotton,56.25,28.48,87.9,88.8,4.59,114.1,47.81,1
Chilli,52.31,31.66,47.32,29.98,7.46,18.8,32.6,1
Rice,63.16,39.75,57.34,40.39,3.57,10.5,44.0,1
Cotton,48.03,24.9,45.46,85.32,4.64,21.4,37.4,1
Maize,64.97,31.46,73.67,18.07,0.56,118.5,56.72,0
Cotton,84.81,32.22,58.99,20.52,2.79,116.9,73.54,0
Groundnut,39.52,30.98,57.75,53.16,0.33,52.3,29.16,2
Chilli,15.86,37.38,83.13,81.11,4.58,91.7,5.0,2
Cotton,23.79,32.1,76.77,40.24,4.72,91.0,13.62,2
Tomato,53.75,30.16,63.59,16.25,7.61,21.0,39.71,1
Tomato,39.1,22.46,60.77,97.11,5.11,35.9,30.43,1
Maize,80.8,34.06,87.79,94.5,0.02,107.8,71.86,0
Groundnut,58.92,22.64,87.61,68.67,6.67,28.2,51.54,0
Chilli,51.42,20.53,73.76,71.37,2.64,67.3,48.01,1
Maize,70.86,29.77,76.81,94.03,5.71,36.9,57.11,0
Cotton,33.1,31.45,84.45,67.95,2.11,71.3,25.2,2
Groundnut,72.38,39.98,88.04,80.96,6.08,31.6,59.4,0
Groundnut,15.21,34.25,39.53,51.72,7.42,33.7,5.0,2
Tomato,58.38,36.97,89.85,30.52,0.63,15.1,46.52,1
Cotton,80.43,26.93,73.67,84.93,4.35,118.9,76.39,0
Chilli,70.15,30.18,67.6,71.59,4.32,22.4,60.65,0
Maize,74.75,39.49,57.72,36.06,2.29,55.7,58.47,0
Maize,42.79,28.35,53.5,66.09,2.73,55.9,29.67,2
Rice,72.7,36.15,79.23,83.48,5.41,43.4,55.57,0
Tomato,53.56,30.52,70.99,34.33,2.34,97.3,42.69,1
Chilli,58.3,24.48,46.04,79.13,0.25,47.1,52.17,0
Groundnut,19.12,31.61,68.55,16.51,6.15,78.8,6.32,2
Groundnut,29.11,24.36,42.76,66.25,5.0,69.7,14.37,2
Tomato,53.57,20.06,62.33,99.9,2.0,105.0,47.06,1
Cotton,19.12,24.72,67.09,87.97,7.69,100.1,8.4,2
Rice,66.9,23.86,69.96,88.81,7.19,34.0,58.46,0
Cotton,73.8,27.42,42.99,71.23,7.72,92.5,64.95,0
Maize,79.43,37.77,40.26,51.51,4.1,97.2,61.54,0
Maize,22.12,27.76,49.23,70.95,1.88,111.1,11.49,2
Cotton,80.78,36.9,68.39,38.91,1.39,116.0,68.97,0
Maize,19.73,31.11,86.24,59.75,7.59,91.1,7.04,2
Cotton,48.18,20.15,77.85,58.57,7.13,59.5,40.84,1
Chilli,73.82,23.77,76.01,58.94,5.93,42.2,65.72,0
Groundnut,19.92,38.63,53.16,47.08,4.08,105.1,5.0,2
Chilli,16.28,32.08,41.14,41.75,3.08,110.7,5.0,2
Tomato,16.75,38.59,84.06,39.73,5.63,20.7,5.0,2
Cotton,50.79,26.2,62.55,30.23,0.08,71.0,40.3,1
Maize,71.81,34.33,40.53,49.47,4.19,24.2,54.57,0
Chilli,23.92,35.44,64.42,20.6,5.43,37.7,8.09,2
Rice,23.72,39.51,72.15,91.14,6.03,52.2,10.26,2
Rice,54.8,20.36,52.59,16.27,3.61,44.2,49.22,1
Chilli,31.4,39.04,35.51,85.37,5.96,88.8,6.11,2
Tomato,66.11,27.83,69.19,31.71,0.77,18.7,58.09,0
Groundnut,81.47,36.76,37.21,86.79,1.87,77.5,65.67,0
Groundnut,68.62,30.89,58.8,74.82,1.16,74.0,61.01,0
Cotton,76.4,31.29,80.36,92.89,2.72,96.6,69.52,0
Cotton,51.37,27.19,89.94,88.32,2.75,20.6,48.27,1
Chilli,73.26,36.57,55.37,73.1,2.99,46.6,56.34,0
Rice,27.8,25.28,36.11,23.65,3.73,86.7,14.38,2
Maize,19.78,29.84,62.11,59.41,3.49,88.3,5.0,2
Maize,60.92,31.2,50.2,40.58,3.92,59.5,46.34,1
Groundnut,18.64,34.85,84.1,89.72,6.02,60.8,6.65,2
Tomato,77.47,29.43,74.13,88.5,1.14,116.1,65.7,0
Maize,63.41,33.61,57.24,38.26,2.81,45.9,51.01,0
Maize,81.65,29.71,76.91,70.45,0.0,26.5,72.99,0
Rice,36.97,33.19,53.77,40.45,0.23,114.8,23.78,2
Rice,49.03,33.48,63.7,71.04,4.85,99.1,38.06,1
Maize,66.92,34.19,85.75,65.25,7.01,36.1,54.7,0
Rice,31.99,36.47,46.01,55.99,2.45,104.3,15.94,2
Rice,52.93,30.81,52.22,89.06,3.22,37.8,39.9,1
Maize,61.16,23.87,83.71,32.14,1.68,101.0,57.21,0
Tomato,83.52,33.59,60.4,81.77,1.14,79.1,71.28,0
Chilli,67.13,21.54,52.48,72.06,7.07,63.1,56.62,0
Rice,23.27,24.38,37.05,35.31,4.58,112.1,11.17,2
Tomato,48.27,35.84,58.04,47.95,5.64,99.0,26.57,2
Maize,56.21,28.7,62.53,16.21,7.06,24.3,43.33,1
Groundnut,25.26,29.96,57.35,63.78,4.71,87.6,15.07,2
Chilli,45.24,39.75,50.26,89.91,1.44,96.8,23.97,2
Groundnut,34.88,24.7,55.3,20.6,5.71,69.5,24.2,2
Maize,23.32,20.39,70.33,21.88,5.98,40.4,19.51,2
Maize,50.84,22.23,84.02,52.71,3.31,35.8,45.48,1
Maize,26.59,24.89,70.73,35.31,4.93,117.2,16.03,2
Groundnut,56.34,34.52,70.54,34.92,3.88,58.0,40.62,1
Groundnut,26.88,35.52,79.93,67.48,2.66,67.1,16.11,2
Groundnut,65.65,31.31,44.08,46.92,5.38,75.8,48.98,1
Cotton,28.67,25.1,51.56,86.02,1.98,21.1,18.87,2
Chilli,77.74,30.43,37.78,48.6,2.62,18.9,61.45,0
Chilli,16.83,20.3,54.23,65.37,3.25,31.8,10.05,2
Groundnut,51.54,33.64,89.94,45.81,4.92,17.2,37.75,1
Tomato,37.41,32.29,53.11,33.04,6.82,108.8,15.61,2
Maize,30.76,20.44,82.29,52.42,4.92,26.3,26.99,2
Groundnut,48.01,36.34,39.72,74.84,5.81,34.9,30.12,1
Maize,73.94,35.27,60.28,95.75,2.34,69.1,57.82,0
Tomato,79.07,26.16,54.33,13.8,4.7,108.6,64.88,0
Chilli,36.23,32.71,46.09,57.86,0.83,15.4,26.32,2
Tomato,25.8,32.03,55.49,67.24,3.71,33.8,13.8,2
Groundnut,65.41,22.86,70.82,17.71,5.52,88.9,56.61,0
Groundnut,55.74,23.87,61.97,84.63,1.44,67.1,50.55,0
Tomato,29.07,33.66,81.44,34.84,7.22,75.4,13.0,2
Chilli,68.22,38.67,84.77,88.74,3.34,11.9,50.08,0
Groundnut,51.33,31.53,61.5,59.73,5.37,105.3,33.21,1
Cotton,60.74,31.36,88.99,23.69,3.76,73.7,50.64,0
Tomato,40.15,32.93,38.96,76.53,5.86,101.8,16.92,2
Chilli,45.74,28.81,50.2,24.15,4.67,116.0,30.53,1
Chilli,27.62,21.08,57.92,74.83,0.98,90.5,19.7,2
Chilli,67.96,27.93,67.05,82.74,7.4,13.4,55.6,0
Rice,25.99,38.01,65.03,61.8,5.28,88.3,10.89,2
Tomato,69.48,36.1,66.24,34.4,3.78,72.0,54.13,0
Groundnut,70.86,38.55,84.29,49.36,5.41,21.4,54.85,0
Tomato,67.26,23.06,50.27,57.52,2.09,39.7,59.7,0
Tomato,16.36,30.12,79.93,69.92,6.15,28.6,5.0,2
Tomato,34.12,31.69,65.69,67.05,3.29,111.7,20.91,2
Tomato,47.78,24.2,61.98,46.04,6.44,97.5,37.61,1
Rice,56.69,24.02,51.47,78.23,2.19,87.1,49.82,1
Maize,79.35,35.64,51.72,79.43,6.32,94.0,60.36,0
Groundnut,41.29,33.44,56.37,72.67,7.25,76.1,26.03,2
Rice,76.25,32.94,76.99,34.49,7.85,104.1,58.88,0
Tomato,26.44,25.34,61.22,52.25,6.21,35.1,11.08,2
Rice,40.99,30.14,43.46,48.95,5.63,37.6,28.58,2
Chilli,18.66,20.46,76.79,83.51,4.16,75.1,14.8,2
Tomato,66.97,22.6,71.49,82.74,0.85,99.1,58.18,0
Cotton,25.55,30.37,87.21,87.95,4.48,101.9,16.73,2
Chilli,32.99,26.19,64.12,30.81,4.51,117.4,21.33,2
Cotton,69.27,39.31,70.99,77.36,0.52,93.9,56.31,0
Chilli,52.43,29.43,61.36,88.34,5.53,35.6,37.97,1
Maize,15.98,21.67,72.44,24.98,1.19,35.4,13.09,2
Groundnut,15.16,20.36,58.99,13.59,4.77,59.0,8.04,2
Maize,50.75,34.51,42.58,19.5,3.78,81.5,34.07,1
Groundnut,36.35,23.43,89.27,64.56,7.0,66.4,26.7,2
Groundnut,27.62,23.76,74.62,47.95,1.86,17.4,22.66,2
Chilli,57.95,28.48,68.47,27.55,1.37,63.0,47.33,1
Cotton,30.99,25.28,61.48,57.55,4.41,99.9,21.71,2
Tomato,56.45,32.33,74.13,80.7,3.68,36.4,42.64,1
Cotton,41.55,29.71,41.97,87.02,1.29,79.9,31.46,1
Cotton,28.07,22.23,52.94,77.65,4.91,39.7,19.09,2
Groundnut,24.67,35.69,41.86,89.7,7.25,71.1,5.84,2
Tomato,31.58,28.52,41.93,64.38,5.92,87.1,14.04,2
Cotton,17.09,32.22,36.17,85.34,1.68,32.8,5.0,2
Maize,36.57,20.08,76.57,47.55,1.91,91.4,28.22,2
Tomato,78.14,32.53,47.5,86.72,4.46,84.4,62.6,0
Tomato,73.2,25.66,80.76,90.62,5.42,44.4,65.21,0
Chilli,41.04,29.89,84.74,71.78,7.83,108.4,24.56,2
Tomato,55.31,25.95,44.27,48.79,0.84,95.9,45.39,1
Rice,54.72,39.93,73.99,35.35,4.37,67.3,37.49,1
Maize,73.01,24.62,60.32,39.27,7.9,19.1,61.08,0
Chilli,31.54,38.26,85.54,21.91,0.89,58.5,17.08,2
Tomato,35.75,38.36,61.64,14.24,7.78,46.3,14.07,2
Groundnut,36.12,28.42,55.84,47.3,3.7,38.9,26.67,2
Cotton,17.86,26.08,51.2,13.84,5.74,80.8,6.85,2
Chilli,37.03,27.62,84.7,89.25,3.4,111.4,26.19,2
Groundnut,76.45,39.79,47.44,68.5,6.73,26.1,58.68,0
Maize,78.84,32.38,80.52,85.93,7.27,91.6,64.39,0
Rice,22.67,30.9,45.68,50.0,1.33,78.4,9.95,2
Rice,47.06,20.72,70.39,30.16,5.98,83.4,40.25,1
Groundnut,41.69,36.96,59.81,36.13,0.17,103.0,29.98,2
Groundnut,49.26,21.68,40.75,86.93,2.21,51.3,43.46,1
Cotton,53.83,20.94,41.93,20.97,4.42,73.8,43.35,1
Rice,16.42,25.5,50.48,72.84,4.83,40.5,5.0,2
Tomato,73.96,29.52,77.17,30.31,2.92,41.3,65.74,0
Rice,83.16,37.91,75.09,41.79,2.16,66.5,69.91,0
Rice,60.74,35.8,46.28,10.27,1.37,10.8,43.61,1
Tomato,61.23,23.95,61.19,53.12,1.92,37.3,52.02,0
Chilli,51.96,27.44,40.33,21.55,1.04,26.7,39.84,1
Rice,38.4,35.6,74.38,87.37,2.09,23.2,27.0,2
Groundnut,25.43,30.54,78.63,18.8,6.57,52.3,15.1,2
Maize,55.88,23.49,84.14,32.53,2.3,21.5,49.58,1
Tomato,18.15,27.92,83.72,11.33,7.26,27.0,8.46,2
Chilli,72.72,32.52,53.58,99.36,1.96,83.6,58.47,0
Cotton,44.46,39.46,49.0,67.73,3.94,81.6,26.62,2
Tomato,44.03,33.24,84.31,67.92,1.34,114.0,31.33,1
Rice,37.9,20.32,43.03,56.7,0.14,111.2,32.51,1
Rice,82.85,34.1,38.26,88.12,5.0,106.1,66.32,0
Groundnut,27.24,25.02,52.28,22.98,2.7,86.0,18.46,2
Rice,25.59,37.24,76.82,81.36,2.76,39.3,12.34,2
Chilli,26.59,27.68,73.18,82.64,3.26,29.6,18.15,2
Maize,61.1,23.99,89.29,13.25,6.22,114.4,51.49,0
Cotton,84.43,29.36,54.77,21.94,3.2,115.6,79.03,0
Rice,31.48,25.1,50.17,59.24,0.69,65.5,21.21,2
Groundnut,78.39,24.72,55.8,18.12,2.23,70.3,75.35,0
Cotton,34.5,31.47,78.02,35.41,4.61,10.6,23.93,2
Maize,60.35,35.35,46.79,46.33,7.95,26.3,44.14,1
Tomato,17.83,36.7,87.13,24.15,1.15,70.1,6.76,2
Groundnut,49.7,27.95,63.19,73.37,2.59,30.0,38.98,1
Tomato,60.82,21.34,78.07,54.56,3.88,62.7,55.64,0
Maize,52.54,29.68,80.5,67.58,7.56,97.4,38.14,1
Maize,31.65,28.68,61.33,52.69,0.87,98.1,22.09,2
Tomato,72.99,23.94,75.78,47.12,6.35,104.8,62.26,0
Maize,82.91,37.92,55.06,54.32,5.78,35.9,64.19,0
Rice,47.14,39.48,79.6,90.96,2.45,57.5,33.21,1
Rice,59.51,21.03,80.31,45.64,6.19,79.0,53.58,0
Tomato,70.33,35.91,66.14,67.8,4.6,73.9,51.21,0
Rice,31.9,32.91,47.0,85.06,1.37,119.9,16.98,2
Maize,75.51,25.23,88.36,65.9,2.29,40.4,72.07,0
Groundnut,34.61,32.7,87.08,30.35,2.63,17.8,26.57,2
Rice,69.31,22.57,69.09,20.98,2.58,52.7,61.05,0
Rice,22.85,21.39,89.11,63.18,5.97,67.0,15.2,2
Rice,35.19,39.87,62.65,75.47,5.28,52.6,14.43,2
Chilli,52.35,32.73,55.65,79.19,6.56,45.1,36.76,1
Tomato,51.74,25.06,60.33,72.44,4.09,38.3,42.91,1
Maize,74.53,29.0,37.52,10.31,2.8,57.0,59.15,0
Rice,84.73,39.0,65.2,79.65,0.54,85.8,72.59,0
Tomato,22.5,28.77,71.64,64.42,6.36,26.4,13.78,2
Maize,34.0,38.01,41.02,98.94,0.6,105.2,13.69,2
Maize,40.03,37.38,49.06,78.81,2.41,80.5,21.95,2
Chilli,48.52,26.88,74.67,48.72,5.35,21.8,35.06,1
Cotton,49.57,33.92,78.65,70.85,6.11,12.6,40.89,1
Maize,74.93,33.21,89.22,65.43,0.55,15.6,66.8,0
Groundnut,68.94,35.42,48.93,40.37,4.86,19.9,52.67,0
Chilli,16.32,27.32,81.28,58.02,1.1,80.8,8.88,2
Tomato,46.85,21.04,44.47,28.39,6.06,113.5,33.05,1
Tomato,58.27,23.42,42.2,17.9,5.84,24.7,45.21,1
Tomato,47.23,32.33,75.11,75.97,5.98,41.3,33.27,1
Chilli,24.15,35.5,59.52,44.57,0.51,105.2,7.6,2
Tomato,42.82,35.12,78.67,78.01,4.48,65.6,26.71,2
Groundnut,43.82,31.67,50.54,53.95,1.93,57.0,31.39,1
Maize,28.14,21.7,46.73,82.88,3.97,62.1,19.15,2
Groundnut,67.94,20.35,65.18,76.56,7.92,21.1,61.04,0
Cotton,37.5,35.64,41.34,78.77,0.72,34.2,27.02,2
Maize,56.23,30.99,50.33,48.64,4.75,115.8,37.68,1
Tomato,51.1,35.65,44.14,96.51,1.32,80.8,36.72,1
Cotton,76.42,23.26,52.6,46.47,4.08,41.5,69.24,0
Tomato,23.54,28.15,77.1,81.38,4.17,114.2,10.92,2
Tomato,23.0,38.38,41.64,54.06,3.65,53.7,5.0,2
Groundnut,36.02,23.43,68.65,31.16,5.12,25.5,32.39,1
Maize,45.19,21.23,67.16,66.6,7.79,116.2,39.27,1
Rice,35.9,33.07,64.6,52.22,6.44,83.3,25.41,2
Maize,68.42,31.89,61.63,33.77,7.67,92.8,52.17,0
Maize,32.17,39.04,71.51,44.43,1.52,12.5,19.33,2
Groundnut,20.93,38.13,81.85,24.39,7.95,41.1,7.7,2
Cotton,43.97,34.99,43.91,98.83,2.44,114.0,30.09,1
Tomato,69.14,20.38,79.78,67.89,0.27,27.1,68.17,0
Rice,74.54,29.61,38.38,25.62,3.49,106.1,61.57,0
Chilli,66.33,37.92,61.52,78.81,1.97,94.8,52.7,0
Rice,54.05,28.67,63.13,64.17,6.1,51.6,45.53,1
Tomato,65.69,39.24,45.87,75.03,0.7,107.5,46.13,1
Rice,62.7,33.05,39.93,62.6,4.38,111.5,50.1,0
Rice,31.41,22.19,39.12,15.44,2.32,105.4,22.47,2
Groundnut,53.55,30.19,37.05,28.29,1.65,54.8,40.06,1
Rice,68.94,33.91,66.55,79.19,7.01,74.6,53.71,0
Rice,37.2,21.31,43.55,77.89,4.12,43.7,29.37,2
Groundnut,60.78,26.89,79.48,77.85,2.6,24.3,52.51,0
Tomato,48.7,34.34,84.44,11.37,5.97,109.2,31.49,1
Cotton,50.22,23.14,51.08,82.46,6.83,117.9,37.21,1
Rice,21.3,26.97,44.05,49.52,3.54,16.4,9.64,2
Rice,61.64,33.8,57.53,72.43,1.46,85.7,49.98,1
Rice,75.6,35.51,83.49,34.49,7.95,114.4,62.44,0
Cotton,24.9,30.37,56.99,79.26,2.87,76.9,16.77,2
Chilli,40.63,39.14,40.96,98.41,1.64,15.2,23.02,2
Maize,18.41,38.51,89.16,32.82,0.83,11.6,5.0,2
Tomato,17.07,29.47,62.48,80.58,0.99,65.5,5.0,2
Rice,84.28,23.21,53.83,64.45,7.54,113.4,72.34,0
Chilli,49.54,35.46,84.15,34.58,7.57,40.7,34.86,1
Tomato,39.89,24.86,86.01,36.49,4.06,48.5,31.3,1
Chilli,34.24,36.86,62.32,75.85,5.54,97.6,12.26,2
Cotton,83.6,31.74,51.87,35.59,6.66,98.2,73.06,0
Groundnut,32.66,27.88,61.54,14.3,4.46,113.8,19.33,2
Maize,65.8,31.13,47.06,88.66,5.34,102.3,47.45,1
Rice,34.86,30.66,61.3,63.01,7.74,75.3,21.32,2
Tomato,19.93,38.49,47.62,78.26,1.38,113.3,5.0,2
Groundnut,62.83,24.29,69.22,64.29,1.11,77.6,55.5,0
Chilli,15.11,38.56,76.79,56.48,6.02,76.2,5.0,2
Chilli,62.3,20.63,88.32,79.3,5.63,11.7,55.41,0
Maize,32.53,35.38,81.34,12.89,1.49,60.1,20.03,2
Rice,67.23,38.39,39.74,38.07,2.42,14.7,51.83,0
Groundnut,68.88,27.88,46.63,66.47,5.48,108.9,50.95,0
Cotton,65.69,21.46,64.24,94.96,3.95,11.2,62.58,0
Groundnut,16.71,36.09,49.17,45.43,7.15,43.8,5.0,2
Groundnut,64.26,36.86,35.79,97.78,6.7,119.5,41.8,1
Tomato,84.31,26.73,76.51,77.98,3.9,97.5,75.72,0
Tomato,31.98,30.37,54.68,53.64,5.33,93.3,16.91,2
Tomato,34.2,36.19,38.64,48.62,5.15,88.4,13.13,2
Groundnut,71.95,23.84,62.99,21.65,0.74,15.6,63.27,0
Chilli,26.23,32.58,88.75,65.37,3.4,41.7,13.84,2
Maize,61.24,28.61,72.32,14.71,3.52,97.8,49.98,1
Groundnut,67.85,23.49,43.73,48.62,7.18,108.5,54.61,0
Chilli,17.6,36.63,63.29,31.39,7.08,48.5,5.0,2
Groundnut,53.76,26.49,84.59,96.07,0.46,38.5,52.9,0
Groundnut,55.31,38.69,37.98,42.69,6.76,35.9,36.75,1
Rice,36.24,31.38,70.08,54.03,4.89,70.3,23.49,2
Maize,76.34,30.29,74.67,43.79,0.13,42.1,70.75,0
Cotton,26.39,28.47,73.72,22.35,3.05,12.3,18.36,2
Cotton,40.49,28.01,43.26,41.73,7.1,53.0,23.23,2
Rice,74.41,36.36,84.9,80.11,2.87,70.9,60.36,0
Tomato,28.34,33.55,52.72,65.91,5.41,79.8,5.49,2
Chilli,72.5,35.47,37.85,49.37,4.53,47.7,52.21,0
Cotton,20.53,28.42,39.58,83.85,4.72,44.5,9.16,2
Rice,49.25,25.23,60.17,10.37,3.85,41.2,37.71,1
Chilli,20.27,21.74,37.2,84.39,3.86,78.6,7.12,2
Tomato,62.45,35.53,77.88,15.36,7.22,41.2,42.51,1
Tomato,70.34,28.31,82.62,88.32,3.31,110.9,59.37,0
Chilli,74.49,30.18,35.74,95.28,1.53,41.0,58.68,0
Maize,83.69,29.39,79.55,83.73,3.36,97.0,75.31,0
Chilli,62.04,28.62,88.97,11.76,5.86,45.2,51.65,0
Tomato,68.83,33.68,36.67,57.36,3.8,79.8,53.33,0
Cotton,50.4,32.17,74.87,84.59,5.86,86.9,38.34,1
Rice,78.89,39.44,89.95,59.05,1.92,29.2,71.91,0
Groundnut,60.06,22.78,78.84,42.39,4.66,51.8,53.57,0
Rice,76.85,31.47,62.79,52.36,6.91,24.0,62.97,0
Cotton,31.48,21.26,83.67,17.26,4.23,66.2,31.89,1
Maize,49.77,36.16,73.94,54.67,5.09,110.0,29.95,2
Maize,66.09,32.33,51.08,12.51,5.43,75.6,49.1,1
Rice,29.19,28.57,47.34,67.97,5.92,87.2,12.57,2
Cotton,29.79,36.04,63.19,45.14,2.8,41.1,14.77,2
Rice,83.46,29.1,55.51,27.22,5.01,61.5,67.54,0
Chilli,45.42,24.56,53.12,11.56,3.33,91.5,35.38,1
Cotton,27.73,29.45,44.79,92.99,3.13,24.4,15.23,2
Groundnut,38.2,21.42,81.49,60.07,3.8,23.4,33.27,1
Cotton,42.82,37.96,73.78,68.23,3.26,34.7,33.1,1
Tomato,58.62,34.62,53.22,80.14,0.21,36.0,45.81,1
Cotton,79.61,35.21,48.07,66.39,5.94,115.9,65.3,0
Cotton,84.06,37.49,42.05,47.18,4.67,27.4,71.98,0
Tomato,60.62,35.83,41.19,66.48,1.1,21.6,47.68,1
Rice,63.99,28.64,69.4,32.73,2.09,25.1,53.68,0
Groundnut,37.53,22.37,40.98,60.52,4.89,32.3,28.83,2
Rice,75.0,27.47,87.81,28.5,4.14,50.6,67.13,0
Chilli,30.25,38.68,50.35,92.57,5.79,31.7,9.25,2
Tomato,22.45,38.98,36.42,55.86,3.91,19.7,5.0,2
Rice,83.13,35.36,82.04,31.05,6.76,25.0,69.13,0
Cotton,75.49,24.09,55.22,67.57,0.62,96.9,68.25,0
Rice,36.26,23.89,53.86,18.13,4.91,67.2,29.73,2
Cotton,62.26,37.6,41.52,49.06,2.97,92.0,45.27,1
Cotton,47.69,22.84,71.32,87.94,2.45,29.4,38.41,1
Rice,37.62,31.68,54.73,79.11,7.55,43.6,23.2,2
Tomato,35.07,27.57,80.26,73.31,6.91,118.1,19.1,2
Cotton,24.52,26.04,69.68,52.35,1.47,19.4,18.91,2
Chilli,53.45,33.55,83.4,50.22,0.46,58.3,44.33,1
Rice,46.26,39.19,69.24,11.02,6.94,42.5,29.65,2
Groundnut,50.85,35.55,77.86,64.0,1.35,10.8,39.7,1
Tomato,30.08,29.72,73.31,61.93,7.43,70.8,14.88,2
Rice,80.7,28.81,60.44,10.48,2.22,70.5,72.8,0
Groundnut,59.7,38.15,72.88,22.33,3.29,45.3,43.33,1
Rice,77.97,31.56,71.5,11.12,0.36,61.9,70.79,0
Chilli,22.65,29.93,35.37,32.79,4.3,53.1,5.0,2
Groundnut,58.6,33.66,73.43,10.35,1.51,61.1,49.02,1
Chilli,74.46,24.74,49.42,47.56,3.45,103.3,59.22,0
Chilli,38.16,21.27,64.8,52.88,7.36,88.5,28.2,2
Maize,28.66,37.1,41.12,49.34,2.02,40.8,12.03,2
Rice,33.55,32.15,36.27,27.95,5.08,36.3,19.13,2
Chilli,34.11,23.3,35.83,57.12,1.62,89.8,24.96,2
Groundnut,46.3,25.96,43.7,83.27,4.88,34.7,33.34,1
Rice,37.82,39.8,36.09,36.21,2.31,109.8,19.77,2
Groundnut,33.99,32.69,42.28,38.13,5.45,101.6,17.97,2
Maize,60.4,32.72,65.75,58.85,6.16,37.8,45.41,1
Chilli,18.71,21.44,57.02,31.04,7.05,98.2,8.17,2
Rice,38.83,39.38,88.94,40.4,7.35,31.0,24.7,2
Chilli,63.28,37.86,79.48,50.72,1.93,12.7,48.51,1
Tomato,27.31,30.96,43.07,44.77,1.03,115.7,14.81,2
Tomato,30.46,26.19,57.92,83.64,0.39,93.7,22.07,2
Cotton,29.05,33.96,58.7,86.41,5.76,63.8,14.55,2
Rice,15.06,36.67,54.92,46.26,1.5,102.8,5.0,2
Maize,48.16,35.72,62.26,50.3,6.4,18.3,31.56,1
Chilli,17.73,39.54,71.84,96.12,7.72,91.4,5.0,2
Rice,34.11,32.74,70.25,55.28,1.18,115.2,18.87,2
Tomato,84.64,26.42,54.64,99.37,2.27,100.0,71.42,0
Maize,79.29,29.96,73.78,78.65,4.19,57.5,67.05,0
Chilli,30.06,36.33,50.92,33.78,3.44,48.1,9.4,2
Groundnut,36.7,25.31,80.95,30.62,3.41,108.2,26.8,2
Groundnut,47.46,24.63,88.04,24.32,1.74,42.1,43.27,1
Tomato,74.11,34.5,51.21,82.55,7.11,113.1,52.24,0
Rice,71.19,28.89,78.16,37.62,5.45,45.2,60.74,0
Rice,23.84,36.33,79.74,70.82,1.23,23.8,10.96,2
Chilli,23.71,22.87,61.99,58.61,0.04,35.9,17.76,2
Rice,44.17,26.71,39.83,84.34,6.1,67.1,28.36,2
Tomato,75.91,25.36,78.24,77.57,0.13,24.4,73.76,0
Groundnut,76.75,33.96,57.41,15.74,7.04,51.8,64.27,0
Groundnut,22.52,35.19,46.44,40.46,4.24,109.6,5.0,2
Groundnut,55.2,29.12,69.47,56.81,7.44,20.3,41.0,1
Tomato,25.9,29.56,59.03,82.33,6.17,77.6,12.06,2
Chilli,63.03,22.64,39.82,74.26,7.15,54.4,50.5,0
Chilli,79.15,34.04,89.1,59.45,5.95,81.2,68.05,0
Tomato,46.83,39.85,48.46,82.75,4.61,63.9,29.69,2
Chilli,20.82,35.56,63.1,49.14,1.38,106.4,5.0,2
Chilli,55.55,24.46,71.7,15.01,5.82,54.3,47.59,1
Maize,43.6,32.46,41.33,88.35,4.74,65.9,26.89,2
Cotton,71.76,25.9,75.67,57.39,3.64,24.3,66.77,0
Cotton,38.82,20.6,70.66,82.76,4.47,63.9,35.12,1
Chilli,76.24,23.6,62.16,45.29,1.86,22.6,70.66,0
Cotton,34.16,22.05,64.06,62.97,3.24,74.1,30.26,1
Cotton,26.03,23.92,87.51,39.8,0.99,57.0,21.59,2
Chilli,36.45,35.91,85.1,46.86,3.28,96.2,19.85,2
Tomato,17.44,25.86,41.16,23.27,3.74,56.0,6.9,2
Cotton,34.69,35.14,55.28,76.74,6.86,79.4,18.47,2
Cotton,61.21,38.98,63.42,35.23,4.22,16.5,51.91,0
Groundnut,24.96,31.49,85.6,37.16,7.27,88.1,10.6,2
Rice,22.8,29.71,79.91,41.88,7.74,115.3,9.46,2
Maize,24.27,35.0,56.26,48.89,0.39,59.3,10.9,2
Groundnut,20.43,21.94,83.74,61.85,4.78,11.1,12.44,2
Chilli,76.22,28.56,55.8,71.45,2.39,76.4,60.79,0
Groundnut,81.09,29.98,49.92,70.81,6.81,26.0,68.96,0
Rice,18.26,36.62,68.54,48.13,3.95,61.5,5.0,2
Rice,68.21,36.28,54.57,53.37,0.62,13.6,61.45,0
Cotton,66.6,36.97,69.23,22.63,1.72,58.7,55.46,0
Maize,84.78,33.96,57.53,56.94,5.39,106.2,66.0,0
Chilli,39.35,30.61,78.77,88.94,0.64,24.9,31.61,1
Maize,34.99,36.56,87.49,51.44,3.03,64.8,17.38,2
Maize,46.72,37.47,49.87,94.42,6.97,37.9,26.89,2
Groundnut,74.96,29.61,63.05,24.02,0.23,38.7,66.17,0
Rice,66.0,39.71,74.84,76.32,5.57,80.8,47.47,1
Cotton,48.01,37.5,43.72,73.72,5.4,92.3,30.93,1
Groundnut,32.12,30.21,78.77,71.34,2.57,106.1,25.14,2
Chilli,65.89,21.39,67.06,69.66,0.9,40.6,61.42,0
Maize,74.82,24.49,43.24,12.01,0.82,17.8,67.64,0
Rice,43.0,35.53,82.75,76.79,7.75,58.7,27.23,2
Cotton,61.8,22.22,58.47,54.97,5.42,74.3,51.51,0
Maize,43.01,29.4,44.71,57.18,3.01,91.4,29.0,2
Rice,48.49,32.1,45.75,14.58,6.67,93.2,27.82,2
Maize,51.74,37.57,78.2,26.95,0.83,105.0,36.13,1
Groundnut,69.3,36.94,86.46,91.99,1.02,13.4,56.77,0
Tomato,83.43,35.29,55.8,38.4,1.58,117.9,62.64,0
Tomato,46.11,28.15,39.34,45.45,6.11,116.3,29.74,2
Cotton,38.96,22.84,40.55,27.03,3.27,13.9,31.52,1
Tomato,41.15,33.39,71.0,66.9,5.14,44.5,24.89,2
Groundnut,24.37,23.63,55.39,76.66,1.86,94.2,17.6,2
Groundnut,35.79,31.23,58.44,92.91,6.22,62.6,18.4,2
Groundnut,21.05,39.61,53.54,60.59,6.41,10.5,5.0,2
Groundnut,44.95,31.01,60.6,34.81,3.31,49.0,35.61,1
Tomato,26.72,32.91,70.4,16.39,1.67,73.7,18.51,2
Tomato,39.25,33.55,64.76,33.95,5.04,106.8,23.52,2
Maize,70.55,36.61,44.03,65.65,2.05,101.2,54.4,0
Maize,32.21,28.7,62.02,97.67,1.19,114.1,20.46,2
Groundnut,57.83,29.95,60.33,17.13,4.93,61.5,44.35,1
Cotton,78.08,23.52,65.02,44.95,4.1,97.8,71.21,0
Chilli,54.69,32.29,41.09,70.05,6.27,21.1,39.43,1
Groundnut,28.57,25.92,43.44,61.71,2.34,67.0,19.17,2
Chilli,39.13,30.15,64.16,68.65,1.8,110.8,28.35,2
Maize,56.33,35.33,50.15,51.69,5.12,102.3,36.54,1
Maize,50.46,20.35,69.6,34.03,5.61,82.1,43.99,1
Chilli,25.4,31.28,55.5,53.45,3.31,26.4,10.43,2
Rice,46.28,23.47,47.14,44.34,3.54,30.0,38.3,1
Cotton,53.01,25.59,71.1,73.84,0.99,84.7,48.45,1
Chilli,33.71,20.69,56.66,25.45,3.76,45.8,24.77,2
Cotton,57.87,23.39,43.67,54.65,7.69,46.2,45.67,1
Chilli,19.91,39.73,79.48,96.32,0.91,103.2,5.0,2
Cotton,38.56,39.97,58.75,57.86,4.54,12.3,24.35,2
Groundnut,71.3,34.4,85.33,31.35,0.15,53.2,62.59,0
Chilli,33.15,32.24,45.64,94.23,2.6,36.2,19.49,2
Maize,57.36,35.54,83.2,31.97,6.09,13.0,46.33,1
Rice,43.7,37.93,79.88,77.61,4.54,33.8,31.86,1
Cotton,37.15,30.39,40.72,19.86,0.65,30.3,28.94,2
Groundnut,79.13,20.71,64.24,86.69,3.61,65.5,71.76,0
Cotton,39.03,34.19,70.95,26.25,0.63,57.9,29.37,2
Groundnut,31.57,39.69,62.25,45.48,2.99,61.9,16.48,2
Groundnut,78.65,25.16,56.46,96.91,6.15,106.6,66.02,0
Cotton,67.22,29.27,86.91,62.15,2.07,64.4,61.68,0
Chilli,62.73,27.23,73.55,33.76,3.63,80.3,50.46,0
Rice,18.47,27.81,88.12,10.06,4.0,81.2,14.4,2
Rice,24.18,34.43,81.54,10.61,6.83,66.9,11.25,2
Tomato,59.68,27.57,79.94,34.71,0.97,43.5,52.66,0
Maize,29.66,38.82,74.91,57.42,4.4,109.3,11.66,2
Cotton,30.79,35.79,70.53,53.64,0.25,58.2,25.13,2
Maize,69.54,20.55,83.78,92.97,0.75,72.8,64.23,0
Rice,35.01,36.37,68.74,78.77,1.77,71.5,21.28,2
Tomato,20.01,35.46,39.14,93.23,5.76,101.0,5.0,2
Groundnut,17.55,30.33,67.04,56.06,0.33,68.8,9.02,2
Groundnut,46.02,29.94,40.66,50.2,7.56,60.3,28.91,2
Maize,58.2,36.71,87.21,60.95,3.42,60.6,44.13,1
Cotton,75.82,28.5,70.57,43.49,6.71,95.8,64.74,0
Cotton,22.76,23.19,65.56,28.97,1.78,46.3,17.95,2
Groundnut,28.77,26.26,45.88,85.3,2.7,112.8,20.57,2
Groundnut,52.09,25.3,63.37,71.25,5.82,103.1,42.26,1
Chilli,40.49,33.62,53.84,39.31,3.03,25.2,27.54,2
Maize,48.78,23.58,72.15,50.17,4.06,44.9,40.52,1
Chilli,79.69,32.9,68.24,30.29,6.47,109.6,63.24,0
Tomato,53.14,29.32,62.46,60.66,5.21,40.6,36.57,1
Maize,44.06,36.79,48.9,42.25,6.69,44.9,25.6,2
Chilli,84.26,29.7,63.92,88.8,0.69,33.9,74.59,0
Chilli,19.57,38.6,60.39,57.55,4.86,16.0,5.0,2
Chilli,80.25,38.01,81.82,47.06,4.81,62.6,66.6,0
Maize,50.12,23.71,84.19,77.47,4.86,93.0,41.82,1
Maize,50.26,33.72,76.76,91.46,4.71,82.6,34.91,1
Rice,79.54,24.29,52.58,83.57,5.79,13.0,68.67,0
Chilli,50.51,36.47,37.09,54.54,6.75,67.6,27.57,2
Chilli,45.69,32.71,85.89,42.08,1.84,46.3,37.82,1
Groundnut,34.07,25.88,89.56,69.59,0.84,80.6,29.8,2
Chilli,61.12,24.98,41.99,83.52,0.59,54.6,52.31,0
Maize,54.88,28.59,72.71,98.08,1.27,117.9,46.9,1
Rice,30.0,36.01,58.38,51.15,5.25,101.1,12.21,2
Tomato,64.66,35.92,43.17,70.14,3.33,87.0,44.09,1
Maize,60.09,20.67,89.9,36.38,2.8,66.7,57.56,0
Maize,42.81,26.05,86.33,17.87,7.28,75.0,31.07,1
Maize,15.31,28.46,89.04,32.78,7.2,58.6,5.0,2
Maize,46.26,31.71,42.91,11.3,4.31,97.4,28.08,2
Cotton,15.42,22.99,62.06,55.85,3.67,109.9,10.25,2
Rice,20.25,26.71,84.27,43.58,2.16,119.9,12.24,2
Tomato,45.14,37.71,72.13,71.04,3.68,75.9,28.52,2
Rice,20.73,29.53,58.9,65.38,3.29,85.0,7.64,2
Tomato,34.3,34.88,63.42,25.11,0.06,54.0,22.01,2
Cotton,60.88,29.7,37.12,70.64,6.07,10.9,48.36,1
Rice,36.6,29.3,68.63,26.87,3.51,87.4,27.28,2
Maize,84.84,32.44,82.28,10.54,1.78,112.7,72.86,0
Rice,79.14,25.19,35.15,97.32,5.33,104.6,67.5,0
Groundnut,55.97,25.0,43.8,12.43,3.58,106.6,43.61,1
Cotton,82.69,39.79,63.49,40.76,2.51,54.2,69.51,0
Tomato,75.76,37.38,65.85,67.38,1.85,88.5,58.79,0
Tomato,37.32,34.76,53.88,43.33,0.47,80.2,22.46,2
Rice,67.47,22.74,36.54,44.31,4.02,69.5,58.16,0
Maize,24.58,20.6,75.9,75.05,3.0,26.7,19.31,2
Cotton,62.92,23.51,48.36,64.19,0.32,73.3,56.53,0
Chilli,49.38,38.75,70.45,56.65,6.5,42.8,30.41,1
Groundnut,16.18,36.33,65.75,89.77,6.47,87.4,5.0,2
Maize,34.2,30.46,58.7,19.73,3.92,113.9,20.24,2
Tomato,81.88,39.38,67.47,52.28,6.71,90.0,58.86,0
Maize,37.11,22.93,73.23,31.52,3.85,38.5,30.63,1
Tomato,27.7,31.18,66.47,13.31,1.35,61.2,17.41,2
Groundnut,28.13,23.66,65.66,98.11,4.14,72.1,17.21,2
Tomato,48.54,26.13,58.98,76.06,2.5,89.9,34.99,1
Maize,73.99,38.8,58.65,29.46,3.62,26.3,56.23,0
Chilli,68.06,37.37,62.0,46.22,7.77,67.8,46.73,1
Rice,45.58,22.04,59.86,30.34,2.84,104.6,33.88,1
Maize,29.61,24.99,59.15,71.64,1.73,13.0,23.56,2
Maize,18.22,31.89,46.57,41.54,1.03,90.0,5.0,2
Tomato,47.38,21.23,74.87,92.79,7.07,106.8,32.59,1
Rice,72.03,31.0,42.31,28.68,0.12,97.5,58.33,0
Rice,66.08,31.69,84.98,41.48,7.26,112.5,52.73,0
Rice,43.6,25.82,69.37,93.86,0.49,96.1,33.37,1
Maize,56.63,25.86,37.69,89.62,6.02,67.0,44.66,1
Rice,45.54,24.58,71.24,36.39,2.35,62.5,39.44,1
Groundnut,55.53,38.71,54.88,53.48,2.0,13.5,42.28,1
Tomato,51.23,27.78,86.14,89.53,1.44,12.0,42.77,1
Chilli,62.67,31.71,86.48,70.36,1.08,80.3,53.54,0
Cotton,50.54,26.03,81.53,67.36,0.53,40.3,45.03,1
Maize,80.84,34.05,66.23,69.45,1.24,43.8,68.71,0
Groundnut,44.96,22.03,85.55,92.89,4.71,98.8,39.27,1
Rice,16.11,21.43,70.74,56.55,4.56,22.2,10.35,2
Tomato,31.55,34.89,83.13,26.36,2.25,41.2,20.87,2
Tomato,50.04,34.53,43.8,52.55,5.44,85.4,30.49,1
Rice,52.84,25.3,84.73,75.6,6.16,13.4,44.79,1
Tomato,53.67,27.1,71.39,54.29,7.84,67.2,41.6,1
Tomato,65.02,39.15,51.68,38.19,3.52,19.4,48.3,1
Cotton,34.23,22.09,89.88,69.97,3.0,93.8,30.37,1
Tomato,61.54,23.66,72.78,50.52,7.79,79.8,52.46,0
Groundnut,64.28,28.6,84.96,96.65,7.54,76.9,52.46,0
Cotton,43.79,25.64,35.31,41.69,7.42,34.3,32.05,1
Groundnut,43.15,32.98,65.38,74.57,4.87,89.7,29.19,2
Rice,27.52,33.81,74.19,59.96,4.94,43.2,15.2,2
Groundnut,43.98,30.53,35.76,16.98,7.42,72.8,26.48,2
Chilli,70.08,32.22,76.94,52.28,3.84,20.1,56.53,0
Groundnut,78.63,28.67,70.83,12.62,1.71,20.6,68.86,0
Maize,56.55,35.21,50.11,81.08,7.88,31.3,38.38,1
Groundnut,35.96,20.84,72.89,76.11,6.74,33.8,31.26,1
Chilli,62.76,26.26,42.2,14.55,0.45,23.9,54.58,0
Rice,66.81,33.69,80.32,54.97,0.9,23.0,59.05,0
Maize,38.25,26.59,82.64,96.54,7.06,106.7,29.42,2
Rice,72.86,21.57,61.7,35.62,2.41,71.0,66.87,0
Groundnut,20.16,26.9,62.91,91.39,5.57,78.4,6.9,2
Tomato,15.75,34.23,57.11,23.6,0.94,41.7,5.0,2
Tomato,23.61,22.44,53.99,10.59,1.36,16.1,16.76,2
Chilli,25.92,34.49,83.01,57.75,5.98,116.5,8.3,2
Maize,76.53,35.51,51.77,31.53,7.83,15.9,59.69,0
Rice,44.75,32.71,57.16,89.13,4.02,100.5,33.12,1
Cotton,34.25,24.88,51.5,70.65,0.34,83.2,24.11,2
Groundnut,45.04,36.11,71.12,71.82,1.87,54.8,32.34,1
Cotton,42.64,24.29,79.78,70.6,1.7,92.1,31.78,1
Chilli,36.1,38.12,44.04,71.11,7.48,94.1,12.18,2
Maize,24.65,34.13,49.01,77.24,3.35,106.6,8.2,2
Chilli,60.91,21.09,40.73,70.29,7.58,69.9,51.12,0
Chilli,24.56,35.99,43.81,85.08,6.88,33.5,6.84,2
Rice,69.28,30.13,57.38,60.23,3.61,73.0,59.7,0
Rice,29.12,29.05,77.67,41.56,0.2,20.9,21.2,2
Tomato,66.2,28.41,64.79,52.02,7.78,51.4,49.29,1
Maize,71.39,32.13,37.93,49.62,0.08,77.1,55.82,0
Rice,23.77,34.49,69.38,39.93,6.85,37.7,12.89,2
Rice,21.07,37.92,78.74,47.39,3.31,105.2,5.48,2
Groundnut,81.47,25.46,56.64,44.65,2.41,117.4,70.94,0
Maize,47.41,32.62,48.48,20.0,3.27,18.4,31.97,1
Chilli,59.12,33.73,77.02,84.75,2.86,32.6,44.06,1
Chilli,16.63,33.5,36.31,78.08,5.51,62.0,5.0,2
Cotton,34.51,29.86,79.86,40.38,4.58,14.2,26.95,2
Cotton,50.38,27.82,79.23,95.06,2.06,20.2,40.23,1
Tomato,77.04,35.25,83.84,95.44,4.22,109.1,58.99,0
Groundnut,34.0,26.0,39.92,87.1,3.24,15.0,24.27,2
Maize,69.26,24.16,40.93,12.64,7.37,37.2,56.12,0
Groundnut,61.35,30.92,83.0,43.41,7.14,56.6,48.46,1
Maize,23.07,25.35,61.14,51.16,4.94,12.3,14.85,2
Rice,35.54,20.66,56.58,74.68,7.72,99.2,22.75,2
Cotton,31.65,21.03,66.53,67.13,3.0,101.3,24.91,2
Rice,45.98,33.9,38.22,71.05,0.7,53.4,34.16,1
Cotton,59.47,39.46,70.4,79.05,0.38,32.2,47.39,1
Rice,45.34,29.09,86.98,95.36,6.67,108.2,35.13,1
Tomato,32.12,22.94,72.16,59.64,3.07,84.6,21.97,2
Chilli,63.71,36.36,60.55,91.36,6.88,67.6,42.25,1
Groundnut,55.91,25.23,87.85,83.33,3.67,53.2,46.06,1
Maize,51.35,39.91,72.87,40.41,0.09,69.3,33.22,1
Rice,53.81,31.27,38.13,83.23,4.23,37.4,39.36,1
Tomato,30.53,24.65,71.85,20.56,4.76,59.5,21.76,2
Groundnut,62.63,29.92,38.28,24.29,3.61,85.4,48.37,1
Cotton,42.13,26.71,51.9,99.31,6.7,55.2,33.89,1
Rice,40.44,35.59,68.86,48.58,5.15,85.3,25.35,2
Maize,25.48,22.12,46.86,51.46,2.92,91.3,12.0,2
Tomato,56.78,37.14,37.1,95.59,5.75,92.9,34.92,1
Tomato,57.19,35.35,68.99,42.57,2.56,72.6,39.98,1
Groundnut,38.82,37.23,50.72,31.33,6.71,30.3,21.4,2
Chilli,75.19,37.9,64.31,17.0,2.24,87.1,53.43,0
Tomato,74.18,24.6,49.36,57.04,5.33,100.1,60.18,0
Chilli,22.63,30.42,72.75,27.97,3.32,20.4,12.94,2
Maize,63.65,37.0,84.26,15.83,0.81,108.6,52.25,0
Rice,42.57,27.55,39.76,83.18,5.04,113.5,28.68,2
Maize,84.98,21.21,78.25,39.57,3.06,83.5,79.32,0
Tomato,30.75,25.83,43.59,62.15,5.07,22.2,16.84,2
Tomato,34.64,24.84,53.12,19.42,4.32,81.9,22.04,2
Groundnut,45.95,37.4,54.66,55.5,0.33,49.2,33.69,1
Cotton,33.81,29.28,46.35,66.87,1.64,43.4,23.2,2
Rice,63.44,33.67,39.14,50.49,5.6,14.0,47.1,1
Groundnut,48.66,39.24,77.27,40.37,3.74,89.7,30.14,1
Chilli,30.46,25.98,78.65,37.99,3.73,72.3,22.53,2
Groundnut,50.45,35.22,89.83,19.84,0.02,59.6,40.79,1
Cotton,77.22,20.46,86.4,20.41,2.42,52.8,72.08,0
Maize,70.47,22.08,58.91,54.61,5.36,55.3,63.1,0
Chilli,49.92,23.24,42.34,22.49,7.1,59.8,35.84,1
Chilli,35.19,26.25,35.59,30.11,4.59,62.5,19.03,2
Cotton,27.59,28.06,64.23,24.83,4.33,20.7,20.99,2
Tomato,76.49,29.54,82.33,82.22,3.76,51.8,65.15,0
Tomato,64.71,24.91,49.73,50.47,5.43,17.0,49.62,1
Tomato,55.05,21.32,45.94,59.73,6.39,95.4,44.31,1
Tomato,76.56,33.55,59.14,62.47,1.77,67.4,60.45,0
Rice,23.52,20.47,84.14,45.67,5.71,97.9,23.42,2
Rice,62.77,36.19,59.84,36.86,1.95,57.2,48.88,1
Groundnut,30.17,38.58,74.75,44.42,0.25,26.8,14.29,2
Rice,23.44,34.21,60.44,58.13,0.6,43.0,16.09,2
Groundnut,47.59,31.92,55.51,42.27,0.37,35.7,37.04,1
Rice,42.12,33.14,59.25,22.3,2.24,58.4,30.88,1
Cotton,80.88,33.04,77.26,92.23,1.02,96.8,72.74,0
Tomato,37.68,38.63,76.49,75.92,0.68,22.8,21.17,2
Chilli,72.04,39.29,58.75,15.96,1.18,54.0,50.51,0
Tomato,67.42,28.53,49.72,91.51,0.31,20.1,61.06,0
Maize,61.75,32.34,42.65,25.34,2.75,53.1,44.11,1
Maize,79.43,36.06,35.08,18.8,6.58,74.1,62.28,0
Chilli,43.55,20.02,41.23,25.59,4.43,17.6,35.43,1
Maize,42.28,30.54,44.06,93.97,0.52,17.3,31.52,1
Chilli,26.27,33.06,72.95,29.92,3.0,90.4,11.26,2
Cotton,34.3,34.34,79.99,80.83,3.44,54.8,28.98,2
Maize,76.58,27.38,75.53,67.87,1.38,48.7,67.75,0
Maize,48.21,25.91,74.78,56.64,2.98,85.5,38.3,1
Rice,38.89,23.64,89.69,42.9,2.69,19.3,36.35,1
Maize,30.13,31.16,87.94,18.36,3.95,104.6,17.58,2
Rice,48.95,38.39,49.79,73.96,5.58,95.3,28.96,2
Tomato,65.17,37.92,42.98,45.53,3.83,52.9,44.93,1
Groundnut,35.07,27.2,43.43,58.15,0.59,61.6,26.68,2
Rice,68.04,25.16,84.26,14.66,0.44,53.7,67.47,0
Maize,59.09,35.78,40.63,79.83,7.1,96.4,42.73,1
Groundnut,70.13,34.5,53.71,72.3,5.56,13.2,51.57,0
Groundnut,32.56,30.11,64.17,57.64,5.26,83.9,21.81,2
Rice,59.17,27.78,68.74,54.67,7.31,43.3,46.04,1
Rice,25.76,22.48,67.77,40.33,4.33,95.8,16.2,2
Maize,40.47,35.7,78.25,40.82,0.59,118.2,26.79,2
Chilli,65.71,32.35,66.44,16.16,5.72,40.7,49.15,1
Groundnut,59.22,27.54,81.81,71.8,1.3,59.0,50.37,0
Tomato,28.15,38.38,39.65,14.05,5.33,70.2,5.0,2
Rice,75.08,33.19,82.24,10.13,3.21,70.6,67.44,0
Tomato,18.73,38.58,67.45,12.79,0.23,27.2,6.04,2
Groundnut,56.67,29.49,47.26,28.31,0.44,74.2,45.9,1
Rice,83.87,29.09,88.78,61.32,3.14,89.6,73.72,0
Maize,52.21,38.74,86.69,71.3,4.76,113.8,38.43,1
Rice,71.05,39.2,81.51,47.87,1.37,89.8,58.16,0
Rice,56.66,39.22,85.14,46.78,0.85,76.4,43.64,1
Groundnut,69.82,36.38,56.02,61.91,3.01,35.7,52.06,0
Rice,60.89,29.25,47.53,63.71,6.43,20.8,49.13,1
Tomato,63.38,24.21,45.06,86.05,6.27,79.8,48.65,1
Groundnut,30.95,27.67,83.06,83.72,5.47,78.8,21.66,2
Chilli,66.93,38.77,80.46,84.12,3.4,102.3,50.0,1
Rice,31.65,27.27,88.95,85.98,3.54,59.1,25.93,2
Maize,83.64,35.13,81.65,89.18,1.81,28.9,73.08,0
Groundnut,30.95,38.46,69.78,59.98,1.1,34.7,17.37,2
Maize,31.57,39.41,42.83,63.57,0.13,62.4,15.95,2
Chilli,75.11,38.95,44.07,75.45,6.88,44.3,54.22,0
Chilli,32.01,31.1,61.05,27.91,3.97,29.8,21.5,2
Chilli,40.26,29.84,77.23,42.44,0.02,21.9,30.18,1
Tomato,65.02,39.75,44.53,92.14,4.23,55.4,45.83,1
Groundnut,26.11,24.36,85.35,57.05,2.07,47.1,17.94,2
Groundnut,26.14,23.75,72.61,14.66,3.42,116.2,20.07,2
Rice,49.05,39.26,52.18,46.5,5.38,104.2,29.65,2
Cotton,32.06,33.78,83.72,24.47,6.48,30.2,23.04,2
Cotton,31.5,30.73,67.92,42.07,5.6,92.9,23.35,2
Cotton,15.65,22.64,75.32,59.05,7.17,62.8,8.73,2
Maize,40.93,30.26,56.2,55.46,1.88,111.9,28.36,2
Maize,37.28,38.88,56.65,54.14,5.29,76.9,18.22,2
Groundnut,17.18,32.06,35.69,11.65,7.12,32.4,5.0,2
Rice,58.49,28.09,64.58,50.06,2.47,31.6,52.41,0
Cotton,58.87,31.02,76.84,12.61,6.4,116.4,47.38,1
Groundnut,19.96,37.72,88.29,46.44,7.52,111.0,5.0,2
Cotton,37.19,38.26,84.07,68.23,5.15,63.1,26.64,2
Maize,76.1,28.0,39.78,21.33,1.31,72.0,66.08,0
Chilli,55.75,32.16,88.93,92.51,2.09,70.2,45.32,1
Rice,43.84,25.58,43.22,66.75,5.44,94.0,30.26,1
Groundnut,47.56,29.02,37.26,29.58,6.93,62.2,29.82,2
Maize,29.58,24.4,76.19,45.47,0.19,23.5,23.71,2
Rice,71.83,30.63,84.82,18.72,2.61,45.7,64.13,0
Cotton,78.98,31.56,87.24,11.99,1.87,72.5,67.86,0
Chilli,78.75,26.76,80.37,92.43,3.38,48.6,70.89,0
Chilli,30.68,25.44,46.27,70.77,6.15,99.5,15.9,2
Rice,36.75,23.02,43.47,80.17,4.02,114.3,29.14,2
Cotton,26.24,22.79,38.24,66.0,4.15,36.6,19.45,2
Chilli,36.5,34.23,67.01,91.61,4.87,107.8,17.91,2
Cotton,38.3,24.43,61.8,90.63,4.13,88.7,27.06,2
Cotton,59.32,22.36,41.01,15.23,5.51,74.6,48.52,1
Tomato,28.28,39.98,60.57,27.05,0.86,24.3,14.63,2
Tomato,79.36,25.2,66.2,45.62,0.18,55.2,72.94,0
Groundnut,22.22,37.92,74.76,40.7,6.61,119.5,6.03,2
Chilli,15.48,32.18,57.78,57.3,3.83,81.3,5.0,2
Maize,74.85,34.3,52.51,33.99,2.39,75.1,61.13,0
Tomato,64.26,31.22,71.61,81.77,3.63,13.9,49.42,1
Chilli,39.88,23.62,72.63,10.67,5.2,45.3,32.76,1
Cotton,56.68,36.94,49.87,81.24,0.97,63.7,42.23,1
Rice,30.65,36.56,36.09,45.4,4.19,80.6,9.65,2
Chilli,26.79,26.99,87.01,10.46,0.89,104.3,23.89,2
Groundnut,47.98,35.28,76.54,86.24,6.88,60.4,33.36,1
Tomato,39.72,30.86,46.06,50.21,4.5,40.2,24.29,2
Tomato,58.07,38.18,66.11,75.23,6.49,40.9,34.91,1
Groundnut,30.27,36.06,67.72,89.06,5.77,25.2,16.79,2
Rice,61.4,20.82,41.93,13.09,6.52,26.0,53.96,0
Maize,68.68,37.59,45.54,33.59,2.73,43.6,51.48,0
Maize,26.66,39.37,87.62,20.7,1.12,94.3,14.98,2
Cotton,18.07,34.84,62.94,18.82,7.13,55.5,6.91,2
Rice,45.77,22.4,45.53,95.11,7.08,104.6,35.38,1
Maize,69.18,36.15,78.87,82.5,7.07,114.4,47.72,1
Rice,60.55,32.95,60.88,42.83,7.91,18.3,44.0,1
Cotton,64.13,26.78,70.11,71.86,4.77,88.2,58.93,0
Chilli,43.2,37.68,51.36,92.75,4.1,19.4,24.94,2
Maize,31.45,31.31,38.18,29.87,6.38,17.9,15.49,2
Maize,52.22,37.06,44.07,11.27,0.88,40.3,35.26,1
Rice,29.31,33.4,88.52,84.17,6.26,21.2,17.03,2
Groundnut,65.84,25.77,69.3,75.04,6.5,82.9,57.44,0
Chilli,28.79,39.5,80.71,24.42,4.62,88.8,13.57,2
Tomato,35.39,31.42,36.18,54.07,3.1,80.3,20.11,2
Maize,50.46,30.34,77.1,24.44,5.25,73.3,39.55,1
Cotton,49.07,28.07,61.67,64.24,7.32,95.9,38.95,1
Cotton,57.06,22.73,71.59,68.28,1.26,95.0,52.1,0
Maize,45.62,33.72,54.7,34.9,2.49,105.7,28.38,2
Tomato,79.36,28.62,69.15,80.28,5.37,86.3,63.09,0
Chilli,73.8,38.69,36.96,52.62,6.67,49.1,53.18,0
Chilli,76.54,39.3,37.51,73.57,5.22,67.7,53.62,0
Chilli,59.07,35.35,78.94,67.58,4.73,64.0,44.58,1
Rice,59.45,24.85,41.85,50.57,0.69,21.9,52.4,0
Maize,57.64,34.32,35.77,36.34,3.47,99.3,40.55,1
Chilli,45.44,20.41,85.19,28.39,7.12,110.4,37.55,1
Groundnut,37.55,36.53,49.6,77.13,2.89,118.3,22.39,2
Chilli,56.44,29.87,67.03,67.77,3.05,37.3,43.35,1
Maize,16.79,38.73,81.14,35.28,2.86,20.5,5.65,2
Chilli,15.52,27.56,76.02,97.04,2.9,22.2,5.33,2
Tomato,74.61,25.26,37.56,82.93,3.24,98.5,61.59,0
Rice,18.25,39.9,65.85,21.41,6.19,79.5,5.0,2
Cotton,51.74,30.61,64.8,24.63,3.64,93.2,41.27,1
Groundnut,58.05,37.26,54.25,58.96,4.86,109.6,39.1,1
Groundnut,28.87,38.22,76.45,19.21,3.54,34.9,15.19,2
Chilli,77.7,30.37,88.02,96.79,6.99,50.0,66.31,0
Rice,28.31,29.11,43.1,67.42,1.43,97.2,17.17,2
Groundnut,76.92,31.06,42.99,15.96,0.98,38.5,69.3,0
Maize,68.41,36.95,75.41,49.91,3.26,65.7,55.72,0
Tomato,31.85,39.29,59.99,29.98,7.79,58.8,9.24,2
Groundnut,25.55,26.57,78.74,54.14,5.6,75.5,15.82,2
Cotton,37.14,34.77,42.76,32.23,4.93,118.7,23.03,2
Cotton,42.86,25.71,37.19,84.86,3.12,21.4,35.52,1
Tomato,32.2,32.22,73.39,74.9,2.36,63.3,17.42,2
Groundnut,84.92,36.1,89.71,91.59,7.65,115.5,70.57,0
Maize,31.08,37.73,40.21,27.82,3.42,48.3,10.67,2
Chilli,73.14,28.97,82.54,44.69,5.69,91.5,61.69,0
Cotton,26.14,27.4,56.19,82.49,6.48,112.2,17.03,2
Chilli,83.62,25.07,35.92,43.65,5.26,36.5,70.46,0
Tomato,30.79,22.67,63.05,44.12,1.86,19.0,19.82,2
Tomato,44.52,27.3,50.34,98.74,2.3,18.3,30.11,1
Maize,54.1,37.44,73.14,79.38,0.18,18.0,43.56,1
Groundnut,23.42,28.38,50.83,87.47,7.76,48.6,5.0,2
Cotton,72.18,26.35,61.49,46.63,6.68,23.9,64.28,0
Maize,34.23,34.78,46.03,62.73,3.23,54.6,20.42,2
Cotton,53.45,24.31,80.55,50.55,7.14,93.0,47.66,1
Cotton,53.47,25.13,85.9,50.53,1.23,42.8,49.11,1
Maize,57.18,38.72,57.18,21.49,0.34,62.7,43.1,1
Maize,18.88,21.63,59.69,85.79,1.08,24.0,14.24,2
Groundnut,26.8,28.29,89.05,45.15,7.07,86.8,13.18,2
Chilli,26.28,31.54,42.82,62.36,1.28,44.9,13.74,2
Rice,36.14,24.61,79.47,87.14,0.55,24.9,35.0,1
Cotton,25.14,25.62,66.2,79.61,1.48,115.0,19.55,2
Chilli,79.53,24.44,83.44,27.84,3.32,94.7,70.59,0
Chilli,50.91,26.9,51.08,65.67,3.97,81.8,39.18,1
Cotton,58.65,37.97,51.29,54.62,1.89,89.5,47.83,1
Groundnut,40.02,28.63,52.92,33.41,6.45,56.8,29.05,2
Tomato,34.34,28.36,35.91,13.68,7.68,42.8,18.64,2
Maize,50.22,27.73,44.34,66.68,2.33,65.0,35.39,1
Tomato,35.6,39.28,89.7,80.19,7.45,100.8,16.86,2
Chilli,39.06,22.35,48.69,94.75,6.54,116.0,26.9,2
Maize,46.69,37.44,36.1,41.95,7.09,76.6,27.4,2
Maize,50.4,26.54,50.32,45.93,0.48,51.4,42.6,1
Cotton,83.9,39.13,57.46,24.67,6.67,89.0,70.9,0
Maize,30.63,26.3,65.13,98.62,4.69,86.7,16.11,2
Maize,49.16,21.66,38.77,86.46,0.31,37.2,43.38,1
Maize,25.47,30.4,78.47,96.18,6.03,57.9,14.27,2
Tomato,39.5,24.56,80.4,54.58,1.93,24.7,35.57,1
Rice,65.21,35.06,46.72,28.88,6.38,54.3,52.04,0
Cotton,27.21,33.15,78.91,61.59,5.01,93.9,14.54,2
Rice,55.69,33.73,54.88,43.49,3.94,44.5,45.56,1
Tomato,44.17,23.87,58.27,41.31,0.19,79.6,38.18,1
Cotton,18.61,34.17,86.5,17.41,7.12,46.0,7.08,2
Rice,80.32,26.23,84.05,16.58,1.18,26.2,73.76,0
Chilli,43.95,39.97,55.63,44.09,6.64,91.6,21.47,2
Cotton,69.87,34.64,61.85,93.36,5.51,74.8,57.55,0
Chilli,44.14,31.81,50.76,75.07,0.56,100.8,30.83,1
Tomato,80.62,37.34,63.35,78.45,4.34,84.7,60.84,0
Rice,35.33,31.79,72.5,31.09,7.69,99.9,22.59,2
Groundnut,43.86,31.05,40.1,76.11,7.38,27.0,27.2,2
Tomato,68.12,24.75,85.59,46.57,1.17,77.6,64.7,0
Cotton,39.06,33.56,74.54,15.35,1.39,50.4,33.77,1
Tomato,40.5,27.49,40.32,45.53,1.23,92.1,26.02,2
Rice,84.64,20.86,82.79,21.81,6.05,73.8,78.63,0
Cotton,53.89,36.32,75.9,86.83,1.29,16.0,46.63,1
Groundnut,63.26,21.04,52.22,85.63,0.52,68.7,58.12,0
Groundnut,60.04,33.45,63.68,35.87,3.12,91.9,44.08,1
Cotton,72.95,23.13,82.31,65.07,7.74,38.9,67.82,0
Tomato,75.33,28.65,88.25,42.74,2.47,82.0,65.1,0
Groundnut,54.43,37.18,50.46,23.88,5.79,102.5,36.39,1
Cotton,35.62,21.89,70.78,68.45,1.15,17.2,30.42,1
Tomato,16.6,33.34,82.31,78.41,4.97,73.6,5.0,2
Rice,58.01,32.25,89.35,79.73,4.65,107.6,46.27,1
Groundnut,72.78,37.35,38.89,23.43,7.23,23.9,55.49,0
Tomato,46.54,23.45,62.7,56.13,5.73,39.6,35.84,1
Cotton,26.53,36.0,83.05,12.15,0.97,78.9,16.25,2
Rice,35.17,29.0,35.17,18.12,3.24,74.4,23.31,2
Tomato,50.7,28.57,59.05,17.29,0.0,97.3,37.93,1
Tomato,73.57,27.24,67.13,15.15,1.93,79.2,67.15,0
Tomato,27.02,27.71,63.96,40.04,7.77,73.3,12.38,2
Cotton,57.85,30.4,75.3,42.19,3.65,59.7,48.05,1
Groundnut,67.74,22.14,38.6,72.81,6.94,18.6,56.06,0
Groundnut,80.52,28.5,78.2,39.69,0.19,75.0,73.54,0
Cotton,23.17,33.04,50.57,22.64,7.04,27.2,11.97,2
Tomato,79.85,29.96,80.33,95.22,7.12,119.5,62.97,0
Groundnut,57.1,23.32,58.07,88.79,5.23,18.6,47.86,1
Chilli,68.67,27.26,37.36,21.18,0.93,18.3,57.38,0
Chilli,18.76,28.86,88.02,42.65,7.01,96.6,8.86,2
Cotton,50.43,33.38,77.93,25.13,7.2,21.1,41.29,1
Cotton,58.58,38.02,54.13,96.32,1.61,54.6,49.27,1
Groundnut,36.48,31.01,49.85,42.04,7.52,112.0,19.94,2
Chilli,45.22,33.53,67.39,18.83,7.05,96.7,29.97,2
Chilli,53.8,21.54,89.3,75.42,1.64,35.6,53.39,0
Cotton,53.68,39.09,50.96,74.05,3.15,37.6,41.26,1
Tomato,17.93,26.3,87.15,31.69,2.69,75.1,11.74,2
Tomato,45.76,27.09,53.17,38.93,3.99,63.5,31.88,1
Chilli,29.97,24.46,73.73,47.35,7.11,22.8,23.27,2
Rice,79.17,21.69,56.0,34.09,6.99,27.5,69.97,0
Tomato,83.36,35.8,39.68,36.0,1.41,98.3,66.25,0
Cotton,35.98,24.81,86.49,82.14,4.41,47.9,31.78,1
Groundnut,27.26,25.65,44.02,77.67,4.27,97.9,12.59,2
Chilli,30.37,23.64,86.96,72.34,3.6,30.9,24.38,2
Maize,48.44,39.5,40.68,71.81,5.72,75.9,27.77,2
Maize,76.22,35.62,49.68,56.97,5.17,65.6,58.54,0
Cotton,50.0,38.6,85.65,41.58,2.2,45.9,39.51,1
Chilli,18.88,37.23,71.22,74.85,2.79,76.9,5.64,2
Rice,17.79,38.13,45.42,20.47,7.11,23.7,5.0,2
Chilli,30.92,29.58,67.57,22.7,2.61,104.2,15.93,2
Maize,73.99,23.41,44.92,21.36,3.55,91.8,62.21,0
Cotton,58.5,26.54,83.09,75.94,7.78,41.6,51.62,0
Groundnut,54.41,25.85,37.74,63.24,6.86,73.8,42.2,1
Groundnut,37.33,34.34,64.14,50.51,5.59,109.2,22.89,2
Chilli,80.06,20.51,38.49,52.86,2.43,56.5,72.9,0
Maize,38.18,22.84,73.23,84.48,5.03,50.0,31.03,1
Maize,73.45,33.66,86.47,20.95,5.14,97.9,59.09,0
Tomato,77.71,22.47,80.71,44.49,3.29,10.1,70.66,0
Groundnut,48.83,20.97,55.45,78.41,0.29,85.5,40.8,1
Groundnut,77.6,22.18,48.03,69.21,2.93,33.7,69.52,0
Groundnut,34.38,33.81,41.66,49.16,4.07,86.4,19.89,2
Tomato,61.09,22.79,83.05,30.19,7.6,58.2,52.09,0
Tomato,21.16,22.93,39.46,95.18,5.82,12.2,9.23,2
Groundnut,48.18,24.61,69.59,46.71,0.86,106.2,39.22,1
Chilli,30.21,35.02,55.2,89.01,2.41,70.1,19.17,2
Cotton,19.39,24.01,89.77,80.0,4.17,44.5,12.99,2
Maize,15.26,20.71,62.99,87.54,3.61,87.4,8.24,2
Maize,37.73,38.12,65.18,11.52,0.04,64.6,26.07,2
Chilli,56.27,37.53,85.48,52.97,7.48,13.8,39.3,1
Cotton,46.87,23.7,88.33,33.35,7.23,81.5,38.22,1
Maize,36.12,25.31,67.1,34.66,7.39,116.6,25.13,2
Cotton,84.38,23.77,78.79,34.29,3.43,34.4,76.76,0
Tomato,80.77,34.39,69.91,45.04,6.67,104.9,66.0,0
Maize,23.8,25.0,58.51,46.96,5.67,78.3,13.03,2
Groundnut,44.06,38.63,38.15,67.06,4.09,18.6,25.91,2
Groundnut,60.42,36.55,74.48,37.03,0.62,90.3,45.43,1
Groundnut,66.34,31.77,73.51,34.55,1.34,58.6,54.41,0
Tomato,40.65,20.18,41.42,42.45,1.91,97.3,31.59,1
Groundnut,67.24,37.67,47.65,71.79,7.17,79.9,51.58,0
Groundnut,23.69,34.56,75.27,10.02,5.32,10.3,11.51,2
Groundnut,38.23,35.76,43.23,77.22,7.86,23.9,20.66,2
Rice,65.15,21.44,73.0,40.51,4.53,48.8,60.04,0
Cotton,58.8,34.17,74.49,61.86,0.68,63.0,54.74,0
Groundnut,73.6,36.09,54.43,78.54,3.82,112.5,56.35,0
Cotton,18.28,39.13,49.2,55.98,0.89,100.4,7.7,2
Tomato,27.21,31.61,55.52,68.24,7.21,98.2,7.99,2
Cotton,18.39,30.16,54.76,92.79,2.23,69.4,7.42,2
Rice,28.45,28.51,68.39,12.69,1.58,20.2,20.86,2
Maize,15.3,34.03,75.91,41.46,4.09,92.0,5.0,2
Chilli,50.29,38.42,82.4,93.42,6.46,19.5,34.15,1
Maize,51.98,32.0,36.65,85.37,4.08,20.1,32.24,1
Cotton,61.05,24.55,74.96,65.51,0.31,38.1,57.44,0
Tomato,41.94,20.35,52.28,30.64,5.94,111.5,29.47,2
Chilli,15.22,32.38,81.13,39.75,0.27,92.5,5.0,2
Chilli,62.17,37.29,39.16,87.22,4.84,18.4,39.51,1
Chilli,18.8,21.32,65.31,72.84,4.94,111.1,8.42,2
Tomato,75.63,27.95,65.18,35.71,1.67,96.2,63.77,0
Tomato,16.59,38.8,52.96,21.9,3.57,76.4,5.0,2
Tomato,52.13,30.03,88.37,80.27,0.05,24.0,42.15,1
Maize,77.64,24.41,40.88,61.86,2.27,45.2,68.11,0
Chilli,55.07,27.07,42.5,96.71,4.95,43.1,39.33,1
Maize,57.59,28.16,70.43,46.58,2.27,80.4,44.77,1
Maize,62.71,22.35,63.29,41.41,0.38,74.7,55.99,0
Tomato,23.57,33.22,49.55,36.17,5.39,40.5,5.0,2
Tomato,62.24,31.84,51.73,53.37,5.94,44.2,45.52,1
Chilli,76.62,32.95,43.64,39.05,6.9,67.0,55.88,0
Cotton,83.2,32.22,82.73,16.59,7.0,103.0,68.85,0
Tomato,46.01,20.33,66.32,38.09,3.97,23.9,37.96,1
Groundnut,39.12,23.49,48.47,29.7,3.26,89.8,26.11,2
Chilli,67.73,23.31,56.64,83.38,4.69,119.5,58.2,0
Tomato,53.0,21.96,84.87,31.2,6.34,92.5,47.04,1
Maize,33.01,34.71,83.78,51.3,3.8,58.6,23.4,2
Rice,27.05,22.4,38.8,70.55,7.96,90.5,13.52,2
Rice,26.92,33.36,70.98,23.43,5.1,104.7,16.18,2
Maize,47.14,23.57,43.41,57.82,2.46,94.5,37.82,1
Maize,26.91,22.37,46.6,86.25,6.35,11.4,15.05,2
Cotton,16.38,23.25,82.53,62.57,1.21,24.5,12.11,2
Rice,18.65,30.17,84.24,53.41,7.49,21.8,7.73,2
Groundnut,80.09,32.91,39.55,85.5,2.72,13.5,66.79,0
Tomato,20.11,36.24,83.07,95.25,5.48,88.6,5.0,2
Rice,20.12,22.57,75.07,83.89,5.0,39.4,13.73,2
Cotton,46.58,32.32,77.66,46.76,0.77,89.4,37.7,1
Cotton,32.16,35.48,78.55,65.05,5.77,83.3,22.65,2
Chilli,82.39,26.25,62.9,57.4,2.49,67.6,72.1,0
Rice,78.77,21.59,87.08,37.3,3.05,16.6,75.25,0
Rice,43.33,23.12,46.02,49.18,0.77,43.6,36.21,1
Maize,46.41,21.83,62.77,84.63,6.48,13.0,37.76,1
Maize,41.26,37.74,52.52,37.04,6.88,110.1,18.11,2
Groundnut,17.65,27.53,80.23,90.06,1.07,43.9,9.33,2
Tomato,35.5,30.47,39.55,99.23,6.5,20.4,23.16,2
Tomato,23.59,35.37,58.85,37.61,7.18,10.3,5.0,2
Groundnut,22.17,27.43,77.54,21.05,0.78,77.3,15.75,2
Rice,54.26,32.98,52.18,96.15,7.98,78.3,38.77,1
Rice,21.91,21.53,48.23,25.4,0.04,119.4,17.34,2
Maize,22.21,29.62,49.44,79.43,6.74,41.7,8.14,2
Maize,48.64,21.93,74.25,13.52,4.47,15.1,46.45,1
Chilli,45.96,24.97,50.77,31.2,7.66,95.7,31.23,1
Groundnut,24.63,25.87,57.15,33.41,2.7,43.5,18.61,2
Groundnut,15.31,34.35,65.01,36.75,2.89,46.4,5.0,2
Tomato,28.51,33.48,86.74,92.74,6.72,109.9,15.59,2
Groundnut,31.51,34.94,78.69,25.78,5.69,73.3,17.6,2
Chilli,71.02,21.24,45.19,25.63,4.8,54.0,61.36,0
Rice,79.08,39.88,83.57,72.25,5.16,114.6,62.7,0
Groundnut,43.42,21.09,81.46,95.71,5.46,39.2,38.07,1
Rice,43.35,36.51,75.99,45.04,0.38,12.4,33.97,1
Chilli,64.87,34.81,63.43,79.58,0.94,35.4,47.44,1
Cotton,58.88,31.84,38.84,12.79,1.45,14.9,48.33,1
Tomato,27.89,28.78,74.13,84.17,1.41,54.9,20.43,2
Tomato,22.54,35.14,63.51,75.11,6.74,101.4,5.0,2
Maize,45.63,34.8,52.04,90.7,3.16,117.3,27.27,2
Groundnut,54.54,22.74,35.55,67.37,3.92,87.0,46.08,1
Tomato,24.71,35.85,47.71,94.72,0.72,111.9,10.25,2
Chilli,35.53,21.57,68.31,45.09,6.96,54.9,24.49,2
Maize,36.42,30.01,41.18,75.93,0.08,43.3,25.55,2
Rice,33.29,32.9,71.05,75.3,0.67,27.0,24.23,2
Cotton,47.25,36.43,80.08,34.17,6.5,65.1,36.98,1
Cotton,60.71,29.26,52.5,92.85,1.04,46.0,51.33,0
Chilli,50.66,24.74,39.51,80.13,6.35,21.8,36.22,1
Tomato,29.1,29.81,42.68,87.97,2.8,112.5,16.12,2
Rice,22.21,25.0,54.68,42.63,6.21,23.6,10.3,2
Maize,72.53,30.57,79.74,85.71,0.4,91.4,62.68,0
Chilli,48.55,29.25,69.89,38.35,2.73,17.5,38.63,1
Chilli,19.35,35.61,82.73,96.8,3.85,68.0,7.8,2
Tomato,33.07,24.8,89.69,12.16,5.01,84.2,22.15,2
Chilli,71.28,24.0,46.14,65.73,6.69,35.8,56.79,0
Tomato,67.62,29.48,73.22,20.1,1.96,18.3,59.42,0
Cotton,76.31,21.01,60.66,74.69,5.27,75.3,70.93,0
Cotton,57.15,24.59,62.14,42.73,1.21,76.3,51.5,0
Chilli,44.6,27.07,52.91,88.36,6.36,44.3,30.25,1
Rice,44.86,29.75,53.84,88.54,7.47,51.4,31.5,1
Groundnut,28.58,25.39,72.2,43.13,0.38,15.0,20.62,2
Rice,60.56,31.21,69.14,82.9,0.64,42.5,52.25,0
Groundnut,55.95,37.57,52.52,71.3,6.3,107.1,40.05,1
Rice,25.84,30.87,41.52,48.39,7.04,28.8,8.59,2
Chilli,77.0,25.74,66.8,40.89,5.19,61.5,64.17,0
Rice,40.79,21.24,75.67,28.93,3.69,84.5,34.34,1
Rice,18.48,22.73,65.72,15.69,6.15,98.3,8.72,2
Cotton,37.95,31.22,35.2,56.56,2.4,18.9,30.75,1
Cotton,75.89,33.67,50.53,58.6,7.93,75.1,59.29,0
Rice,79.19,20.99,77.82,49.96,6.78,79.0,69.73,0
Groundnut,49.33,23.71,75.84,95.55,7.1,31.7,42.36,1
Tomato,81.94,26.38,35.57,11.23,6.84,13.4,65.35,0
Tomato,76.27,26.4,60.87,86.53,7.46,102.9,62.87,0
Tomato,72.77,39.17,59.05,82.07,0.52,58.4,55.8,0
Maize,75.18,24.08,70.88,78.29,7.27,16.7,66.62,0
Tomato,41.73,21.25,41.87,57.24,1.99,73.6,29.5,2
Maize,67.95,27.06,69.18,27.13,2.87,51.5,59.96,0
Tomato,55.41,22.69,87.08,87.66,2.96,18.8,51.31,0
Rice,65.38,22.53,55.45,77.01,1.86,41.6,58.67,0
Maize,27.45,28.15,53.55,84.95,3.51,46.0,13.58,2
Cotton,66.2,26.13,36.56,31.22,4.04,73.2,56.3,0
Cotton,82.03,21.83,38.16,59.89,1.19,54.4,77.07,0
Maize,36.19,32.09,86.24,47.44,2.88,21.8,25.75,2
Tomato,84.03,30.03,88.65,67.57,2.79,79.9,73.0,0
Cotton,41.49,21.54,35.31,77.73,5.4,90.2,33.64,1
Cotton,28.98,37.25,84.54,25.63,4.65,65.8,20.8,2
Cotton,22.86,25.69,44.57,25.66,5.73,17.0,15.2,2
Groundnut,69.95,39.23,65.87,13.92,6.27,21.4,53.59,0
Cotton,53.84,38.63,72.3,24.15,5.34,113.9,39.01,1
Groundnut,36.5,28.68,54.75,31.62,1.93,30.8,26.78,2
Maize,57.59,24.57,64.09,16.53,4.02,43.8,46.25,1
Maize,38.25,36.7,69.51,42.01,3.73,85.6,22.48,2
Tomato,46.39,27.23,45.67,70.76,0.59,97.1,36.89,1
Tomato,75.39,23.27,89.68,81.38,7.16,110.2,65.63,0
Cotton,61.77,31.03,46.21,41.12,0.73,53.5,50.98,0
Cotton,68.37,29.79,35.57,17.54,7.81,119.2,52.07,0
Cotton,55.84,37.0,86.94,78.34,0.25,21.4,47.65,1
Tomato,84.4,34.59,58.6,45.21,5.84,100.9,63.05,0
Maize,31.9,37.52,56.92,32.63,2.3,39.9,14.83,2
Tomato,33.36,34.69,50.16,52.36,7.24,113.1,15.2,2
Groundnut,21.48,32.84,36.42,97.29,6.59,105.6,5.0,2
Tomato,53.78,30.0,49.55,43.54,0.2,93.8,39.57,1
Rice,57.94,39.75,56.63,96.35,0.18,76.4,44.34,1
Chilli,65.82,39.18,63.62,32.79,4.83,33.6,46.08,1
Groundnut,38.48,36.98,60.17,19.5,1.2,60.8,25.1,2
Groundnut,15.86,35.51,83.35,24.15,0.11,13.8,8.61,2
Rice,59.26,31.55,85.12,79.64,7.74,88.0,43.63,1
Tomato,84.91,25.2,52.44,58.39,5.06,22.7,74.85,0
Rice,35.62,37.51,87.78,62.37,0.09,38.4,24.93,2
Tomato,27.88,20.22,82.57,97.09,3.92,37.0,22.63,2
Chilli,34.72,24.55,86.02,55.44,1.26,96.7,32.39,1
Tomato,44.78,28.07,73.85,20.53,6.44,54.1,29.27,2
Rice,32.56,31.72,45.9,74.67,0.23,68.8,22.68,2
Chilli,39.29,31.22,45.74,28.71,2.97,32.9,26.99,2
Rice,59.67,23.52,84.98,62.34,1.9,46.8,54.16,0
Tomato,39.15,22.1,62.89,86.89,7.85,66.3,26.18,2
Rice,42.72,24.45,83.98,52.94,0.62,31.4,38.38,1
Rice,17.8,26.97,74.63,38.29,5.76,85.9,6.5,2
Maize,79.26,20.28,46.69,61.8,3.82,59.4,71.14,0
Groundnut,43.48,33.85,56.16,21.43,6.53,118.2,28.32,2
Cotton,37.97,24.95,88.23,37.68,1.71,37.1,33.45,1
Rice,21.05,27.03,36.08,55.37,6.84,53.6,9.39,2
Rice,59.39,26.7,74.3,32.87,7.6,111.7,50.76,0
Maize,75.47,30.24,88.83,13.53,1.7,107.5,67.34,0
Chilli,17.88,37.2,40.73,62.66,1.94,63.3,5.0,2
Cotton,25.17,22.99,49.96,46.11,7.71,23.6,14.85,2
Cotton,25.25,26.81,65.09,45.15,3.47,55.0,12.27,2
Maize,57.16,33.84,81.41,99.71,6.68,74.6,43.79,1
Tomato,79.49,20.88,62.86,20.06,6.74,38.0,71.64,0
Rice,45.64,36.6,38.28,23.88,2.49,31.0,31.22,1
Rice,39.07,39.24,42.0,88.86,1.43,68.5,25.0,2
Rice,68.61,32.15,55.68,21.72,2.93,29.4,56.12,0
Groundnut,66.98,39.13,52.74,92.59,4.74,106.2,49.41,1
Tomato,32.27,28.26,47.08,70.48,3.98,18.2,22.15,2
Cotton,26.26,28.3,81.21,57.53,5.89,118.6,18.11,2
Chilli,40.05,22.12,36.48,35.06,4.39,69.2,30.77,1
Chilli,69.29,20.71,80.61,42.35,6.44,118.2,63.08,0
Maize,63.65,24.89,85.69,84.34,0.83,92.7,55.76,0
Cotton,61.61,29.56,69.66,15.18,3.51,26.8,54.9,0
Rice,73.06,30.15,69.39,79.17,0.13,35.0,64.29,0
Rice,34.4,24.35,43.2,84.5,0.97,21.8,24.91,2
Maize,38.78,32.26,66.26,73.54,2.65,90.2,25.53,2
Maize,17.96,23.62,55.63,14.91,7.21,28.6,10.52,2
Chilli,75.81,26.52,47.6,76.84,3.04,88.6,61.93,0
Cotton,55.77,23.91,67.08,75.08,2.19,104.5,45.88,1
Chilli,35.87,33.93,35.07,11.18,5.37,55.3,13.27,2
Tomato,19.86,30.33,50.2,90.31,5.63,82.7,5.0,2
Tomato,65.64,34.72,71.08,21.9,3.85,108.5,47.89,1
Cotton,67.41,21.14,60.03,96.47,2.31,92.8,57.73,0
Tomato,61.63,28.51,43.01,16.37,2.41,24.4,46.22,1
Chilli,29.26,39.34,35.07,31.42,1.48,42.2,9.9,2
Chilli,78.93,21.07,49.87,72.12,2.9,68.9,71.78,0
Cotton,67.72,28.37,65.2,22.35,1.35,39.1,59.86,0
Cotton,61.04,20.81,64.4,26.65,5.14,65.7,56.09,0
Maize,60.57,22.93,42.21,11.01,7.16,114.8,48.8,1
Tomato,78.31,29.25,68.75,84.38,2.03,59.8,66.03,0
Maize,79.98,23.15,89.94,13.39,1.94,38.8,75.97,0
Maize,56.69,30.38,67.17,66.93,7.19,26.1,42.05,1
Tomato,44.17,38.45,64.02,62.41,4.54,109.1,25.43,2
Chilli,40.46,24.01,69.24,56.01,5.84,35.3,29.37,2
Tomato,72.34,22.14,83.38,43.76,7.11,31.3,61.83,0
Chilli,60.12,36.51,87.03,36.96,5.32,70.6,44.38,1
Cotton,20.41,29.21,37.26,96.13,5.94,60.8,10.14,2
Groundnut,24.95,37.65,46.27,80.68,3.1,52.4,9.64,2
Rice,78.01,26.12,41.37,93.05,7.51,73.7,66.65,0
Cotton,76.91,32.55,77.48,76.05,5.63,72.6,67.99,0
Rice,81.63,38.47,37.51,84.61,0.57,17.5,67.26,0
Maize,44.95,23.43,84.64,96.78,4.76,55.6,36.98,1
Tomato,69.88,36.01,36.13,50.83,0.76,89.3,50.09,0
Rice,72.98,32.63,68.14,91.62,4.18,52.0,58.11,0
Tomato,37.1,36.26,50.16,13.88,0.71,119.7,22.19,2
Rice,25.17,23.41,60.88,19.71,5.02,35.9,16.48,2
Cotton,84.79,28.68,59.3,54.13,3.65,64.6,72.11,0
Rice,17.12,22.58,76.19,50.86,4.42,84.1,12.85,2
Maize,56.81,39.2,62.32,49.44,5.19,70.3,38.73,1
Cotton,60.51,21.25,58.17,58.35,2.0,14.3,58.08,0
Groundnut,62.73,21.31,75.17,58.45,2.56,66.5,57.24,0
Groundnut,32.89,37.96,85.92,88.35,3.86,116.3,16.85,2
Rice,65.51,26.02,78.67,41.13,4.53,54.7,58.66,0
Groundnut,30.15,31.94,75.52,38.46,7.39,22.8,18.34,2
Chilli,73.03,25.75,61.82,73.17,2.82,12.3,63.57,0
Tomato,30.34,32.98,84.51,68.36,4.73,55.3,19.76,2
Maize,63.77,23.85,61.75,84.69,7.38,30.4,55.04,0
Groundnut,69.84,29.18,86.17,37.84,5.74,101.8,60.15,0
Maize,28.23,30.67,79.16,10.58,2.63,114.7,15.02,2
Tomato,31.66,26.67,43.26,94.97,3.32,113.5,15.04,2
Groundnut,69.54,25.03,37.58,13.98,7.03,51.2,58.77,0
Groundnut,21.02,22.8,75.75,71.2,3.5,60.0,10.45,2
Groundnut,28.35,34.12,72.72,38.96,2.02,44.7,17.06,2
Groundnut,46.89,23.37,68.11,48.12,4.18,24.2,40.2,1
Groundnut,80.11,25.84,88.69,85.42,1.49,71.5,73.7,0
Maize,54.33,26.74,65.0,47.76,4.66,30.5,44.29,1
Tomato,42.14,29.09,54.13,22.99,7.93,16.5,27.17,2
Chilli,83.49,34.05,66.07,77.9,7.75,103.4,63.04,0
Tomato,47.46,28.56,36.56,11.82,4.91,97.8,32.34,1
Maize,45.36,37.42,66.86,34.73,7.09,111.9,27.53,2
Chilli,43.82,33.6,84.63,58.43,6.52,46.0,28.72,2
Groundnut,36.85,36.77,35.24,49.4,7.61,105.8,14.26,2
Tomato,37.8,34.33,81.49,65.82,6.98,53.8,21.56,2
Tomato,63.15,22.97,79.11,44.32,7.2,18.0,58.54,0
Cotton,17.86,39.56,40.84,45.15,1.84,60.4,5.0,2
Rice,62.73,35.73,81.58,41.38,1.26,70.9,55.26,0
Chilli,29.08,31.45,76.99,89.85,0.35,57.5,15.79,2
Cotton,41.89,23.3,62.01,11.56,5.27,96.4,32.06,1
Chilli,25.26,23.45,48.49,94.57,7.47,48.7,10.8,2
Maize,53.69,32.29,50.85,42.24,7.95,111.3,37.23,1
Cotton,66.05,28.32,68.68,42.84,6.82,18.2,56.77,0
Maize,39.83,33.52,48.55,75.33,6.65,89.2,24.53,2
Cotton,26.44,27.45,52.89,44.94,4.15,112.2,15.49,2
Maize,30.86,30.26,86.2,65.5,3.62,70.8,20.88,2
Rice,72.27,23.76,75.11,91.33,5.12,106.7,63.35,0
Chilli,33.74,23.1,75.48,86.16,0.18,86.1,32.39,1
Rice,69.23,21.51,87.58,56.38,6.35,11.6,61.9,0
Groundnut,38.18,36.39,35.32,74.5,5.26,83.8,18.41,2
Chilli,28.21,31.11,48.45,45.32,1.36,82.2,12.22,2
Maize,65.91,38.94,71.19,79.84,5.09,10.0,51.1,0
Maize,47.8,34.99,59.1,25.32,4.8,55.0,29.83,2
Chilli,17.19,35.38,41.2,14.11,6.3,14.3,5.0,2
Tomato,82.2,30.18,77.97,58.67,6.7,42.2,68.9,0
Tomato,25.34,36.31,37.59,29.38,2.03,118.5,6.48,2
Maize,39.74,38.84,64.91,75.59,6.52,113.4,21.06,2
Tomato,41.94,34.43,65.94,19.12,1.46,85.3,27.63,2
Cotton,49.26,22.11,69.98,10.76,3.15,50.4,44.48,1
Rice,69.98,33.02,52.36,70.81,3.94,53.6,56.96,0
Cotton,15.43,22.41,36.3,55.07,6.44,14.2,7.36,2
Maize,80.27,21.54,83.89,95.68,7.21,47.2,71.28,0
Chilli,60.22,33.86,86.11,32.27,0.14,96.3,47.31,1
Rice,81.55,36.7,61.51,21.09,5.9,67.1,67.52,0
Maize,72.22,23.18,36.14,12.08,7.02,62.4,59.02,0
Cotton,79.95,21.48,66.95,49.98,7.63,20.0,68.92,0
Tomato,57.07,37.73,52.38,19.07,2.14,111.1,37.27,1
Rice,40.01,22.64,45.04,79.81,1.38,41.1,36.19,1
Chilli,46.0,20.7,44.29,16.48,3.99,52.1,36.12,1
Rice,61.06,34.42,44.86,92.87,7.21,46.4,43.51,1
Tomato,44.89,36.95,53.2,58.68,2.52,46.2,24.74,2
Maize,66.22,30.29,50.43,72.67,4.04,75.9,51.22,0
Chilli,21.43,30.8,81.0,21.78,7.96,79.0,5.0,2
Chilli,73.1,26.74,62.24,18.06,3.65,75.8,62.46,0
Cotton,29.29,24.77,58.52,41.83,5.03,17.5,21.76,2
Groundnut,81.08,35.1,43.02,56.84,7.96,116.6,60.58,0
Rice,25.89,36.99,83.17,61.8,2.94,88.5,11.99,2
Maize,24.04,26.42,38.02,39.68,2.18,107.1,14.79,2
Rice,71.83,25.48,48.17,34.54,2.26,27.6,62.11,0
Rice,72.31,25.36,69.18,98.33,4.94,112.5,61.34,0
Tomato,66.71,21.01,73.63,34.54,1.3,89.4,60.96,0
Chilli,82.24,25.62,79.06,22.41,1.32,65.1,75.09,0
Groundnut,33.94,20.51,57.57,42.35,2.08,12.5,30.03,1
Cotton,72.87,35.77,54.07,37.35,4.33,37.9,61.96,0
Chilli,39.64,25.12,50.87,47.96,6.75,102.3,26.61,2
Cotton,52.62,33.8,66.25,66.13,4.23,51.7,46.39,1
Tomato,46.19,30.86,54.17,64.28,6.26,84.6,25.72,2
Groundnut,15.41,36.75,53.05,72.85,7.66,90.4,5.0,2
Groundnut,55.21,39.21,35.93,24.1,5.92,95.3,33.35,1
Rice,67.33,27.35,87.16,14.13,5.14,52.1,63.37,0
Maize,27.22,21.77,38.33,81.17,0.07,110.1,19.28,2
Cotton,80.22,34.99,49.9,29.54,3.59,42.1,63.75,0
Maize,52.13,20.43,85.68,38.41,2.14,102.0,48.89,1
Groundnut,27.48,24.46,75.44,51.01,4.1,56.7,20.59,2
Groundnut,60.22,21.07,66.8,74.47,7.61,35.8,53.33,0
Maize,28.43,37.96,71.34,24.72,2.56,47.8,12.59,2
Rice,19.45,20.11,40.34,91.22,1.29,98.0,13.1,2
Maize,62.97,29.85,79.48,38.94,6.61,77.6,49.88,1
Tomato,22.75,28.48,48.76,98.44,7.92,25.0,5.2,2
Maize,22.44,33.05,87.59,35.69,6.24,23.6,10.96,2
Chilli,66.8,25.79,47.73,75.31,1.11,85.6,56.32,0
Maize,18.86,37.47,69.4,43.9,4.41,36.3,5.58,2
Tomato,71.68,34.69,64.99,85.29,3.24,33.0,56.99,0
Tomato,70.73,28.65,42.87,51.62,5.07,92.4,55.7,0
Cotton,24.9,27.16,54.96,88.35,5.35,45.5,12.89,2
Rice,51.29,36.32,77.97,77.85,6.46,17.5,40.62,1
Tomato,21.76,35.14,46.69,62.74,1.92,56.7,5.0,2
Groundnut,59.28,27.98,87.96,32.5,7.72,72.6,50.31,0
Rice,19.41,26.83,51.25,33.39,1.72,76.2,10.7,2
Maize,81.11,20.78,69.47,99.23,0.99,16.4,77.98,0
Tomato,29.54,21.63,69.04,93.28,6.63,59.9,21.45,2
Rice,62.8,21.08,60.89,22.46,3.71,49.6,52.23,0
Maize,23.98,20.49,71.04,28.37,3.92,59.4,16.84,2
Chilli,29.67,23.06,75.9,19.61,2.55,14.6,25.59,2
Tomato,46.57,37.14,69.05,28.12,0.37,42.5,36.62,1
Rice,55.12,35.96,65.8,36.12,1.55,80.8,42.65,1
Rice,84.92,36.91,68.36,85.39,6.09,23.9,65.55,0
Chilli,16.81,32.48,57.11,18.57,1.8,115.5,5.0,2
Groundnut,15.02,32.48,38.9,89.39,7.94,119.3,5.0,2
Tomato,39.53,22.48,43.78,97.47,6.29,49.6,29.34,2
Tomato,40.63,33.98,68.37,35.36,6.79,84.9,22.91,2
Maize,76.87,25.6,85.99,51.06,6.99,79.9,64.45,0
Maize,78.88,30.39,36.42,57.64,5.75,28.4,65.24,0
Tomato,76.64,39.09,64.92,28.51,3.73,52.7,59.54,0
Rice,25.02,37.41,48.86,75.84,7.34,117.9,5.0,2
Chilli,43.85,24.66,65.9,62.2,3.41,24.0,36.77,1
Maize,67.21,34.73,76.23,20.1,0.77,73.3,54.74,0
Maize,36.88,22.08,75.45,90.64,4.77,75.9,28.93,2
Tomato,61.43,20.53,74.87,37.2,0.84,28.4,57.21,0
Groundnut,31.6,20.56,77.84,24.06,5.24,68.9,24.83,2
Chilli,37.64,23.4,38.99,98.37,7.98,110.9,23.31,2
Maize,75.23,33.9,63.03,19.26,5.4,22.7,57.18,0
Tomato,32.54,27.27,49.4,15.37,1.68,30.9,24.02,2
Cotton,82.5,20.32,85.67,31.38,1.1,38.1,81.22,0
Groundnut,36.44,39.76,78.06,38.73,2.85,92.6,20.64,2
Rice,16.65,30.67,40.91,49.04,1.17,73.5,5.02,2
Groundnut,32.84,27.88,48.38,71.67,4.56,65.4,18.78,2
Cotton,26.98,30.38,60.04,42.91,6.26,97.1,11.78,2
Rice,50.48,30.4,87.96,60.34,5.27,117.6,38.04,1
Cotton,22.89,29.4,41.03,10.52,4.94,31.6,7.85,2
Rice,58.82,32.26,66.24,44.64,3.48,99.3,44.02,1
Rice,76.24,37.71,53.77,95.05,1.38,50.7,59.28,0
Rice,40.38,26.03,70.55,79.74,5.1,26.1,34.49,1
Maize,26.79,29.74,70.68,76.67,3.35,38.2,13.92,2
Chilli,43.0,20.07,48.23,37.41,2.44,53.9,35.32,1
Maize,70.02,37.2,78.22,53.94,5.27,108.9,55.84,0
Rice,56.4,26.12,40.02,86.01,3.03,62.6,47.63,1
Tomato,22.08,25.43,80.0,89.21,1.35,77.6,14.47,2
Groundnut,52.6,39.95,46.66,73.95,3.87,13.7,34.74,1
Groundnut,47.77,31.69,67.43,51.09,2.31,17.0,38.11,1
Cotton,37.9,22.46,54.1,16.58,5.87,113.2,33.15,1
Rice,22.71,25.31,68.54,20.74,0.38,102.2,16.99,2
Cotton,83.68,27.06,49.71,10.03,6.82,63.9,73.92,0
Cotton,27.32,39.72,66.29,42.33,3.69,32.0,18.78,2
Chilli,28.49,28.61,35.45,12.1,0.13,14.4,17.53,2
Rice,25.19,24.6,55.59,49.15,1.07,117.3,19.42,2
Groundnut,54.91,31.39,80.45,63.78,7.56,10.6,43.87,1
Maize,46.06,28.1,60.47,63.63,4.3,36.1,35.95,1
Rice,32.47,21.1,62.46,59.98,6.15,85.2,22.2,2
Tomato,45.06,37.22,69.19,30.36,7.06,113.2,22.28,2
Maize,62.15,20.31,58.88,56.73,2.56,22.9,55.69,0
Rice,34.72,37.97,82.69,98.19,4.38,95.1,22.55,2
Tomato,79.07,35.84,57.18,50.02,5.2,46.5,62.63,0
Maize,36.44,21.52,86.84,88.7,6.73,84.8,31.65,1
Groundnut,28.87,34.47,83.23,44.33,3.36,20.6,18.11,2
Rice,81.82,35.42,58.16,66.07,7.61,105.1,65.8,0
Chilli,71.74,32.05,55.12,53.37,4.86,87.8,56.14,0
Groundnut,39.02,31.55,72.21,71.98,6.99,115.1,24.34,2
Cotton,73.9,20.99,76.54,90.76,0.67,65.3,70.41,0
Groundnut,51.32,21.19,45.22,49.68,3.71,107.6,39.06,1
Tomato,39.27,34.55,48.26,78.17,1.43,69.4,23.05,2
Cotton,73.77,22.11,43.04,89.43,7.3,66.4,63.81,0
Groundnut,67.65,24.84,76.84,81.06,1.88,20.4,64.6,0
Tomato,35.85,29.98,74.29,12.21,5.7,99.6,24.08,2
Maize,57.47,23.28,45.4,10.02,0.5,55.3,50.13,0
Chilli,40.86,35.8,64.53,89.47,1.61,76.0,29.83,2
Maize,15.07,36.15,77.03,75.64,2.56,81.6,5.0,2
Tomato,82.33,36.84,87.09,96.23,6.25,95.2,67.08,0
Groundnut,53.47,20.99,44.82,36.32,2.01,73.3,45.83,1
Groundnut,56.89,28.56,51.74,80.92,6.54,78.2,40.77,1
Maize,56.99,36.94,54.16,82.14,6.31,67.3,37.58,1
Cotton,53.54,27.26,69.37,87.16,7.94,77.5,46.04,1
Maize,35.3,33.92,42.5,72.28,5.42,58.9,17.5,2
Cotton,83.01,31.78,45.64,22.45,5.1,95.4,69.04,0
Chilli,58.52,26.94,77.92,71.28,4.81,99.2,47.2,1
Maize,61.96,25.53,64.81,64.4,0.88,66.9,53.77,0
Rice,46.84,33.05,43.82,40.03,4.11,26.1,35.64,1
Chilli,35.15,22.67,56.36,28.78,6.81,51.1,27.35,2
Tomato,19.5,37.2,42.4,89.66,0.17,102.4,5.0,2
Tomato,39.52,31.53,54.95,22.78,1.01,110.8,26.66,2
Tomato,27.33,22.23,57.01,48.0,4.8,39.4,19.84,2
Groundnut,61.35,34.07,41.17,66.05,6.78,113.5,43.0,1
Rice,76.53,28.62,38.29,97.46,2.46,40.4,63.67,0
Cotton,36.19,24.08,83.49,70.39,6.97,111.1,27.46,2
Groundnut,38.3,39.22,83.82,37.44,2.7,112.9,24.65,2
Rice,61.93,34.39,35.14,15.46,3.72,65.5,47.22,1
Chilli,25.45,31.86,70.27,38.59,7.62,114.6,5.0,2
Chilli,80.06,36.98,40.15,36.35,3.34,70.4,59.42,0
Maize,40.47,30.88,79.56,83.72,4.8,51.7,27.68,2
Cotton,22.08,28.83,83.38,43.89,7.48,99.1,13.74,2
Maize,27.23,23.79,68.91,18.86,2.12,21.9,19.82,2
Maize,80.29,23.07,68.72,88.3,0.74,33.8,74.46,0
Maize,32.3,28.64,55.43,11.62,7.66,33.5,17.16,2
Cotton,61.36,29.12,48.72,10.27,4.48,78.4,51.94,0
Chilli,25.93,34.67,62.46,52.73,7.73,88.0,8.19,2
Maize,28.59,28.84,42.35,16.23,6.93,102.1,13.15,2
Groundnut,76.55,31.86,71.97,25.94,4.76,109.0,65.71,0
Cotton,25.36,36.65,60.85,98.68,3.77,106.3,14.44,2
Groundnut,16.31,39.87,44.77,85.99,3.84,85.0,5.0,2
Cotton,50.09,26.45,67.36,78.76,1.33,110.6,44.19,1
Maize,75.39,38.04,78.74,70.37,3.63,40.3,60.36,0
Cotton,37.82,36.12,67.38,14.3,6.57,89.8,21.37,2
Tomato,23.97,21.36,64.13,85.23,7.91,18.4,13.28,2
Tomato,83.76,26.68,81.62,52.41,7.68,23.8,73.92,0
Maize,62.37,24.38,35.59,18.85,7.7,34.9,51.45,0
Groundnut,74.55,33.29,68.92,37.07,0.15,21.3,62.5,0
Chilli,67.65,31.11,57.53,55.18,4.13,116.2,52.97,0
Maize,63.88,29.9,45.65,11.23,1.6,61.3,55.68,0
Maize,41.92,35.27,88.88,32.72,4.92,109.7,31.53,1
Tomato,37.7,26.67,57.21,40.23,7.57,62.4,16.07,2
Chilli,65.19,27.66,53.44,51.74,7.01,87.0,53.69,0
Maize,65.17,37.31,44.3,10.18,6.93,45.4,47.34,1
Chilli,81.54,39.44,89.88,60.89,2.93,114.6,60.49,0
Maize,54.81,35.53,82.08,27.79,4.01,13.8,40.96,1
Tomato,35.62,24.34,38.85,63.75,2.26,86.7,26.35,2
Groundnut,49.27,22.25,66.12,31.52,4.43,114.5,41.51,1
Maize,57.96,24.18,43.11,46.24,2.43,96.7,46.29,1
Rice,44.87,28.46,74.37,66.13,6.47,101.0,33.61,1
Maize,70.38,24.73,61.62,69.09,3.72,42.9,62.67,0
Chilli,55.92,38.02,41.07,12.75,5.6,59.7,32.96,1
Rice,15.66,33.41,65.64,58.16,6.98,25.0,5.0,2
Tomato,54.89,28.33,85.09,83.5,2.4,51.4,48.23,1
Rice,59.35,25.48,53.77,28.58,4.98,10.9,48.74,1
Chilli,79.07,27.61,37.79,57.88,6.77,95.7,58.8,0
Cotton,43.96,29.52,86.99,50.29,7.61,114.8,32.24,1
Groundnut,55.21,34.28,42.8,86.49,1.3,87.1,39.06,1
Maize,48.25,21.79,61.13,49.49,5.45,99.1,37.47,1
Groundnut,52.22,36.98,64.96,94.95,3.48,66.5,34.03,1
Tomato,19.71,22.55,48.04,68.72,2.28,31.1,11.69,2
Cotton,77.81,25.25,44.76,60.52,1.26,89.3,71.56,0
Chilli,78.73,39.87,41.22,36.27,4.68,42.9,55.28,0
Cotton,53.36,23.8,38.85,63.69,2.67,60.5,43.91,1
Cotton,53.96,22.02,62.95,21.81,5.34,109.1,45.87,1
Chilli,19.03,32.77,81.31,47.46,2.25,51.0,5.78,2
Tomato,56.86,27.86,41.97,35.6,0.0,41.8,47.97,1
Chilli,45.04,21.84,73.53,70.32,6.14,13.5,35.43,1
Cotton,64.63,20.07,57.69,78.76,1.29,87.2,58.93,0
Groundnut,18.3,21.58,36.94,93.58,2.02,33.7,9.02,2
Groundnut,64.76,30.45,64.48,29.99,1.88,80.3,56.21,0
Tomato,35.08,24.62,48.86,89.63,2.74,50.3,24.2,2
Chilli,60.62,35.55,68.29,86.14,3.88,96.6,47.8,1
Rice,58.9,37.15,54.21,87.62,6.5,107.9,41.95,1
Cotton,30.88,22.9,71.65,76.64,5.2,35.9,27.05,2
Groundnut,45.83,26.74,85.52,34.09,1.17,97.2,38.71,1
Rice,73.49,22.93,48.45,89.01,1.47,26.8,65.1,0
Chilli,57.39,25.73,86.69,63.96,6.78,25.5,47.82,1
Groundnut,19.81,24.78,46.24,76.66,2.0,57.1,9.48,2
Groundnut,46.0,35.74,38.89,28.47,1.75,45.7,26.99,2
Maize,36.82,26.91,45.6,24.17,0.03,118.6,28.32,2
Rice,59.92,29.91,79.82,34.92,6.19,98.4,48.58,1
Groundnut,58.02,33.48,72.27,56.02,5.91,107.9,42.01,1
Groundnut,15.73,36.45,88.4,47.5,2.78,25.0,5.51,2
Chilli,57.54,26.02,74.04,89.88,0.06,88.5,50.35,0
Groundnut,66.44,24.18,57.69,11.17,6.28,76.5,58.47,0
Rice,68.81,39.57,84.08,17.2,0.79,20.9,58.67,0
Chilli,19.13,26.4,87.7,39.29,3.68,97.3,9.82,2
Rice,36.26,33.42,78.54,25.1,6.72,103.9,23.95,2
Groundnut,44.49,33.56,65.62,46.61,1.95,110.6,31.71,1
Cotton,27.58,30.28,80.42,74.58,3.04,113.4,19.23,2
Groundnut,44.45,24.57,44.85,99.41,5.29,21.9,36.39,1
Chilli,19.98,22.83,84.52,28.19,5.39,107.0,8.94,2
Rice,22.93,29.74,89.98,33.94,3.7,114.0,12.08,2
Rice,61.81,30.22,71.58,79.19,3.47,86.0,50.61,0
Maize,33.38,35.47,45.77,34.48,3.36,30.2,17.05,2
Cotton,64.8,34.2,42.94,73.34,3.89,54.1,54.14,0
Rice,18.37,38.24,87.77,62.51,2.77,19.9,5.0,2
Groundnut,54.39,39.42,82.92,86.94,2.05,10.5,42.04,1
Tomato,42.4,34.56,76.18,13.0,2.53,111.2,26.69,2
Maize,70.79,21.53,87.2,98.18,3.82,117.0,68.15,0
Tomato,69.88,28.1,62.69,96.78,3.06,111.1,59.05,0
Maize,41.29,32.18,83.83,12.01,4.68,37.9,30.51,1
Maize,58.59,31.8,43.96,54.96,5.05,78.3,44.43,1
Rice,30.93,23.63,45.05,46.13,7.97,65.0,16.35,2
Chilli,55.63,31.66,63.18,32.87,4.92,64.6,44.58,1
Cotton,20.69,26.99,53.29,98.0,5.88,57.1,8.87,2
Groundnut,45.42,26.78,58.79,25.71,0.78,113.5,38.85,1
Tomato,27.79,36.68,78.9,33.72,6.08,97.0,10.87,2
Groundnut,76.84,28.44,37.94,10.74,4.07,103.2,63.44,0
Groundnut,46.14,30.55,74.65,62.22,6.93,13.8,36.83,1
Groundnut,56.35,31.26,39.85,87.47,7.77,55.3,41.58,1
Maize,40.23,31.26,81.61,65.97,1.84,75.8,30.7,1
Groundnut,35.21,24.26,46.1,68.64,7.43,82.5,21.56,2
Chilli,29.2,31.99,75.42,15.97,5.37,108.4,14.18,2
Rice,78.83,26.69,67.55,74.33,5.91,28.4,69.15,0
Tomato,70.96,33.1,56.21,46.81,3.78,19.9,56.79,0
Cotton,24.33,22.91,49.71,52.63,2.84,108.3,18.62,2
Rice,67.27,39.88,38.16,62.65,6.4,65.7,48.58,1
Maize,44.3,35.44,54.44,97.78,0.18,69.3,31.21,1
Cotton,16.08,28.35,46.03,77.34,4.32,107.9,5.0,2
Rice,51.99,26.03,42.48,71.55,0.59,92.5,43.43,1
Maize,24.1,27.76,75.62,48.87,2.04,90.4,11.87,2
Tomato,29.7,34.42,46.69,13.1,5.8,30.5,9.58,2
Chilli,63.72,33.11,47.27,58.48,6.04,78.4,46.04,1
Tomato,33.0,34.04,53.73,69.48,7.11,59.5,15.61,2
Groundnut,77.43,37.78,60.45,73.38,5.72,77.2,60.11,0
Rice,61.0,29.13,63.25,64.71,5.4,73.3,49.85,1
Groundnut,73.26,33.39,71.55,37.03,7.56,12.9,60.07,0
Cotton,58.06,28.83,67.37,29.89,4.3,47.8,50.64,0
Groundnut,75.82,32.76,61.49,18.11,5.23,60.4,61.51,0
Groundnut,40.32,29.5,56.67,73.25,6.94,65.0,24.46,2
Tomato,53.44,35.53,49.62,97.37,6.11,20.9,35.32,1
Groundnut,51.11,20.11,74.05,57.25,6.16,108.8,47.39,1
Chilli,78.27,24.31,52.46,70.59,4.29,46.8,65.46,0
Groundnut,26.54,25.93,81.73,72.33,4.22,63.8,18.48,2
Groundnut,55.46,38.91,67.24,24.53,5.19,83.0,37.72,1
Chilli,67.81,30.14,69.87,27.26,5.6,89.1,58.12,0
Maize,40.9,27.29,62.98,28.74,4.37,51.6,28.28,2
Rice,75.73,28.09,86.07,93.96,1.48,24.2,69.77,0
Rice,41.11,29.04,58.19,11.4,1.99,32.8,31.29,1
Maize,27.13,37.36,58.48,58.71,3.94,28.2,8.7,2
Cotton,55.88,39.25,84.12,43.95,1.63,36.9,42.9,1
Chilli,44.44,36.88,68.27,69.34,3.39,76.4,28.79,2
Maize,16.06,36.83,59.7,29.84,1.18,68.9,5.0,2
Tomato,19.89,23.98,49.42,96.51,1.17,28.5,10.48,2
Chilli,28.67,25.37,48.48,39.81,6.75,85.0,16.72,2
Chilli,68.85,31.92,79.08,93.33,4.34,17.0,52.33,0
Groundnut,77.44,33.12,50.37,63.03,6.24,110.1,58.16,0
Cotton,53.19,24.05,35.32,47.3,0.09,72.3,44.26,1
Chilli,22.39,34.93,36.07,76.05,2.29,74.9,5.0,2
Groundnut,52.41,24.0,88.81,59.78,0.14,41.4,48.52,1
Maize,74.89,25.26,65.79,22.47,0.03,66.3,67.93,0
Groundnut,67.46,26.14,61.9,73.4,0.26,56.9,61.4,0
Maize,35.38,36.92,85.48,62.15,4.17,114.6,23.42,2
Rice,23.67,34.64,54.34,60.91,0.73,18.4,14.12,2
Maize,78.05,30.61,78.72,76.43,6.39,60.5,65.61,0
Rice,74.79,36.39,74.7,68.81,4.13,97.1,60.87,0
Rice,18.76,36.26,61.24,42.96,1.96,69.9,7.92,2
Groundnut,72.66,27.8,77.6,38.66,6.71,72.2,65.44,0
Cotton,21.8,35.63,88.12,32.57,4.08,110.2,12.09,2
Tomato,19.43,24.12,46.03,61.76,2.81,51.3,7.94,2
Groundnut,68.1,30.06,35.96,36.99,4.54,10.2,55.11,0
Rice,52.54,22.36,80.18,20.84,5.38,111.8,46.34,1
Tomato,44.02,28.54,57.2,80.44,4.47,13.6,30.5,1
Cotton,78.27,30.41,64.94,28.82,7.46,97.7,67.76,0
Tomato,73.75,21.6,47.24,24.84,2.83,25.4,65.98,0
Cotton,19.03,29.25,81.3,86.41,3.28,12.3,14.64,2
Groundnut,58.13,33.03,74.67,73.19,6.87,49.0,42.5,1
Rice,69.06,32.28,87.44,78.95,5.1,105.0,54.25,0
Rice,53.53,21.09,61.14,41.53,7.73,14.1,44.58,1
Groundnut,83.81,21.91,88.71,65.57,6.34,38.9,77.88,0
Chilli,63.02,27.03,63.1,93.9,4.1,40.7,48.27,1
Chilli,22.29,36.85,69.18,35.44,5.08,20.4,5.0,2
Maize,28.88,37.4,72.08,16.21,3.25,20.2,17.51,2
Maize,72.84,26.19,61.94,25.38,1.02,109.9,64.88,0
Cotton,84.77,34.38,65.95,90.77,3.26,86.5,73.67,0
Chilli,21.88,31.55,47.28,35.34,2.25,44.2,5.49,2
Rice,22.02,39.67,54.93,54.21,5.42,36.2,7.65,2
Chilli,68.44,21.89,73.61,58.11,5.35,14.7,60.32,0
Cotton,19.5,30.96,37.14,96.4,7.5,49.5,5.73,2
Rice,19.8,31.85,73.52,37.13,0.64,43.1,12.18,2
Maize,77.22,26.15,51.71,56.93,3.74,110.9,65.61,0
Cotton,71.03,20.94,49.95,96.23,3.19,34.3,68.14,0
Chilli,76.71,21.04,73.14,28.12,4.22,54.6,71.04,0
Rice,60.54,29.07,46.82,63.81,0.96,85.0,50.79,0
Rice,37.58,33.85,87.89,15.72,3.93,45.3,27.16,2
Chilli,78.44,34.0,89.49,33.67,5.26,96.0,64.73,0
Maize,35.91,23.62,60.2,16.23,2.51,89.9,27.06,2
Groundnut,34.29,37.16,57.08,39.71,5.2,13.9,18.94,2
Chilli,77.05,27.54,39.35,28.58,2.13,104.1,62.41,0
Groundnut,62.66,39.29,77.8,81.86,2.95,50.0,47.6,1
Tomato,77.7,22.36,43.95,51.71,7.26,20.5,63.44,0
Maize,25.91,36.73,86.32,46.45,0.2,86.8,14.02,2
Rice,81.66,38.17,89.48,72.31,2.18,92.2,69.0,0
Chilli,57.89,36.45,41.73,95.25,7.49,17.8,40.24,1
Tomato,61.76,36.18,72.57,37.14,1.18,48.9,50.17,0
Maize,78.98,27.23,60.63,16.01,3.18,108.5,67.51,0
Maize,41.65,34.27,64.76,19.88,3.63,83.6,26.32,2
Tomato,65.37,31.59,44.88,87.15,5.22,68.7,49.2,1
Rice,59.82,28.49,74.79,86.13,4.89,65.5,53.97,0
Chilli,70.14,39.86,44.16,52.78,5.01,76.9,49.23,1
Groundnut,77.79,25.81,83.69,23.29,7.52,81.8,64.25,0
Tomato,62.6,28.26,59.97,57.38,3.14,17.6,53.33,0
Maize,19.73,38.06,69.92,70.16,3.92,46.8,6.3,2
Tomato,27.82,25.78,85.7,39.9,7.71,67.9,20.93,2
Cotton,81.78,23.05,75.59,17.43,1.03,90.3,76.85,0
Maize,82.81,26.2,64.75,38.97,7.59,91.7,70.1,0
Groundnut,82.72,35.19,57.15,72.15,7.59,76.6,66.16,0
Tomato,17.58,37.2,60.42,98.05,7.63,74.5,5.0,2
Rice,41.77,22.29,53.79,27.11,0.54,50.5,34.51,1
Chilli,68.18,32.43,87.04,92.31,4.62,101.8,55.44,0
Chilli,67.7,31.35,48.91,51.1,6.71,110.8,45.74,1
Groundnut,21.01,33.38,57.51,69.69,2.51,103.1,5.0,2
Groundnut,57.66,33.42,77.8,87.73,4.72,105.9,46.07,1
Groundnut,25.0,39.19,55.04,60.17,2.05,110.0,9.29,2
Chilli,49.52,26.93,83.76,15.53,1.04,32.2,45.75,1
Maize,31.78,26.0,48.37,33.92,6.82,66.5,19.24,2
Maize,18.72,31.62,36.72,82.26,7.85,68.8,5.0,2
Rice,20.6,28.59,69.58,59.76,0.56,63.4,15.69,2
Maize,78.76,29.48,62.95,39.62,0.97,103.3,67.35,0
Maize,67.13,21.39,86.32,62.5,4.71,45.8,61.22,0
Rice,80.23,22.96,58.27,34.17,0.69,27.7,74.93,0
Tomato,47.9,38.71,42.46,31.69,5.05,40.2,27.59,2
Chilli,43.93,21.37,53.14,84.56,5.76,25.7,34.03,1
Maize,40.09,31.8,56.63,46.01,3.32,54.5,23.98,2
Groundnut,58.14,35.09,67.07,34.66,6.05,22.8,43.18,1
Maize,39.61,20.24,50.1,46.83,0.91,19.6,34.5,1
Groundnut,67.24,24.45,65.27,92.86,2.41,59.6,60.15,0
Chilli,71.09,27.54,84.94,26.27,6.46,76.1,58.53,0
Rice,76.31,30.14,58.31,26.67,0.71,76.8,67.71,0
Tomato,32.0,26.83,70.84,41.84,2.28,20.2,20.44,2
Cotton,51.89,32.98,47.59,15.44,4.97,116.9,39.05,1
Chilli,30.64,24.53,79.07,16.74,1.98,23.4,28.36,2
Tomato,17.63,20.51,49.83,10.99,3.85,82.7,7.02,2
Chilli,64.55,20.03,66.89,23.16,6.7,107.8,54.68,0
Groundnut,53.43,26.91,51.51,67.63,2.16,107.3,42.29,1
Maize,65.67,27.23,38.71,27.68,3.49,66.3,52.44,0
Rice,21.13,38.97,52.58,44.0,0.15,40.5,5.59,2
Tomato,84.69,20.9,46.66,73.5,5.67,101.1,76.88,0
Groundnut,84.6,30.6,84.1,12.86,2.84,77.4,76.01,0
Cotton,47.55,31.56,49.64,28.82,6.88,97.0,32.57,1
Groundnut,75.62,33.99,88.59,99.63,0.71,54.0,65.21,0
Groundnut,32.05,32.77,62.08,63.73,6.26,110.5,16.68,2
Rice,66.63,20.16,47.16,69.4,6.51,112.3,52.33,0
Tomato,76.55,32.64,56.52,56.44,6.21,91.1,60.65,0
Rice,72.03,26.45,45.09,96.93,5.88,113.7,58.11,0
Rice,71.82,35.46,80.85,22.99,1.9,59.9,61.94,0
Groundnut,47.41,23.77,41.6,16.06,3.33,31.4,39.0,1
Groundnut,72.4,34.32,83.04,83.45,3.09,82.1,62.67,0
Rice,63.35,32.51,37.53,10.37,1.93,81.9,50.82,0
Cotton,24.27,33.05,51.48,60.54,3.93,64.0,13.79,2
Chilli,22.99,23.52,42.69,10.13,5.58,38.7,12.66,2
Rice,69.03,33.38,72.69,41.34,3.83,78.7,56.45,0
Groundnut,58.78,34.74,63.18,68.58,7.8,29.9,47.18,1
Groundnut,51.36,29.79,86.66,59.26,5.67,92.9,41.19,1
Chilli,78.51,26.81,55.14,60.39,3.54,109.7,65.47,0
Cotton,61.17,23.33,37.24,24.16,3.23,28.3,51.62,0
Maize,42.73,25.8,76.89,36.53,4.67,100.2,32.64,1
Cotton,43.98,35.28,66.87,73.9,3.45,31.8,33.84,1
Maize,57.37,28.19,80.51,12.1,1.78,65.0,49.66,1
Groundnut,68.22,34.05,58.44,63.58,4.17,112.2,56.72,0
Rice,54.5,34.8,75.6,56.54,5.38,19.1,41.46,1
Tomato,50.61,33.48,44.41,40.96,2.87,19.9,36.26,1
Groundnut,65.88,33.47,89.97,40.13,2.27,115.5,52.98,0
Tomato,64.37,32.22,44.55,81.91,1.74,27.5,54.51,0
Tomato,73.12,30.37,80.64,44.38,2.9,47.6,60.26,0
Cotton,19.38,23.96,46.68,17.19,1.95,60.5,16.34,2
Tomato,67.85,36.86,78.04,96.58,6.1,10.7,51.23,0
Chilli,50.96,39.29,82.37,21.73,5.11,30.7,29.49,2
Tomato,20.23,29.33,83.22,81.77,2.3,101.1,12.66,2
Tomato,62.53,38.66,61.16,11.25,7.93,67.1,40.76,1
Groundnut,65.16,39.96,58.58,42.8,5.17,53.3,46.48,1
Tomato,51.65,29.72,80.86,56.37,1.14,85.0,43.41,1
Rice,70.57,34.49,66.87,12.68,6.63,45.7,57.73,0
Cotton,36.02,32.88,69.17,76.07,6.03,58.2,25.29,2
Groundnut,29.13,24.75,47.98,33.45,4.0,119.3,20.1,2
Rice,39.55,20.94,59.54,58.71,1.87,95.2,34.05,1
Cotton,43.7,29.07,55.32,81.31,6.49,70.9,33.55,1
Chilli,63.72,35.74,71.59,63.2,1.0,67.9,48.97,1
Cotton,74.19,26.5,45.81,51.01,3.34,102.9,65.88,0
Rice,65.46,35.69,57.32,40.25,6.54,76.1,48.32,1
Groundnut,27.18,33.1,81.68,14.06,6.41,47.3,12.23,2
Chilli,40.64,33.91,65.05,92.17,5.04,56.0,24.06,2
Groundnut,26.09,25.71,84.28,63.27,0.06,30.2,21.49,2
Maize,63.07,29.4,47.79,66.84,2.66,115.5,51.46,0
Groundnut,32.37,23.63,59.19,49.65,6.83,81.7,18.64,2
Chilli,51.78,24.93,62.52,43.54,5.77,53.8,42.44,1
Rice,70.43,21.8,57.03,14.2,6.48,49.6,60.44,0
Groundnut,61.97,22.54,72.65,25.21,0.5,109.8,51.74,0
Cotton,35.89,24.21,43.18,48.3,7.53,49.6,22.94,2
Tomato,38.3,31.6,63.57,31.75,1.83,93.2,24.41,2
Chilli,60.74,28.82,42.63,14.0,2.66,101.9,46.9,1
Maize,53.46,25.34,69.61,59.14,6.72,110.1,41.41,1
Chilli,21.75,37.22,80.66,51.77,3.25,51.0,5.0,2
Groundnut,76.18,30.5,36.1,47.92,5.14,94.2,58.9,0
Groundnut,50.88,38.46,60.13,80.58,4.42,46.0,32.3,1
Tomato,48.14,32.7,62.1,63.96,6.93,113.8,30.17,1
Groundnut,28.89,20.32,74.61,10.13,1.25,11.2,26.13,2
Maize,41.39,38.27,39.11,78.57,0.78,72.7,25.58,2
Cotton,38.3,37.15,57.33,53.43,5.06,66.1,20.79,2
Cotton,33.95,32.71,78.2,56.51,6.76,106.5,20.94,2
Maize,54.72,30.7,64.27,90.06,7.38,33.8,44.58,1
Maize,47.36,29.06,76.24,19.83,3.2,19.6,39.75,1
Maize,77.24,29.64,55.02,63.95,5.88,103.1,61.77,0
Groundnut,80.89,35.38,85.6,35.39,3.13,48.5,67.56,0
Maize,30.36,30.26,39.25,13.3,2.55,45.7,19.26,2
Tomato,22.01,23.52,40.01,49.36,0.19,21.6,16.93,2
Maize,69.97,21.16,64.07,35.53,2.0,111.2,60.92,0
Tomato,84.64,22.52,60.9,10.13,1.36,79.6,75.11,0
Maize,75.45,25.03,70.12,54.37,2.15,86.1,68.13,0
Rice,16.66,27.35,47.6,38.0,2.31,108.8,6.62,2
Rice,32.59,37.85,47.43,49.07,6.87,102.8,14.8,2
Cotton,18.03,24.78,76.2,11.06,1.63,59.7,16.73,2
Rice,72.45,26.39,51.05,46.16,6.55,27.6,59.31,0
Chilli,55.7,24.46,75.0,52.34,6.87,84.0,44.4,1
Cotton,50.96,30.91,70.24,51.94,3.71,81.6,42.72,1
Cotton,53.81,32.34,39.58,74.52,5.8,15.2,42.36,1
Maize,32.67,30.64,74.11,99.22,2.55,108.9,20.07,2
Tomato,57.11,39.04,83.37,12.51,0.14,46.9,42.62,1
Groundnut,17.15,39.91,79.92,45.64,5.68,57.2,5.0,2
Groundnut,60.22,36.75,35.49,87.1,4.85,66.5,45.3,1
Chilli,66.41,36.11,64.68,66.31,3.69,110.3,46.77,1
Rice,62.11,27.32,85.23,98.52,7.19,28.8,52.45,0
Rice,38.25,31.6,67.93,74.21,5.82,50.6,27.59,2
Tomato,72.84,27.03,50.97,75.18,3.4,65.1,58.17,0
Rice,65.09,35.69,45.7,16.85,0.43,119.1,51.53,0
Groundnut,23.98,23.44,72.67,34.77,7.01,58.4,11.07,2
Tomato,28.66,24.33,77.42,62.54,7.88,53.8,17.9,2
Tomato,59.6,20.77,85.19,57.02,5.08,112.9,52.42,0
Groundnut,35.26,32.18,84.81,78.63,6.15,82.8,23.17,2
Cotton,23.36,33.77,53.66,99.43,4.05,28.0,10.02,2
Tomato,25.85,20.07,68.21,28.61,1.89,29.3,21.87,2
Maize,26.59,30.22,40.58,48.56,7.3,80.9,9.33,2
Chilli,48.45,27.54,40.2,88.02,5.51,61.4,35.52,1
Chilli,57.52,35.85,38.93,85.43,4.39,11.0,40.08,1
Groundnut,27.35,20.78,85.99,83.55,5.46,59.3,19.0,2
Groundnut,64.87,20.97,43.38,65.84,4.09,113.4,53.49,0
Groundnut,34.67,32.4,61.53,99.39,0.47,92.2,22.28,2
Rice,36.81,31.83,58.82,42.21,5.28,71.4,23.98,2
Tomato,30.64,36.62,52.86,20.47,0.04,31.5,15.55,2
Chilli,69.96,31.85,64.58,21.93,1.76,46.9,57.38,0
Rice,82.19,38.99,35.15,49.21,1.25,119.6,70.64,0
Maize,49.47,26.29,55.91,82.45,2.72,82.5,38.13,1
Rice,17.94,27.96,61.36,50.76,7.27,40.4,8.99,2
Groundnut,33.24,39.55,79.18,65.02,0.64,91.2,19.64,2
Rice,26.06,22.15,73.55,42.22,2.86,20.1,17.09,2
Rice,73.99,35.92,81.74,74.33,6.08,50.8,61.1,0
Tomato,20.94,20.23,55.7,23.78,6.9,35.2,13.28,2
Rice,82.65,29.73,42.75,56.81,5.89,108.6,69.28,0
Chilli,56.2,23.07,57.06,26.66,7.72,90.9,43.39,1
Maize,51.24,31.98,87.97,52.17,5.57,64.7,39.41,1
Groundnut,74.31,35.96,46.79,48.74,5.96,54.9,55.97,0
Tomato,16.93,20.66,44.61,64.41,3.38,104.4,8.54,2
Chilli,69.4,23.28,86.94,55.86,2.42,31.5,63.77,0
Chilli,23.16,26.85,87.25,97.82,3.7,18.2,14.3,2
Chilli,73.85,25.12,43.21,91.03,6.14,103.7,59.53,0
Cotton,52.04,27.66,77.32,36.47,5.2,104.2,42.55,1
Tomato,19.28,39.04,58.64,20.91,6.18,36.7,5.0,2
Chilli,73.33,22.02,62.07,15.83,5.02,31.5,65.52,0
Cotton,16.91,28.47,62.43,27.82,5.86,89.3,5.0,2
Groundnut,24.69,29.14,88.26,29.99,1.25,25.8,16.23,2
Chilli,70.85,25.61,45.16,89.98,2.59,78.4,57.77,0
Chilli,47.54,25.57,77.52,93.24,4.49,87.1,42.21,1
Groundnut,76.7,34.3,35.31,30.74,0.13,78.4,62.07,0
Chilli,59.48,32.36,69.57,78.29,7.3,57.0,44.51,1
Groundnut,58.65,36.26,70.9,85.22,1.92,99.8,42.65,1
Rice,35.46,28.1,76.45,43.98,0.71,112.3,25.68,2
Maize,24.36,32.13,85.93,88.44,5.31,87.6,11.53,2
Rice,82.28,37.87,76.46,98.98,1.55,56.1,73.72,0
Rice,22.34,37.03,75.27,97.1,4.5,119.5,5.11,2
Maize,52.03,38.4,48.96,76.77,1.99,59.4,34.06,1
Tomato,34.08,25.38,89.61,43.45,1.33,22.8,31.17,1
Maize,33.49,39.71,60.76,30.43,5.88,30.1,18.29,2
Maize,56.62,36.33,57.96,99.36,3.11,48.3,42.27,1
Chilli,70.86,35.9,62.6,34.86,4.6,28.8,55.51,0
Groundnut,69.4,33.35,56.67,49.45,1.73,95.6,54.6,0
Groundnut,75.82,39.67,67.65,33.77,4.42,11.6,57.71,0
Maize,35.5,28.83,54.23,54.65,3.37,54.6,21.43,2
Tomato,47.6,34.83,48.2,19.93,0.41,106.6,29.73,2
Cotton,15.65,33.98,86.04,82.82,5.81,23.0,6.1,2
Rice,67.28,34.64,86.03,55.46,4.42,73.4,53.22,0
Chilli,36.16,35.03,62.29,47.76,7.42,112.7,16.44,2
Maize,54.3,23.82,87.92,42.68,6.46,17.9,46.59,1
Tomato,26.85,26.98,57.86,62.18,4.57,48.5,13.49,2
Chilli,72.36,27.85,56.31,80.19,0.34,14.1,65.21,0
Tomato,72.21,34.96,85.43,91.23,6.02,85.0,54.34,0
Tomato,76.42,34.32,69.81,85.74,4.39,55.9,63.9,0
Chilli,18.22,36.67,76.94,50.1,6.68,114.2,5.0,2
Tomato,84.47,35.77,57.7,85.06,4.62,86.0,64.06,0
Cotton,32.34,31.92,57.39,57.58,0.02,76.2,25.75,2
Rice,36.66,22.8,39.58,67.44,6.52,110.1,22.52,2
Maize,32.45,32.71,88.17,70.71,6.39,24.3,23.01,2
Cotton,33.73,37.74,47.54,45.97,0.8,96.2,21.29,2
Tomato,53.69,32.86,62.18,53.74,5.47,90.3,33.6,1
Cotton,31.79,37.91,41.3,72.33,4.21,84.1,13.8,2
Cotton,42.56,39.98,70.58,37.71,4.72,80.2,27.56,2
Groundnut,60.89,27.18,56.5,77.22,7.11,23.7,50.61,0
Tomato,73.52,34.47,77.22,41.87,2.0,99.5,59.41,0
Cotton,63.49,30.8,64.06,62.69,0.11,79.9,55.02,0
Groundnut,56.6,29.1,42.12,85.39,1.67,94.9,44.56,1
Cotton,25.34,24.8,35.59,12.09,7.32,106.4,9.17,2
Tomato,72.13,24.92,46.68,31.63,1.69,69.7,63.31,0
Cotton,17.61,23.7,74.84,60.51,5.4,115.3,12.66,2
Rice,33.49,32.63,80.57,19.55,6.32,22.0,23.69,2
Chilli,18.99,22.84,53.77,28.5,6.51,10.4,7.31,2
Maize,61.72,28.63,64.48,77.42,0.08,46.3,51.77,0
Chilli,40.79,30.47,48.2,12.32,0.08,33.8,27.0,2
Chilli,60.64,28.76,83.42,64.9,7.91,70.9,44.81,1
Rice,39.29,37.1,88.09,13.07,4.22,40.8,31.88,1
Chilli,46.9,28.86,76.41,20.43,0.51,85.7,37.72,1
Groundnut,47.06,21.66,39.89,45.13,0.21,114.0,41.03,1
Maize,18.19,39.84,59.04,96.83,6.49,94.6,5.0,2
Tomato,45.12,36.9,89.48,59.13,7.24,56.2,28.42,2
Groundnut,59.87,33.2,47.62,38.1,4.2,118.4,42.14,1
Rice,53.22,35.13,71.88,47.02,2.97,94.8,41.65,1
Maize,20.27,22.56,86.62,61.19,5.62,99.2,10.54,2
Chilli,61.76,35.32,77.53,65.75,0.18,32.5,51.59,0
Maize,36.62,24.15,68.49,34.11,7.19,85.6,23.47,2
Groundnut,16.01,29.78,62.87,27.76,2.05,17.8,5.85,2
Maize,25.89,23.56,86.08,54.58,1.53,35.9,20.98,2
Groundnut,49.83,35.08,56.71,68.04,2.49,11.8,39.8,1
Rice,36.73,24.92,84.57,83.49,0.51,87.6,27.13,2
Cotton,63.61,25.06,58.71,63.35,3.12,12.3,61.67,0
Chilli,31.85,22.18,76.61,72.32,5.72,59.4,21.84,2
Tomato,69.1,34.41,85.36,53.56,3.99,81.4,54.87,0
Tomato,35.05,25.92,65.29,61.0,5.34,43.5,24.62,2
Cotton,58.46,30.37,52.04,67.19,1.71,50.4,49.83,1
Chilli,70.95,26.64,37.8,31.27,3.18,105.5,58.21,0
Chilli,41.99,35.49,79.51,94.07,4.16,109.2,27.19,2
Rice,18.28,24.53,69.21,41.08,4.58,104.5,13.56,2
Chilli,52.48,38.82,49.47,64.42,1.49,92.5,35.03,1
Groundnut,84.68,26.43,83.26,60.49,6.46,40.5,75.47,0
Rice,82.83,22.08,85.62,86.8,0.72,18.2,79.61,0
Maize,30.47,24.81,83.79,20.22,0.79,63.8,24.32,2
Maize,67.9,21.48,68.08,89.58,2.0,111.7,63.95,0
Groundnut,39.15,29.37,88.71,22.33,5.23,34.6,33.59,1
Tomato,26.22,25.01,83.11,23.01,0.62,33.1,23.35,2
Maize,61.61,37.72,40.73,87.6,0.06,95.8,38.75,1
Cotton,50.06,30.34,88.96,33.14,3.78,75.1,37.7,1
Rice,52.75,24.67,65.18,65.06,2.77,54.5,45.55,1
Cotton,72.92,29.03,85.6,51.72,1.25,104.9,65.96,0
Cotton,38.56,23.92,76.82,94.08,5.25,74.1,31.77,1
Cotton,61.7,23.57,70.62,80.39,5.13,111.2,56.5,0
Chilli,40.63,26.01,52.97,40.15,0.98,50.5,33.57,1
Cotton,17.99,22.17,36.49,83.21,1.84,58.8,11.22,2
Cotton,41.46,23.77,50.22,30.32,2.92,18.2,31.72,1
Groundnut,81.5,38.76,72.72,65.4,7.92,50.4,61.47,0
Maize,48.83,33.34,82.47,77.64,6.15,29.8,36.08,1
Maize,22.58,38.42,35.13,73.28,2.7,13.6,5.73,2
Chilli,63.15,25.14,46.44,69.1,7.72,38.1,46.14,1
Tomato,82.44,37.14,72.02,84.7,3.64,64.0,67.31,0
Groundnut,78.56,27.25,50.6,60.06,3.04,37.2,64.89,0
Cotton,55.04,22.88,42.79,93.55,7.55,22.0,40.16,1
Chilli,41.34,36.09,39.51,23.03,5.89,59.7,18.56,2
Tomato,55.65,21.19,70.08,42.01,4.38,26.3,51.64,0
Maize,72.12,28.1,67.72,80.47,4.81,19.5,64.83,0
Maize,75.29,36.39,82.22,37.73,7.78,115.6,54.65,0
Chilli,72.32,32.34,52.32,49.87,1.22,62.4,55.47,0
Cotton,46.88,30.36,42.52,79.56,2.78,98.3,37.0,1
Cotton,23.32,27.07,78.95,58.47,3.37,28.8,16.18,2
Groundnut,54.84,21.5,89.35,26.89,7.88,60.8,50.43,0
Groundnut,25.95,39.82,54.82,25.74,0.67,19.9,13.01,2
Cotton,19.27,23.5,82.59,37.11,0.89,55.3,17.66,2
Maize,49.91,25.11,76.94,37.27,3.48,100.9,39.79,1
Chilli,60.88,24.72,85.14,22.3,1.35,108.2,55.06,0
Maize,74.79,38.16,58.34,85.12,5.48,67.1,60.59,0
Chilli,69.8,35.27,40.57,35.44,2.89,41.5,52.38,0
Cotton,75.01,29.15,41.51,82.2,6.77,90.7,61.85,0
Maize,68.2,39.11,76.98,97.61,5.99,80.3,49.82,1
Chilli,64.23,21.06,82.48,39.88,3.77,61.8,55.41,0
Rice,15.71,37.87,60.14,97.32,6.76,62.3,5.0,2
Cotton,58.83,21.21,38.28,27.21,0.81,64.3,50.97,0
Maize,23.43,27.82,38.67,68.27,4.65,47.3,6.61,2
Maize,19.11,21.08,67.92,99.21,4.84,67.1,8.59,2
Chilli,25.95,39.98,85.52,82.75,1.97,16.3,6.71,2
Tomato,72.63,38.29,56.98,30.67,0.4,72.7,54.57,0
Chilli,67.07,31.7,70.78,33.16,4.28,64.6,54.62,0
Cotton,81.41,24.36,64.81,33.62,4.11,56.3,73.73,0
Maize,83.53,25.54,83.94,94.87,5.23,45.6,74.78,0
Rice,77.53,28.99,80.78,32.09,1.7,78.4,71.39,0
Maize,24.3,26.46,45.96,55.87,1.44,63.3,17.56,2
Tomato,76.49,20.43,72.26,41.49,7.82,21.1,72.45,0
Maize,73.7,33.13,81.61,42.51,0.91,51.2,64.38,0
Chilli,75.98,32.27,86.16,46.74,8.0,18.4,61.12,0
Rice,25.62,38.09,67.45,41.05,5.76,51.7,9.34,2
Cotton,23.18,29.54,44.68,63.99,5.03,68.6,12.7,2
Tomato,79.67,26.89,65.7,48.29,2.72,53.0,69.36,0
Groundnut,27.17,30.23,71.62,49.69,6.94,47.6,14.35,2
Cotton,40.8,23.89,49.99,55.54,7.28,40.9,31.06,1
Tomato,46.92,32.51,88.52,42.06,5.78,52.0,31.82,1
Chilli,23.71,35.4,47.61,77.91,5.68,17.6,5.0,2
Rice,16.44,23.07,85.12,55.31,3.95,119.3,8.6,2
Rice,84.59,26.37,58.38,55.83,0.62,71.1,79.92,0
Groundnut,76.37,37.36,35.03,28.89,7.99,80.0,58.16,0
Cotton,78.86,30.11,64.88,12.78,0.12,30.1,73.81,0
Rice,34.92,30.64,69.56,82.83,3.96,111.6,22.41,2
Tomato,30.41,34.45,82.81,86.99,2.94,72.8,15.54,2
Tomato,44.81,31.56,64.73,31.71,6.21,55.6,32.39,1
Maize,46.73,21.39,40.18,42.4,5.89,88.5,33.03,1
Tomato,15.39,36.08,85.97,42.22,5.02,43.5,5.0,2
Tomato,69.55,38.46,66.09,71.58,0.6,112.8,56.3,0
Chilli,84.77,21.07,49.93,26.85,1.89,28.6,77.98,0
Tomato,52.01,22.42,84.44,98.08,0.75,101.6,46.64,1
Groundnut,42.18,34.04,41.65,15.57,7.83,116.3,25.25,2
Cotton,42.49,32.09,40.36,97.64,1.02,64.1,31.83,1
Cotton,21.73,27.65,64.43,16.19,7.74,106.4,10.75,2
Tomato,33.63,30.78,69.37,38.58,0.9,17.9,26.89,2
Cotton,50.15,34.07,63.1,32.56,6.9,78.3,31.68,1
Groundnut,45.23,30.09,86.09,33.37,4.6,49.2,36.41,1
Tomato,53.15,22.8,49.46,99.52,6.65,50.1,39.35,1
Cotton,74.43,21.79,89.46,51.25,5.07,59.5,69.48,0
Maize,30.77,28.78,36.06,20.76,6.15,75.6,15.05,2
Cotton,16.94,38.46,41.52,98.41,5.85,77.8,5.0,2
Maize,17.68,31.16,45.21,31.84,2.08,40.6,5.35,2
Cotton,24.39,27.16,39.38,16.53,7.48,52.2,13.02,2
Rice,54.93,38.17,59.1,12.18,5.15,37.4,39.74,1
Maize,71.57,27.77,82.6,51.69,1.62,79.6,64.16,0
Tomato,77.08,30.18,80.14,92.65,2.45,21.2,67.35,0
Tomato,59.46,22.33,75.96,11.53,4.26,56.6,51.89,0
Tomato,43.22,34.75,35.41,75.27,7.05,117.6,20.54,2
Maize,25.82,34.01,82.61,33.44,6.37,118.8,8.75,2
Rice,43.1,35.88,56.81,29.72,2.42,67.0,32.15,1
Cotton,38.27,26.5,75.24,73.34,5.51,37.2,30.44,1
Chilli,75.9,28.72,74.98,77.31,0.01,74.2,66.63,0
Cotton,49.07,23.37,44.76,60.31,2.66,63.7,42.33,1
Cotton,30.83,39.29,63.35,28.2,6.72,14.7,16.07,2
Rice,35.22,21.72,85.94,10.57,1.21,118.8,33.67,1
Rice,24.55,32.98,49.47,76.36,2.83,46.0,13.75,2
Maize,79.3,34.11,74.33,63.97,0.01,53.9,69.18,0
Maize,18.52,23.15,87.69,48.03,0.19,66.5,17.08,2
Tomato,15.9,27.31,54.83,29.22,1.17,106.8,5.0,2
Cotton,27.81,20.86,56.32,78.57,0.81,97.9,20.48,2
Chilli,71.76,31.13,59.89,16.38,3.92,32.6,59.87,0
Cotton,51.64,39.9,79.5,67.84,7.2,88.8,32.87,1
Rice,58.81,28.6,59.16,71.96,0.68,106.2,42.5,1
Cotton,40.04,39.8,61.74,30.09,6.96,88.6,25.23,2
Tomato,19.81,22.52,47.23,53.5,5.35,25.3,9.9,2
Maize,74.93,27.85,89.36,56.82,1.35,69.3,69.07,0
Maize,28.43,38.04,84.08,63.22,2.32,102.2,17.13,2
Cotton,17.31,37.53,68.01,91.11,1.55,31.5,6.5,2
Tomato,55.09,26.47,87.83,59.18,6.31,69.2,43.9,1
Tomato,20.83,33.57,72.78,16.06,5.8,83.7,6.12,2
Maize,21.7,37.72,87.75,41.05,2.44,79.9,7.1,2
Maize,71.03,35.34,43.88,66.55,0.43,21.7,56.86,0
Tomato,49.41,32.57,47.4,39.98,1.35,40.5,35.81,1
Tomato,31.91,23.05,83.69,79.11,5.04,70.7,24.7,2
Tomato,39.4,21.46,58.09,27.09,0.72,33.0,33.17,1
Maize,66.05,32.29,55.41,22.87,4.29,46.7,51.01,0
Maize,19.64,30.01,76.49,30.79,4.9,55.7,6.11,2
Maize,23.15,24.76,69.67,88.85,5.5,11.5,12.95,2
Cotton,58.14,25.86,53.92,71.28,1.0,66.1,54.77,0
Tomato,57.49,27.84,56.88,56.8,3.68,119.4,43.22,1
Groundnut,83.07,29.91,57.46,37.03,3.71,54.9,71.77,0
Cotton,41.22,27.81,41.95,92.67,6.68,40.2,26.65,2
Tomato,19.56,27.75,47.63,89.99,3.75,37.8,11.72,2
Tomato,52.63,22.31,64.56,45.95,3.25,66.7,42.84,1
Tomato,59.68,37.31,78.0,77.75,0.99,60.2,43.57,1
Tomato,24.77,32.18,58.05,92.22,5.56,104.8,7.29,2
Maize,53.7,22.92,56.08,38.2,4.96,80.3,41.94,1
Rice,28.84,28.48,70.78,39.58,5.74,53.9,19.15,2
Rice,74.13,28.33,43.65,59.12,5.25,52.4,58.65,0
Maize,73.46,32.01,55.94,46.75,7.0,70.2,59.52,0
Cotton,45.07,32.18,46.45,78.53,7.02,37.9,33.66,1
Tomato,82.67,32.9,70.84,58.32,2.46,56.5,69.49,0
Groundnut,83.58,33.96,41.18,29.07,1.46,41.4,66.68,0
Maize,24.05,22.07,59.63,42.07,7.41,66.7,11.83,2
Groundnut,40.74,26.1,67.79,70.41,5.7,70.1,30.54,1
Tomato,57.02,20.35,80.85,14.81,7.77,103.1,45.24,1
Chilli,20.94,29.09,74.85,40.8,3.98,37.6,7.9,2
Cotton,41.79,28.59,86.86,11.45,7.7,109.5,33.87,1
Rice,33.28,34.69,72.39,83.88,0.98,68.9,22.97,2
Groundnut,81.64,23.34,54.21,20.55,4.72,90.0,71.99,0
Maize,43.81,32.63,47.74,16.95,3.97,77.3,29.47,2
Maize,68.39,26.13,38.11,80.79,0.02,101.2,57.56,0
Chilli,42.07,27.64,50.27,18.06,1.54,82.9,30.06,1
Chilli,24.23,34.39,42.53,71.58,1.23,11.2,10.13,2
Rice,75.42,21.43,55.31,44.19,0.49,52.9,72.04,0
Groundnut,15.03,26.86,73.64,83.95,7.59,113.2,5.0,2
Chilli,18.92,27.83,73.06,26.46,7.72,59.7,8.09,2
Groundnut,40.51,34.31,52.5,17.6,7.13,101.1,22.94,2
Maize,63.08,23.98,62.97,30.56,7.91,105.6,47.94,1
Chilli,38.92,38.95,46.92,93.89,6.65,46.6,18.86,2
Maize,19.64,39.96,62.66,84.62,7.46,104.3,5.0,2
Groundnut,37.25,36.38,63.05,35.72,1.58,51.5,22.66,2
Cotton,32.15,25.99,51.57,28.55,2.06,12.8,26.59,2
Groundnut,15.38,33.28,49.27,24.12,6.9,86.4,5.0,2
Chilli,52.44,21.66,88.88,29.91,3.84,100.2,43.7,1
Cotton,23.17,37.43,64.54,28.45,5.74,59.7,10.72,2
Maize,35.12,30.32,65.91,89.94,4.5,29.1,27.16,2
Maize,59.88,23.53,35.43,11.8,2.45,77.7,49.97,1
Cotton,65.76,26.55,45.0,89.21,2.28,91.2,56.11,0
Rice,33.44,36.01,54.61,13.73,5.99,82.0,13.83,2
Cotton,38.04,37.4,88.13,84.42,4.26,49.1,31.25,1
Rice,32.28,30.39,44.64,48.32,2.88,50.5,19.39,2
Chilli,81.98,29.61,51.68,16.95,4.94,70.4,63.9,0
Maize,28.34,35.01,89.46,81.91,3.36,31.3,17.37,2
Maize,27.82,36.52,61.46,33.08,3.8,103.1,13.28,2
Maize,46.15,35.3,52.51,89.02,5.42,21.3,32.34,1
Maize,28.25,27.69,69.89,77.7,3.66,63.5,16.93,2
Maize,25.97,32.84,62.3,98.36,7.6,104.5,8.63,2
Maize,21.71,37.15,87.66,84.87,3.88,68.2,8.07,2
Chilli,59.81,23.04,39.58,31.69,7.69,93.7,46.51,1
Cotton,57.85,27.76,78.48,46.83,6.78,36.4,50.39,0
Chilli,60.51,21.13,50.35,72.7,7.13,59.0,49.33,1
Chilli,69.13,28.18,79.37,38.45,6.11,88.4,58.31,0
Groundnut,37.85,35.45,81.62,59.19,4.84,107.7,21.09,2
Groundnut,79.29,23.94,81.71,31.39,4.26,80.7,73.01,0
Rice,66.32,30.84,82.67,69.67,4.41,36.7,57.39,0
Cotton,71.33,20.73,74.5,40.79,1.61,26.1,68.43,0
Tomato,65.47,37.95,42.83,14.97,1.72,102.6,45.45,1
Tomato,40.09,36.4,37.85,97.1,0.27,70.9,23.04,2
Cotton,34.81,30.49,53.74,85.95,5.96,30.2,22.41,2
Rice,44.58,34.12,62.23,37.33,1.0,63.4,38.86,1
Groundnut,21.79,22.08,51.64,21.67,4.66,23.9,16.32,2
Cotton,46.59,36.9,75.82,76.17,1.1,21.6,39.32,1
Groundnut,18.02,34.31,74.73,29.86,0.53,111.2,5.66,2
Cotton,15.28,22.4,88.46,64.49,4.27,69.9,8.75,2
Groundnut,80.2,39.61,57.03,80.12,6.98,37.4,61.14,0
Rice,63.25,20.45,78.22,34.52,2.85,106.9,58.57,0
Groundnut,54.33,32.57,75.77,35.62,7.35,119.9,36.44,1
Rice,38.88,23.44,89.38,15.55,0.08,107.3,36.19,1
Tomato,54.94,34.39,77.55,38.79,3.73,92.2,42.24,1
Rice,77.41,21.41,50.6,63.77,1.17,115.8,65.96,0
Maize,60.67,21.62,35.84,24.02,2.53,31.7,50.26,0
Cotton,57.17,29.33,88.25,95.78,0.19,106.5,53.65,0
Tomato,47.21,39.88,74.38,75.02,0.28,49.5,33.02,1
Cotton,39.2,25.53,79.69,28.35,5.7,13.5,30.88,1
Chilli,63.9,32.25,78.63,57.76,5.24,13.6,52.49,0
Chilli,83.67,30.37,75.47,45.23,1.67,30.7,72.76,0
Groundnut,44.73,36.84,76.33,44.41,7.21,95.7,27.64,2
Maize,42.45,25.77,86.12,60.4,5.5,108.6,30.69,1
Maize,44.97,31.1,85.28,19.73,2.69,24.1,36.16,1
Groundnut,44.79,39.01,55.86,29.38,3.26,103.0,29.62,2
Chilli,84.34,26.65,36.7,23.47,2.34,93.1,69.76,0
Chilli,64.47,28.79,37.13,25.66,6.64,15.7,49.28,1
Tomato,40.14,37.78,59.57,68.97,3.95,90.5,21.02,2
Tomato,41.01,26.65,80.92,99.65,1.08,14.2,37.11,1
Tomato,45.16,27.61,81.62,68.6,1.61,38.9,36.71,1
Tomato,17.57,26.08,57.24,98.63,2.37,68.4,10.17,2
Tomato,51.95,36.19,51.59,61.93,3.23,110.0,34.5,1
Cotton,71.8,38.61,62.86,35.5,4.74,21.6,59.01,0
Rice,61.24,32.62,80.79,88.51,7.71,48.3,49.08,1
Chilli,28.89,32.47,70.01,16.05,2.1,73.5,15.09,2
Groundnut,65.96,27.8,42.69,19.22,2.63,91.4,52.94,0
Cotton,65.36,20.25,54.92,95.29,0.19,110.7,61.17,0
Maize,33.38,23.48,65.55,68.52,2.98,61.6,23.4,2
Rice,58.6,22.95,64.6,93.61,5.4,102.5,48.5,1
Groundnut,57.77,22.32,80.68,21.96,7.7,77.9,47.29,1
Rice,73.79,33.08,86.27,79.14,5.92,32.4,63.89,0
Cotton,24.53,22.73,40.53,31.13,0.94,73.8,18.91,2
Cotton,28.64,21.71,47.34,40.9,7.12,44.5,22.39,2
Tomato,49.02,27.65,56.57,90.91,6.71,87.4,33.06,1
Cotton,18.09,24.98,51.3,47.01,1.51,41.3,9.76,2
Tomato,44.09,22.92,57.46,70.35,7.47,38.9,29.31,2
Tomato,70.18,22.92,37.24,89.85,5.71,114.0,56.35,0
Cotton,25.41,25.12,38.63,88.38,6.26,110.0,16.65,2
Groundnut,47.2,30.74,81.11,10.8,3.67,59.7,37.11,1
Tomato,84.28,35.16,40.64,24.24,1.61,94.2,66.54,0
Groundnut,50.41,37.06,80.32,92.68,6.39,118.0,34.17,1
Groundnut,49.88,35.03,51.86,60.62,3.82,19.7,36.09,1
Cotton,54.12,32.56,52.01,53.22,7.74,76.7,42.06,1
Rice,28.02,38.15,40.54,15.87,1.23,37.9,17.06,2
Tomato,25.3,30.39,35.73,12.25,2.84,98.0,9.8,2
Cotton,62.41,32.67,54.54,95.81,5.88,21.2,51.58,0
Groundnut,42.7,28.23,80.94,52.65,4.58,96.8,32.28,1
Cotton,35.29,26.55,85.6,80.78,3.47,32.1,29.47,2
Maize,17.2,26.63,38.39,29.8,5.61,60.2,5.0,2
Tomato,74.22,22.97,36.7,31.34,5.87,99.5,59.24,0
Groundnut,17.26,35.93,43.73,60.42,4.62,17.4,5.0,2
Tomato,67.5,21.11,77.15,88.84,2.55,112.1,62.34,0
Maize,41.74,33.49,46.27,35.97,4.95,33.9,26.03,2
Groundnut,56.91,37.29,47.69,39.59,4.36,65.1,39.25,1
Chilli,32.34,29.95,83.89,59.56,6.38,90.8,19.1,2
Tomato,25.88,21.4,83.12,13.6,5.23,23.6,17.92,2
Rice,52.34,28.57,71.87,44.09,3.97,77.0,44.27,1
Maize,63.69,26.86,44.02,60.07,0.15,66.7,53.15,0
Groundnut,28.68,39.71,55.96,10.43,1.34,74.4,10.63,2
Maize,45.55,33.83,47.99,67.42,2.69,82.9,31.22,1
Cotton,46.13,34.43,71.95,14.59,4.81,56.3,35.84,1
Tomato,30.12,30.32,77.9,74.8,6.34,42.9,15.11,2
Cotton,54.55,34.19,42.82,82.15,7.68,30.2,41.08,1
Cotton,25.22,34.45,84.39,85.49,4.8,113.3,15.26,2
Chilli,50.68,21.33,60.46,70.6,5.83,54.2,45.01,1
Cotton,22.94,24.45,78.73,60.54,4.97,41.0,16.25,2
Chilli,48.99,20.26,37.84,37.68,3.44,15.8,40.1,1
Maize,36.81,30.2,54.83,48.22,4.88,92.6,21.31,2
Cotton,46.66,37.52,35.81,17.84,3.21,68.1,32.8,1
Groundnut,45.36,32.19,74.52,73.64,3.63,31.0,34.61,1
Groundnut,78.56,30.0,39.37,12.22,7.29,108.3,63.69,0
Tomato,49.3,38.52,53.61,47.21,4.51,112.7,27.38,2
Cotton,72.29,23.44,78.0,55.56,0.8,106.9,68.68,0
Rice,30.8,21.49,76.19,68.51,4.19,71.7,24.5,2
Chilli,39.65,38.35,70.22,40.89,7.63,51.1,15.8,2
Chilli,20.26,38.06,73.17,49.85,0.8,27.8,7.62,2
Maize,44.45,33.66,70.82,62.86,7.77,51.5,25.16,2
Groundnut,61.81,24.92,70.27,93.09,7.9,77.3,50.42,0
Groundnut,73.67,39.4,54.23,70.48,4.49,34.9,56.3,0
Rice,54.61,35.31,36.55,32.9,2.66,61.0,39.53,1
Tomato,59.81,33.48,59.3,86.25,0.07,73.0,46.82,1
Tomato,27.41,24.46,37.5,14.96,0.12,90.5,17.04,2
Groundnut,17.6,30.26,60.79,34.51,3.1,20.0,7.84,2
Chilli,70.42,36.45,60.52,19.73,6.26,105.4,49.97,1
Cotton,26.69,37.21,44.83,50.23,7.54,60.2,15.64,2
Cotton,21.38,31.23,78.13,67.32,1.24,74.0,13.01,2
Cotton,80.63,30.46,73.73,57.79,3.9,113.4,68.36,0
Rice,82.45,33.95,65.77,83.01,4.01,28.5,67.59,0
Rice,58.14,30.56,85.92,61.07,3.04,107.3,50.1,0
Maize,41.5,28.35,50.8,30.94,4.32,98.5,24.91,2
Maize,73.33,21.71,49.41,58.28,7.4,119.3,58.44,0
Cotton,29.33,22.52,45.09,76.19,3.51,53.2,19.18,2
Rice,45.06,35.21,64.94,55.27,1.1,24.0,35.15,1
Maize,39.99,20.49,46.29,49.78,5.32,11.6,34.15,1
Tomato,78.89,21.05,82.79,57.62,0.25,97.2,73.35,0
Tomato,79.38,38.09,51.74,59.33,7.52,25.0,58.84,0
Tomato,60.56,34.08,62.0,37.95,7.52,43.7,37.05,1
Tomato,22.75,20.08,64.12,86.88,0.74,118.6,15.3,2
Chilli,48.75,26.24,51.92,28.69,4.41,58.6,37.42,1
Maize,32.17,35.27,75.61,12.95,6.38,35.4,16.64,2
Maize,76.94,28.35,73.06,76.73,3.72,92.9,68.29,0
Maize,24.69,29.38,76.84,85.81,3.83,39.9,10.37,2
Cotton,18.8,29.18,68.33,67.85,7.76,68.4,6.2,2
Groundnut,64.31,24.04,60.31,52.21,1.84,27.3,58.63,0
Chilli,46.73,34.43,59.69,97.77,4.21,60.7,31.08,1
Chilli,73.69,22.06,74.41,43.37,0.92,21.9,70.68,0
Cotton,20.22,30.15,55.74,46.53,2.42,95.0,10.64,2
Cotton,71.08,23.4,59.05,63.2,6.81,50.2,60.28,0
Rice,17.61,20.93,44.0,48.74,5.73,45.1,7.12,2
Groundnut,16.96,22.86,72.38,59.98,4.9,119.3,13.0,2
Rice,47.29,37.39,39.23,96.99,0.91,101.3,29.29,2
Maize,30.49,23.52,89.48,31.37,6.81,70.9,19.59,2
Chilli,56.56,25.57,42.91,23.37,2.38,113.9,45.14,1
Maize,16.81,22.76,56.06,48.12,4.28,33.3,6.22,2
Tomato,17.48,34.71,48.08,55.36,1.87,73.1,5.0,2
Groundnut,65.9,28.91,50.99,74.19,4.17,112.2,58.2,0
Rice,29.71,38.87,52.73,95.97,4.5,72.7,12.48,2
Tomato,60.95,33.29,74.51,71.98,2.72,43.9,48.87,1
Groundnut,67.49,30.63,44.72,98.85,4.05,99.3,49.51,1
Cotton,19.15,33.13,49.51,32.17,3.25,25.3,10.06,2
Rice,68.88,20.81,40.57,28.8,5.58,26.7,55.65,0
Cotton,33.79,39.01,53.23,37.59,4.35,90.4,16.0,2
Groundnut,42.27,39.13,86.77,80.84,7.02,17.6,27.29,2
Rice,21.06,25.52,55.91,26.79,0.4,15.6,15.92,2
Maize,73.7,32.57,77.75,27.66,0.21,51.7,61.52,0
Maize,54.25,24.04,60.39,47.06,1.51,53.8,45.95,1
Rice,50.33,30.95,59.73,38.58,0.95,61.7,37.24,1
Tomato,82.8,35.42,80.32,68.18,4.21,91.5,66.63,0
Tomato,38.42,38.8,36.48,90.12,1.6,72.6,16.83,2
Tomato,77.35,26.78,82.57,22.48,0.13,88.5,69.23,0
Maize,65.38,33.87,61.69,59.21,2.26,15.5,54.43,0
Maize,80.0,34.33,54.31,17.96,4.07,44.7,65.46,0
Tomato,78.55,24.42,84.88,29.93,5.71,116.3,69.58,0
Tomato,84.37,32.58,53.69,37.82,3.51,57.1,68.66,0
Tomato,24.22,33.11,88.77,62.12,7.7,34.5,11.01,2
Cotton,70.72,35.28,86.5,59.94,1.6,119.1,60.93,0
Tomato,71.31,40.0,49.74,67.88,4.11,55.2,49.53,1
Groundnut,60.11,20.8,53.73,83.7,2.03,62.7,54.94,0
Chilli,34.52,24.05,79.67,26.85,6.45,34.6,24.47,2
Cotton,82.56,22.9,45.76,76.9,1.5,82.2,75.01,0
Chilli,29.31,23.09,75.26,70.03,7.69,32.8,21.42,2
Tomato,49.97,29.08,42.1,17.17,5.73,77.1,35.15,1
Chilli,51.5,37.57,46.31,41.02,4.45,93.3,30.1,1
Tomato,26.33,28.97,62.53,12.49,4.26,81.8,14.65,2
Rice,65.58,33.37,76.02,18.12,2.9,19.9,53.05,0
Tomato,21.22,27.53,75.67,35.54,0.17,18.8,14.07,2
Tomato,63.52,26.39,68.49,31.88,7.32,102.7,47.99,1
Rice,74.4,36.68,49.97,91.02,6.36,109.5,56.65,0
Rice,39.46,33.11,57.85,90.44,1.08,24.9,30.5,1
Groundnut,64.66,27.02,48.54,62.01,0.98,51.3,56.64,0
Chilli,25.97,38.28,50.24,76.15,2.46,81.9,7.79,2
Maize,74.22,29.97,52.78,99.96,6.11,101.9,59.07,0
Groundnut,81.64,23.77,67.94,46.92,4.03,110.0,72.59,0
Tomato,25.69,29.66,46.42,57.02,5.23,86.9,11.62,2
Maize,63.43,33.49,37.34,68.6,0.05,26.2,47.19,1
Groundnut,50.41,27.34,73.09,92.85,7.39,94.5,37.02,1
Chilli,52.2,36.88,36.2,81.73,1.33,104.5,33.69,1
Maize,64.45,30.66,88.39,15.8,2.55,48.6,58.83,0
Tomato,49.21,29.36,54.27,74.17,7.58,64.4,31.79,1
Rice,57.02,37.17,35.36,32.67,5.86,28.3,38.97,1
Rice,31.16,29.26,83.65,32.94,4.09,43.5,20.16,2
Rice,41.5,28.29,67.99,59.25,6.9,105.7,28.17,2
Cotton,75.57,22.07,79.96,72.67,0.49,19.8,74.76,0
Chilli,22.69,27.25,58.93,24.33,0.61,93.9,15.62,2
Maize,56.83,27.94,54.48,38.31,1.24,20.7,47.14,1
Cotton,27.9,23.61,71.04,74.45,2.12,42.2,21.42,2
Rice,74.26,31.76,57.33,23.68,5.67,74.1,60.82,0
Tomato,55.53,22.88,65.59,86.47,4.26,10.4,44.48,1
Maize,43.21,24.47,50.28,51.04,3.41,84.3,35.28,1
Groundnut,32.49,31.22,53.3,62.74,6.26,44.8,15.76,2
Chilli,45.58,25.38,39.52,17.24,2.54,92.3,33.52,1
Groundnut,82.03,32.79,77.98,95.91,0.68,117.3,72.22,0
Tomato,50.64,33.81,54.19,91.68,3.17,55.8,36.04,1
Groundnut,47.86,26.03,88.62,27.11,6.13,13.3,40.86,1
Rice,67.24,21.75,49.29,69.68,3.79,103.4,58.56,0
Tomato,41.53,29.79,61.13,81.38,7.82,40.2,26.5,2
Chilli,44.92,21.86,51.8,20.98,6.85,26.3,35.52,1
Rice,38.59,30.3,73.17,61.97,6.33,106.7,29.75,2
Groundnut,25.56,34.52,79.46,86.54,6.19,35.6,10.07,2
Groundnut,64.97,32.41,61.79,55.6,4.65,76.6,47.67,1
Chilli,76.11,28.97,55.18,93.14,7.21,37.9,57.49,0
Tomato,78.39,38.92,75.96,14.3,4.72,88.4,56.31,0
Rice,76.66,22.03,45.53,92.73,2.98,81.4,66.0,0
Chilli,46.62,37.6,67.97,97.95,1.57,66.0,28.35,2
Chilli,34.88,36.0,75.35,24.03,6.5,71.1,16.3,2
Cotton,59.65,28.39,49.81,48.79,2.97,35.0,52.31,0
Chilli,81.83,23.06,71.06,65.87,6.33,12.4,74.11,0
Rice,65.89,23.12,75.44,90.39,7.86,98.1,55.17,0
Rice,49.64,38.44,41.46,24.36,3.19,107.8,31.21,1
Cotton,63.22,24.67,52.81,40.06,2.73,95.6,59.23,0
Rice,69.08,37.48,57.35,81.81,1.36,87.9,56.33,0
Groundnut,79.35,30.07,77.68,46.9,3.8,61.9,69.65,0
Rice,68.43,29.23,66.21,64.44,5.23,74.2,57.41,0
Cotton,45.32,32.39,59.73,60.4,2.5,86.1,34.17,1
Groundnut,34.15,24.3,52.53,97.59,3.89,12.9,29.62,2
Maize,49.99,28.57,35.22,22.74,4.3,56.6,35.38,1
Rice,37.97,38.77,36.11,95.36,2.2,34.7,22.21,2
Groundnut,80.99,24.77,48.22,60.77,0.19,50.1,70.26,0
Tomato,50.56,38.43,41.42,91.37,1.72,92.4,29.54,2
Chilli,48.04,39.88,41.58,20.61,6.43,50.0,23.65,2
Groundnut,39.37,21.04,68.15,67.74,2.22,91.3,34.61,1
Cotton,59.76,30.63,68.3,85.61,0.11,116.9,49.94,1
Rice,51.4,23.44,37.46,80.82,3.4,111.6,41.01,1
Cotton,24.03,32.43,67.67,10.89,5.46,101.0,10.97,2
Rice,75.84,39.79,43.02,50.7,6.02,103.8,54.05,0
Cotton,40.13,37.94,55.75,20.38,3.31,53.3,24.59,2
Chilli,45.28,38.5,89.43,23.75,4.57,90.5,28.28,2
Tomato,29.4,24.27,63.71,73.57,5.96,83.4,17.81,2
Maize,53.74,30.85,36.88,96.09,7.11,118.1,34.83,1
Rice,64.14,24.7,54.12,67.07,5.12,73.2,52.47,0
Groundnut,76.68,37.99,71.9,19.21,5.53,57.3,60.62,0
Tomato,18.61,23.82,47.35,31.96,0.79,102.1,8.22,2
Tomato,83.13,23.08,88.04,44.1,3.36,92.5,74.46,0
Chilli,64.27,20.24,58.39,21.28,7.11,23.7,54.92,0
Cotton,34.9,23.64,36.16,86.32,1.29,75.6,30.76,1
Chilli,29.31,23.8,64.73,27.51,2.48,75.2,20.49,2
Chilli,35.73,21.55,72.19,21.66,5.42,79.5,24.09,2
Chilli,76.3,37.35,60.08,75.31,7.22,113.6,57.5,0
Groundnut,35.4,35.6,86.05,21.41,0.47,76.2,27.72,2
Maize,47.4,25.09,84.61,46.93,6.96,105.7,40.04,1
Cotton,64.4,35.67,42.64,56.4,1.76,49.4,51.94,0
Cotton,76.04,28.44,39.4,17.22,6.89,16.3,62.67,0
Groundnut,61.1,35.51,52.18,60.02,7.11,51.3,42.01,1
Groundnut,67.72,26.46,68.45,53.21,6.2,68.6,59.24,0
Cotton,27.13,31.29,68.09,70.16,7.39,101.7,17.94,2
Tomato,76.42,27.63,49.94,29.72,7.69,79.5,57.99,0
Cotton,34.3,23.75,87.31,42.1,7.4,58.6,22.39,2
Cotton,23.99,31.71,51.9,69.37,4.11,60.8,12.56,2
Tomato,83.34,35.02,79.23,13.2,3.71,119.6,65.88,0
Cotton,29.11,35.06,80.76,20.42,0.84,25.5,19.53,2
Tomato,24.57,27.13,40.41,35.52,1.73,32.6,12.39,2
Chilli,58.82,30.37,47.79,19.57,5.22,78.8,43.08,1
Cotton,37.32,35.28,46.84,13.56,1.02,87.2,23.7,2
Tomato,24.33,21.09,85.58,98.86,7.54,53.4,16.59,2
Maize,57.08,21.44,54.31,51.02,1.82,13.5,51.02,0
Cotton,68.13,27.52,81.01,58.03,0.7,67.4,58.1,0
Maize,70.52,24.47,61.29,32.94,1.88,25.9,64.55,0
Groundnut,25.89,27.49,60.15,10.69,0.39,16.2,17.76,2
Rice,53.98,21.88,84.69,77.57,1.33,47.9,48.44,1
Cotton,71.96,31.84,59.25,75.14,4.7,24.9,59.88,0
Cotton,26.28,33.43,75.97,97.53,2.31,58.3,17.5,2
Groundnut,29.54,35.84,58.34,11.9,6.41,93.8,12.4,2
Rice,15.17,33.01,40.6,22.33,3.24,15.2,5.0,2
Groundnut,51.72,27.93,37.92,74.09,5.71,65.0,38.57,1
Maize,28.63,38.7,46.45,39.71,5.67,64.7,6.49,2
Maize,65.7,34.53,74.72,15.74,1.09,10.2,49.41,1
Maize,82.35,30.55,55.55,37.09,0.45,91.2,71.31,0
Chilli,29.61,24.14,59.98,17.89,6.74,19.9,19.56,2
Chilli,60.44,32.98,40.6,85.38,5.61,112.5,40.06,1
Maize,29.83,31.83,69.27,88.92,1.4,80.3,20.08,2
Rice,16.26,33.67,79.19,67.32,5.44,41.7,5.0,2
Groundnut,68.1,35.62,69.36,44.7,2.64,111.8,53.5,0
Tomato,45.38,38.3,89.15,79.19,0.45,54.1,30.95,1
Rice,81.28,38.98,35.9,66.84,1.83,38.6,66.65,0
Chilli,52.4,32.6,35.86,81.28,6.05,52.3,31.3,1
Maize,26.02,39.32,62.5,55.98,3.13,77.3,13.13,2
Chilli,46.48,38.23,49.65,96.25,4.36,89.6,24.8,2
Groundnut,29.2,20.05,72.76,36.1,1.09,82.8,26.93,2
Rice,76.46,32.75,78.63,64.38,0.74,111.3,65.77,0
Tomato,63.36,23.57,40.63,82.72,1.91,115.2,54.55,0
Chilli,38.89,25.9,85.45,90.45,3.78,31.7,33.92,1
Cotton,51.95,25.95,36.65,95.21,6.78,110.4,38.93,1
Chilli,61.86,29.66,72.86,45.55,6.11,21.7,49.61,1
Maize,69.8,20.22,56.15,72.94,1.28,115.3,65.74,0
Chilli,20.61,24.72,71.71,36.12,0.57,38.5,15.18,2
Groundnut,16.58,20.58,40.37,68.44,1.8,39.2,7.87,2
Maize,23.01,33.01,86.54,26.58,6.82,56.4,9.85,2
Groundnut,42.65,37.79,86.56,47.93,4.13,30.0,28.31,2
Cotton,47.67,39.96,63.57,92.82,6.46,101.0,31.92,1
Tomato,24.55,28.97,63.03,82.98,2.96,23.7,11.89,2
Tomato,43.78,25.2,69.91,54.69,4.72,58.3,34.36,1
Cotton,45.91,37.06,66.9,23.22,4.76,109.8,28.64,2
Tomato,22.64,22.26,64.9,45.87,5.01,79.9,10.75,2
Maize,79.17,39.48,67.41,22.48,3.76,76.8,60.54,0
Tomato,56.94,34.3,82.22,16.17,1.91,119.4,43.12,1
Chilli,42.2,30.08,68.61,91.59,3.43,12.5,27.92,2
Tomato,50.48,21.93,45.77,54.23,7.8,45.2,35.79,1
Chilli,36.99,20.36,85.27,18.04,2.18,23.8,35.72,1
Groundnut,74.8,30.89,46.88,74.5,5.8,30.3,62.47,0
Cotton,55.25,28.28,44.08,16.68,7.56,33.8,38.18,1
Groundnut,49.64,36.85,89.84,45.65,4.53,79.0,35.23,1
Rice,78.76,32.85,46.74,30.73,3.91,39.9,67.96,0
Maize,73.66,28.64,40.51,24.82,0.97,83.1,62.49,0
Tomato,71.9,24.52,65.91,58.02,6.03,91.2,60.79,0
Groundnut,30.79,29.61,80.5,74.77,7.29,54.2,20.21,2
Cotton,25.72,23.26,38.34,53.85,7.85,69.0,12.82,2
Tomato,63.31,33.34,61.96,83.87,1.61,24.5,50.91,0
Chilli,47.8,32.11,38.77,92.56,7.36,92.8,28.18,2
Chilli,62.86,36.2,58.58,82.65,2.96,56.1,46.41,1
Maize,68.24,28.99,53.92,96.08,4.95,101.8,53.5,0
Maize,35.67,25.57,42.54,93.61,1.79,67.9,25.25,2
Rice,34.93,36.73,86.21,84.93,1.99,86.6,21.3,2
Maize,49.36,33.82,69.92,36.34,4.95,49.4,36.62,1
Maize,34.15,34.13,81.37,25.69,3.88,50.9,19.01,2
Cotton,61.71,30.56,84.83,75.43,7.72,58.0,49.85,1
Groundnut,67.27,37.52,86.16,86.1,2.12,80.0,56.28,0
Cotton,48.04,24.56,76.15,84.08,7.02,65.7,40.61,1
Rice,65.67,28.03,51.88,67.93,3.68,98.5,53.29,0
Groundnut,50.73,35.92,80.59,84.69,1.08,16.0,37.17,1
Maize,64.9,22.66,63.61,73.64,1.91,109.1,57.29,0
Maize,30.75,36.16,49.94,69.88,6.05,111.9,10.22,2
Groundnut,66.72,27.05,56.22,14.19,6.61,36.8,55.78,0
Groundnut,65.06,22.51,51.57,51.44,0.32,21.1,58.55,0
Rice,33.66,21.58,60.64,13.05,3.28,72.9,23.45,2
Maize,53.92,36.86,77.97,18.31,3.95,17.1,37.67,1
Cotton,74.87,35.57,61.67,58.69,4.92,35.3,61.66,0
Chilli,32.47,25.76,49.73,14.27,5.2,65.8,19.42,2
Tomato,66.52,22.33,39.81,92.19,6.64,77.5,50.55,0
Chilli,81.78,24.94,82.07,50.53,2.19,31.4,74.13,0
Groundnut,75.64,24.26,57.96,73.0,0.9,112.6,69.31,0
Tomato,43.11,34.66,59.31,23.3,1.49,29.9,31.38,1
Cotton,57.5,24.31,77.0,86.28,7.49,26.9,50.57,0
Cotton,84.42,24.32,81.73,53.03,4.37,27.9,78.48,0
Groundnut,54.79,20.65,63.11,60.29,1.75,112.2,47.45,1
Tomato,23.05,31.94,69.78,68.36,6.29,106.7,7.61,2
Tomato,18.18,33.78,48.15,58.59,4.7,13.6,5.0,2
Chilli,70.32,33.07,86.43,60.69,2.94,89.9,59.73,0
Chilli,44.65,31.37,66.24,77.01,0.15,18.1,36.7,1
Maize,32.28,39.32,74.58,82.58,6.26,18.3,16.28,2
Cotton,39.34,29.45,41.28,37.55,5.74,18.4,26.86,2
Cotton,68.02,37.2,70.03,92.98,2.1,101.3,55.29,0
Tomato,47.57,32.92,55.29,41.85,2.12,57.0,29.86,2
Cotton,75.79,21.68,59.75,34.51,2.17,71.3,70.25,0
Tomato,66.44,36.2,72.52,38.03,5.36,13.4,50.24,0
Maize,83.18,31.69,78.8,42.27,2.35,109.1,69.15,0
Rice,77.2,33.07,54.22,38.52,2.48,118.0,68.63,0
Maize,32.82,23.6,83.03,85.94,3.01,35.9,28.52,2
Groundnut,61.13,28.75,47.04,60.5,7.84,82.2,44.12,1
Maize,16.44,37.61,65.96,97.09,3.68,84.7,5.0,2
Cotton,84.38,24.31,43.32,17.56,3.02,116.3,74.28,0
Rice,33.27,20.0,50.91,65.26,3.76,63.2,27.99,2
Chilli,61.54,25.15,84.25,18.64,5.75,36.2,52.85,0
Maize,74.44,29.75,35.64,51.3,7.07,49.6,56.88,0
Cotton,26.23,36.43,85.36,44.45,7.93,80.4,12.32,2
Groundnut,74.35,32.87,53.06,71.27,3.89,62.0,63.33,0
Chilli,15.86,38.38,73.27,77.09,3.68,18.7,5.0,2
Rice,45.94,29.11,40.04,31.43,2.64,98.8,33.33,1
Maize,48.04,27.82,70.27,27.43,6.23,105.1,31.31,1
Rice,41.19,24.63,85.02,47.76,5.24,62.6,34.71,1
Maize,56.05,24.36,65.54,31.78,2.91,67.6,45.42,1
Rice,79.04,34.72,54.92,70.9,4.15,64.1,65.99,0
Chilli,37.89,21.61,78.65,56.59,1.65,68.3,31.58,1
Tomato,55.55,24.85,74.2,84.43,5.55,21.3,45.02,1
Tomato,76.42,37.72,41.47,98.31,2.02,57.7,56.38,0
Rice,69.11,31.54,71.61,44.03,2.8,59.3,61.05,0
Groundnut,17.85,20.93,71.56,92.08,0.54,119.7,9.54,2
Groundnut,81.0,34.09,76.36,79.95,1.76,15.4,72.45,0
Cotton,18.27,30.13,52.4,23.42,1.56,44.3,9.98,2
Rice,56.21,37.09,57.07,85.23,5.88,64.6,39.87,1
Maize,55.27,33.65,87.8,53.34,5.56,103.2,40.8,1
Groundnut,70.05,20.09,66.54,73.82,4.31,60.7,64.82,0
Chilli,25.39,24.11,62.97,73.24,3.1,42.0,15.85,2
Rice,27.56,25.16,89.28,89.74,7.12,68.9,18.41,2
Rice,67.65,34.04,47.63,78.5,7.07,42.7,51.88,0
Tomato,25.47,30.19,56.89,84.22,4.82,70.3,13.95,2
Groundnut,47.86,34.95,76.79,38.88,5.26,85.9,30.73,1
Tomato,66.22,30.26,74.22,97.58,6.37,68.4,52.97,0
Groundnut,60.59,26.55,88.17,69.54,5.78,77.1,51.49,0
Cotton,29.74,22.07,70.99,79.63,1.8,14.3,25.71,2
Groundnut,36.28,24.05,52.22,87.3,4.03,82.5,23.37,2
Cotton,82.83,28.02,56.87,21.14,1.22,116.7,70.67,0
Tomato,46.41,31.03,39.93,40.28,6.48,64.1,28.62,2
Cotton,18.11,38.77,85.8,85.23,5.23,98.3,5.0,2
Tomato,30.37,24.79,42.08,92.98,7.83,70.4,16.76,2
Tomato,38.97,33.32,65.01,78.05,1.09,87.4,23.48,2
Tomato,84.96,23.05,57.08,53.41,4.08,44.1,76.6,0
Rice,36.19,34.28,42.38,32.6,5.79,116.4,18.03,2
Rice,16.85,20.23,51.11,57.25,6.94,33.7,7.1,2
Tomato,50.9,33.12,69.85,45.76,6.83,27.5,33.17,1
Rice,20.85,23.26,36.72,89.71,1.62,15.0,14.12,2
Maize,34.18,23.61,88.13,61.05,7.86,69.5,26.65,2
Rice,84.47,31.18,85.0,45.29,7.85,78.1,71.59,0
Rice,64.32,27.51,39.65,54.86,7.75,81.4,51.0,0
Groundnut,18.55,29.43,82.76,94.02,4.91,28.9,9.24,2
Rice,46.41,26.18,53.07,65.19,6.66,81.7,31.79,1
Rice,27.01,39.07,38.71,30.61,0.61,28.2,12.92,2
Rice,23.61,25.81,51.84,55.01,2.04,93.0,13.82,2
Rice,56.09,30.84,79.49,51.91,0.74,40.3,43.46,1
Chilli,50.4,37.09,71.62,37.94,4.04,56.4,33.01,1
Cotton,67.0,33.28,48.12,76.27,7.72,50.4,49.37,1
Cotton,77.46,26.46,74.55,34.15,5.19,50.4,67.29,0
Chilli,32.27,31.05,73.93,54.33,3.69,89.3,18.62,2
Rice,79.61,21.66,75.86,49.69,6.34,119.8,71.3,0
Cotton,51.26,30.91,64.74,52.02,4.4,68.0,39.29,1
Rice,33.12,28.63,80.04,61.01,3.66,54.1,25.82,2
Chilli,74.21,35.16,70.27,71.5,5.03,42.3,57.94,0
Maize,17.49,36.96,41.9,22.87,4.09,78.7,5.0,2
Groundnut,54.17,23.99,79.56,35.95,5.13,59.6,46.72,1
Tomato,65.51,21.63,52.81,79.56,6.42,95.0,55.92,0
Chilli,34.6,27.81,73.78,91.7,3.7,76.7,19.36,2
Maize,75.44,30.68,72.13,14.02,3.32,55.3,67.05,0
Chilli,31.82,27.54,53.48,16.6,4.47,114.8,16.15,2
Groundnut,73.79,32.57,43.89,94.04,7.24,11.2,56.35,0
Cotton,20.5,30.11,73.22,23.31,3.38,85.8,10.71,2
Maize,26.19,38.73,81.7,98.14,6.78,55.2,7.54,2
Maize,41.67,28.19,81.1,84.54,4.94,23.4,30.37,1
Cotton,74.78,21.65,69.46,20.86,0.1,20.2,73.81,0
Maize,25.12,26.04,47.51,19.23,3.81,81.4,13.67,2
Tomato,76.28,32.12,52.39,97.96,1.68,26.3,59.21,0
Maize,31.08,25.12,76.5,32.93,1.2,104.2,25.44,2
Rice,46.68,25.38,57.6,58.48,1.88,44.2,40.27,1
Tomato,39.69,26.79,75.29,31.26,5.7,47.8,25.66,2
Maize,23.27,34.92,52.02,64.06,5.02,82.6,6.56,2
Cotton,81.1,38.8,35.35,85.6,4.29,34.2,66.82,0
Cotton,45.67,27.01,68.19,69.12,3.96,10.8,35.32,1
Tomato,63.32,23.91,68.05,14.2,3.11,59.0,55.53,0
Maize,55.27,28.41,69.52,63.57,7.09,68.1,41.02,1
Rice,50.12,27.04,49.75,69.49,7.46,59.0,38.43,1
Cotton,58.16,39.8,79.61,28.08,6.12,60.4,42.44,1
Tomato,77.88,29.28,61.81,78.59,2.31,83.2,67.76,0
Cotton,63.95,33.59,76.93,66.42,7.31,103.0,50.78,0
Groundnut,52.27,38.28,68.61,10.86,6.55,50.2,34.25,1
Cotton,60.16,32.58,57.88,95.55,0.99,96.9,48.59,1
Tomato,57.45,24.99,72.38,50.1,2.73,16.9,51.87,0
Groundnut,45.32,32.15,66.62,30.91,2.62,62.8,32.46,1
Cotton,58.73,28.04,63.09,17.76,5.84,51.4,51.15,0
Chilli,46.05,28.45,70.67,43.7,4.19,61.3,34.78,1
Groundnut,68.03,39.59,39.73,37.7,2.14,20.1,48.55,1
Groundnut,82.82,25.57,85.06,36.82,1.85,25.3,77.88,0
Rice,82.19,29.38,53.43,81.39,3.66,42.3,71.37,0
Groundnut,72.45,23.2,47.36,68.13,5.33,40.1,59.68,0
Cotton,57.12,23.57,77.45,21.97,4.07,52.4,51.53,0
Tomato,67.45,32.07,47.72,73.73,2.09,60.3,53.76,0
Tomato,27.46,35.02,89.77,75.11,4.96,34.3,16.14,2
Cotton,48.53,32.73,58.13,56.28,7.99,78.1,36.9,1
Tomato,33.01,26.59,51.31,99.62,1.41,51.3,27.44,2
Maize,15.24,21.19,38.41,35.51,4.23,16.6,6.24,2
Cotton,82.67,29.41,37.3,15.26,3.01,36.8,73.23,0
Chilli,75.47,30.09,40.23,12.59,1.75,71.6,59.87,0
Groundnut,50.96,35.41,35.28,38.85,7.0,76.8,35.45,1
Rice,32.79,32.81,52.99,54.81,7.66,98.0,14.84,2
Tomato,63.51,37.43,52.07,17.04,2.8,37.0,49.61,1
Groundnut,45.44,35.66,58.66,60.92,2.78,71.8,34.58,1
Chilli,71.23,27.32,47.81,91.08,0.73,62.4,58.77,0
Tomato,84.97,32.64,38.45,81.72,4.94,103.3,67.75,0
Tomato,39.44,34.95,38.91,70.52,0.21,90.3,23.65,2
Maize,32.11,39.14,45.02,69.56,3.97,24.5,13.09,2
Chilli,33.72,28.45,52.41,75.73,1.22,115.5,20.83,2
Tomato,21.53,32.97,43.14,54.48,5.38,49.1,5.0,2
Chilli,42.58,27.85,55.08,46.16,7.43,115.0,26.57,2
Maize,16.22,34.76,85.72,37.6,0.71,41.4,9.44,2
Chilli,23.01,38.24,49.39,18.97,6.22,61.6,5.0,2
Rice,34.02,38.38,44.26,60.59,6.64,70.6,13.9,2
Chilli,26.19,23.14,71.56,52.53,1.41,17.0,22.4,2
Groundnut,66.25,24.08,62.0,20.7,7.38,88.7,51.46,0
Rice,22.39,35.1,37.6,34.14,4.97,21.5,6.0,2
Tomato,75.62,32.62,78.33,80.85,4.28,28.1,62.32,0
Cotton,30.48,38.1,74.34,33.0,5.37,41.9,18.98,2
Chilli,22.6,26.28,88.75,48.31,2.3,115.7,18.0,2
Cotton,15.71,36.96,86.61,24.52,0.2,117.0,6.5,2
Chilli,65.06,33.68,67.13,25.29,3.54,63.8,49.54,1
Cotton,32.96,23.91,72.73,78.07,5.95,68.7,24.12,2
Chilli,50.66,22.53,57.52,16.0,7.35,33.3,40.95,1
Rice,22.81,34.05,83.87,35.65,3.44,56.0,11.83,2
Cotton,83.97,23.17,65.4,98.28,2.11,118.3,76.61,0
Maize,23.78,35.89,52.91,52.83,1.05,97.0,10.66,2
Rice,43.83,31.14,35.52,64.56,7.48,86.7,29.57,2
Maize,74.62,29.54,67.25,67.67,1.85,40.6,63.17,0
Maize,32.14,25.51,63.9,27.65,7.29,93.9,16.63,2
Rice,33.69,39.68,79.65,43.24,1.47,116.3,19.89,2
Groundnut,71.59,34.44,45.29,46.06,0.15,118.7,55.26,0
Tomato,34.13,35.56,79.85,30.76,1.79,76.0,18.11,2
Tomato,15.2,35.37,35.84,31.06,3.94,27.7,5.0,2
Maize,44.95,31.68,67.3,64.71,2.79,116.0,34.18,1
Cotton,15.88,38.79,56.83,19.76,7.26,69.6,5.0,2
Cotton,78.69,31.68,53.23,21.62,4.36,14.2,72.93,0
Cotton,59.93,30.4,58.83,61.6,0.94,19.0,50.82,0
Tomato,55.81,25.47,47.3,50.44,5.0,73.5,45.1,1
Groundnut,29.11,25.63,45.09,65.07,3.11,101.9,18.98,2
Cotton,64.0,34.74,79.28,12.43,5.43,113.6,50.76,0
Maize,62.41,26.7,47.53,73.44,6.29,113.9,47.6,1
Chilli,19.23,34.57,75.53,86.49,7.88,73.6,5.0,2
Rice,76.66,39.05,74.12,57.17,4.61,118.0,61.38,0
Cotton,55.56,28.79,36.84,85.68,2.93,26.5,47.43,1
Groundnut,70.47,21.95,83.46,45.97,3.47,20.4,65.5,0
Maize,33.4,33.33,78.41,17.1,3.22,13.3,24.19,2
Chilli,23.54,20.19,78.78,43.98,3.6,95.2,19.98,2
Maize,64.17,35.74,79.51,50.17,0.24,110.8,55.17,0
Rice,70.57,30.51,67.04,87.9,1.98,102.4,57.96,0
Chilli,42.02,29.79,89.64,40.12,7.9,113.4,27.49,2
Cotton,16.66,31.39,44.85,38.36,7.42,70.3,5.0,2
Groundnut,72.28,30.33,38.98,89.92,0.39,93.9,57.91,0
Groundnut,29.43,26.48,73.73,32.59,7.84,47.0,15.87,2
Maize,38.73,25.63,51.17,67.82,6.34,94.3,25.48,2
Groundnut,58.98,28.31,68.45,39.4,0.02,92.8,50.08,0
Chilli,22.0,37.9,56.54,95.63,7.31,57.9,5.0,2
Chilli,20.04,22.71,53.34,27.07,7.68,14.8,7.3,2
Chilli,16.8,26.5,84.13,75.15,5.03,39.3,11.92,2
Groundnut,79.16,23.85,42.81,59.51,6.31,107.4,65.61,0
Cotton,36.8,28.54,45.39,98.08,2.66,74.6,28.04,2
Rice,61.25,22.67,71.73,99.47,4.58,54.6,55.54,0
Rice,84.25,35.22,78.04,81.43,5.85,114.2,66.61,0
Maize,61.86,22.07,80.77,19.31,4.49,50.3,58.68,0
Chilli,51.76,33.31,47.71,52.21,2.44,46.1,37.53,1
Cotton,51.46,25.35,83.52,86.91,5.19,94.8,44.56,1
Maize,41.38,29.44,68.53,67.46,6.71,49.1,30.58,1
Chilli,56.98,24.0,80.28,89.11,6.69,59.1,47.06,1
Groundnut,82.12,34.6,38.77,81.94,1.06,89.5,69.07,0
Maize,70.16,38.97,54.63,38.17,3.56,57.3,48.9,1
Maize,44.7,24.43,63.87,27.56,0.31,45.5,40.25,1
Chilli,38.27,39.06,66.73,39.03,5.06,11.7,20.5,2
Maize,76.85,26.51,40.45,72.64,1.94,104.7,65.36,0
Groundnut,24.51,31.16,64.63,53.3,7.44,67.9,8.44,2
Groundnut,74.47,34.03,71.6,13.95,4.95,103.6,59.79,0
Chilli,32.86,23.99,54.89,76.82,3.2,78.0,22.01,2
Maize,65.09,28.9,62.54,14.02,5.85,32.1,50.54,0
Chilli,71.44,21.36,51.09,46.84,1.66,49.9,64.78,0
Tomato,48.39,33.94,82.88,51.61,0.73,55.9,40.64,1
Maize,28.46,28.33,67.96,55.27,0.7,91.4,16.61,2
Tomato,74.13,37.83,65.32,22.52,4.66,70.3,56.58,0
Rice,40.73,25.48,86.94,77.3,7.11,80.0,31.07,1
Rice,37.45,38.47,71.57,86.44,1.78,92.8,22.87,2
Chilli,50.7,22.82,50.39,72.81,6.08,40.1,39.33,1
Rice,45.46,32.14,70.3,95.6,0.3,107.0,35.83,1
Chilli,62.81,26.16,87.89,33.18,2.83,59.9,55.84,0
Maize,24.6,23.64,36.3,24.47,5.23,82.7,9.76,2
Maize,45.5,21.88,69.46,16.06,6.61,34.0,39.38,1
Cotton,77.42,33.11,43.63,74.94,7.55,35.7,63.39,0
Chilli,17.52,24.66,79.91,24.59,5.06,90.8,8.99,2
Cotton,47.01,31.46,70.24,94.44,3.7,48.5,40.05,1
Cotton,61.24,39.59,86.53,63.85,0.49,106.4,46.61,1
Rice,77.14,26.32,71.83,82.37,2.21,83.1,70.84,0
Tomato,56.57,20.7,35.95,49.12,7.38,83.2,42.46,1
Chilli,72.71,22.86,63.07,76.14,4.66,51.8,65.44,0
Groundnut,30.59,22.39,84.7,49.93,2.74,109.3,23.43,2
Rice,39.7,29.27,47.78,58.49,1.99,113.9,29.97,2
Rice,80.95,34.89,39.56,79.62,0.91,38.4,65.75,0
Groundnut,77.02,25.93,74.59,31.43,6.01,66.6,68.09,0
Groundnut,54.06,22.92,62.64,89.61,3.3,109.8,46.32,1
Tomato,48.28,32.82,37.62,74.47,7.49,21.1,28.33,2
Maize,46.57,26.02,50.4,77.19,3.64,42.7,33.94,1
Chilli,19.12,31.5,52.97,31.43,6.55,115.0,5.0,2
Tomato,77.47,38.68,71.73,18.11,1.04,63.3,63.92,0
Tomato,72.27,25.83,60.94,16.56,1.21,114.7,65.18,0
Maize,46.94,30.25,61.8,68.23,2.19,51.8,39.92,1
Chilli,34.56,36.14,79.36,23.5,1.53,68.0,22.12,2
Tomato,39.0,33.83,50.31,99.93,7.81,60.0,19.55,2
Maize,23.62,35.03,71.99,96.49,6.47,60.3,8.82,2
Tomato,65.53,35.45,55.22,12.63,2.79,110.9,51.73,0
Cotton,53.97,30.8,58.01,75.26,4.16,86.4,44.07,1
Rice,31.39,30.72,65.57,33.47,4.27,114.0,19.41,2
Tomato,58.61,34.38,73.26,40.68,4.86,46.2,42.87,1
Tomato,83.55,33.95,86.99,31.63,0.83,119.3,71.3,0
Groundnut,23.57,33.4,49.8,84.75,2.79,87.8,10.09,2
Groundnut,47.09,27.64,40.71,90.44,0.69,24.4,36.09,1
Chilli,49.59,36.57,58.58,13.64,7.35,55.4,28.09,2
Rice,26.68,24.72,65.07,34.3,3.23,37.4,19.35,2
Cotton,52.21,23.11,47.54,50.38,5.82,35.9,42.79,1
Maize,57.42,26.9,83.98,56.96,7.37,112.3,46.91,1
Groundnut,26.01,25.08,78.94,17.89,2.48,115.6,19.91,2
Maize,25.83,33.26,62.15,84.7,0.7,11.6,15.65,2
Groundnut,74.94,24.62,59.75,94.06,2.69,25.2,68.46,0
Cotton,36.8,33.13,37.24,46.26,5.37,40.6,23.46,2
Tomato,59.12,30.26,64.53,87.15,4.0,103.3,37.29,1
Cotton,58.87,23.05,67.77,70.87,0.6,77.2,52.51,0
Tomato,73.74,25.17,84.04,63.26,0.56,72.2,69.46,0
Maize,66.79,30.43,62.56,83.71,5.6,75.8,51.3,0
Tomato,73.84,34.66,43.66,52.57,5.89,114.6,54.64,0
Cotton,58.77,27.97,44.9,59.29,0.88,40.3,52.42,0
Tomato,46.46,24.66,43.79,34.72,6.36,23.6,32.73,1
Chilli,42.55,25.9,86.62,74.1,2.76,76.9,33.72,1
Chilli,41.53,21.9,78.64,24.32,0.55,116.6,36.28,1
Cotton,44.29,20.5,80.36,31.88,2.67,88.1,40.38,1
Groundnut,24.05,39.46,81.22,53.19,5.84,108.1,8.46,2
Rice,44.68,21.93,40.26,44.68,5.25,108.6,29.39,2
Groundnut,42.26,22.5,73.62,31.56,3.85,34.1,34.82,1
Rice,17.42,37.42,73.74,27.27,2.24,85.4,5.0,2
Chilli,34.26,33.27,47.37,87.48,3.34,104.8,11.73,2
Maize,67.63,28.72,61.99,63.18,3.05,21.1,56.59,0
Chilli,55.46,32.98,71.43,43.97,3.12,81.7,38.47,1
Cotton,71.43,38.7,84.35,86.12,3.92,39.9,59.22,0
Groundnut,52.99,21.99,41.07,84.26,3.64,100.4,42.09,1
Maize,74.79,24.87,84.07,19.98,0.82,34.6,71.25,0
Groundnut,70.72,37.21,85.73,61.06,2.32,51.1,58.41,0
Tomato,21.88,35.61,85.8,37.51,1.03,84.4,6.05,2
Tomato,83.39,39.89,35.27,58.68,4.82,71.1,60.87,0
Maize,16.03,26.28,47.15,74.62,3.38,23.2,10.4,2
Chilli,56.78,38.9,73.02,10.77,5.38,34.8,40.83,1
Cotton,70.48,26.87,52.7,56.22,0.7,107.4,63.79,0
Cotton,38.23,34.3,38.36,36.26,2.76,118.8,24.05,2
Tomato,56.9,37.65,76.96,58.06,1.44,86.3,40.9,1
Tomato,40.35,23.42,36.57,19.89,0.74,11.1,30.58,1
Groundnut,19.24,24.11,59.53,83.58,6.19,91.8,8.92,2
Maize,15.59,31.62,87.12,58.93,1.05,80.7,5.0,2
Tomato,21.64,36.88,59.21,29.0,1.4,55.3,6.3,2
Groundnut,21.89,21.58,85.15,79.27,2.93,35.1,16.75,2
Maize,57.76,37.02,57.5,13.4,2.34,28.2,39.62,1
Groundnut,51.81,26.86,54.07,63.35,7.36,19.2,38.29,1
Groundnut,46.88,28.12,40.91,55.16,7.91,80.3,33.79,1
Groundnut,63.43,26.8,54.69,13.57,3.38,47.1,53.76,0
Chilli,16.18,38.23,53.53,32.47,1.61,67.0,5.0,2
Cotton,33.97,22.62,81.56,16.94,3.98,67.8,27.56,2
Groundnut,69.42,31.49,85.6,75.91,3.97,76.8,60.8,0
Tomato,78.7,22.96,36.21,73.52,3.73,75.4,65.97,0
Rice,45.68,38.57,40.4,18.04,0.16,67.1,31.85,1
Tomato,20.7,35.96,70.38,19.83,1.03,27.1,6.82,2
Chilli,70.91,24.68,61.66,89.23,1.13,13.0,64.29,0
Chilli,76.96,25.96,51.33,28.08,2.81,73.4,65.5,0
Rice,43.96,27.63,49.29,37.33,4.65,56.6,31.37,1
Chilli,32.03,28.11,47.36,71.59,7.02,55.1,17.07,2
Tomato,18.08,36.35,63.9,15.47,1.79,57.3,5.85,2
Chilli,56.38,31.29,35.96,95.29,6.17,22.5,39.23,1
Chilli,78.69,28.56,75.64,12.07,1.81,29.7,70.2,0
Chilli,62.45,34.39,51.52,86.42,0.26,82.8,45.91,1
Maize,37.21,29.16,58.48,42.48,5.2,66.5,26.03,2
Maize,60.0,22.56,63.99,23.5,1.72,77.1,52.33,0
Cotton,73.24,22.15,46.62,43.97,7.36,24.2,65.52,0
Cotton,48.31,26.52,83.6,97.56,7.47,99.6,40.76,1
Cotton,72.38,32.06,72.52,57.61,0.84,51.0,66.45,0
Maize,42.43,22.7,82.87,15.34,1.56,77.4,39.71,1
Maize,39.4,31.0,61.15,94.74,1.68,61.2,30.1,1
Tomato,55.81,25.39,58.79,22.92,7.29,61.5,39.74,1
Chilli,47.53,33.91,48.04,14.92,0.62,95.6,30.31,1
Rice,83.4,20.57,64.97,14.09,6.01,22.1,74.03,0
Maize,51.15,29.38,67.62,84.37,2.3,18.2,39.0,1
Tomato,41.96,21.05,58.1,23.77,4.66,21.1,36.93,1
Chilli,42.65,26.61,43.0,26.11,1.42,119.5,27.89,2
Groundnut,53.36,20.31,50.02,94.97,6.45,112.0,40.82,1
Groundnut,39.84,29.38,35.78,65.05,5.37,87.1,24.55,2
Maize,65.6,35.34,52.55,35.69,0.17,59.2,50.73,0
Rice,41.65,22.0,66.94,62.78,1.9,19.4,41.65,1
Tomato,41.89,34.7,87.56,31.88,3.73,100.3,27.21,2
Rice,58.19,31.68,44.78,54.48,4.25,30.8,46.08,1
Cotton,19.26,30.09,38.05,40.12,6.62,40.0,5.0,2
Groundnut,60.87,31.99,51.3,66.04,3.1,102.5,43.7,1
Chilli,50.35,26.72,43.62,78.29,7.41,38.3,33.28,1
Tomato,46.71,34.21,73.25,41.37,1.55,102.9,31.49,1
Rice,65.35,35.59,35.32,22.95,6.86,96.5,45.29,1
Groundnut,68.08,35.56,88.95,42.02,7.23,102.1,49.99,1
Tomato,74.24,25.39,82.06,78.23,5.01,84.2,64.77,0
Rice,41.24,33.08,61.99,80.84,7.74,48.7,25.9,2
Tomato,37.89,22.96,85.65,80.7,3.28,81.8,28.32,2
Tomato,65.0,29.91,69.54,97.71,5.59,101.2,50.55,0
Chilli,55.73,20.05,89.66,84.23,0.08,92.4,55.2,0
Groundnut,59.23,23.87,50.31,97.17,2.2,104.8,52.47,0
Tomato,53.89,32.63,89.83,66.41,4.53,118.2,35.4,1
Cotton,69.09,37.49,44.91,30.64,7.01,85.9,51.11,0
Rice,28.3,20.98,54.44,64.74,7.62,112.1,15.14,2
Rice,53.9,31.17,86.44,27.81,4.64,39.9,43.2,1
Rice,26.07,32.74,55.38,17.68,6.85,117.1,13.09,2
Groundnut,43.51,38.65,46.54,37.12,6.39,110.1,21.93,2
Chilli,61.48,33.1,38.27,42.65,6.19,14.5,41.94,1
Cotton,49.52,22.06,43.19,73.8,0.89,74.9,41.59,1
Rice,41.57,22.93,54.54,42.68,3.83,65.3,36.68,1
Rice,76.95,32.72,58.17,10.28,3.89,99.7,59.03,0
Groundnut,69.1,24.31,64.83,92.52,6.3,23.9,58.79,0
Rice,51.84,38.57,79.75,63.05,4.69,68.0,35.91,1
Rice,81.5,38.41,35.74,28.97,6.56,65.1,58.85,0
Chilli,44.71,38.97,81.26,32.71,7.65,53.5,27.51,2
Chilli,70.17,25.86,66.75,21.17,4.44,119.1,54.53,0
Tomato,26.76,34.34,76.61,91.59,6.33,69.4,9.4,2
Maize,35.01,33.26,76.63,30.72,4.48,55.5,22.07,2
Cotton,38.67,20.71,84.68,94.66,5.01,104.2,32.03,1
Maize,22.41,25.31,40.14,33.79,3.81,25.3,7.96,2
Maize,50.13,24.14,66.43,81.93,7.68,41.6,39.05,1
Rice,28.46,27.42,85.0,10.94,6.54,40.7,18.05,2
Maize,59.39,39.06,74.56,53.49,6.02,112.7,42.62,1
Cotton,28.31,36.91,40.31,43.23,2.64,106.8,14.82,2
Chilli,23.65,25.87,68.77,40.11,3.88,76.7,17.08,2
Groundnut,82.84,30.6,78.99,99.29,6.9,45.2,71.12,0
Rice,61.08,23.85,50.12,74.88,7.49,61.5,51.03,0
Rice,80.55,25.55,69.79,33.02,7.98,72.8,69.02,0
Chilli,49.29,21.3,81.22,77.72,5.88,69.4,45.02,1
Tomato,17.34,32.85,63.81,21.66,5.85,38.2,5.0,2
Chilli,55.21,33.14,45.68,93.33,0.75,24.4,41.17,1
Groundnut,54.08,36.77,65.23,48.37,6.01,109.8,38.06,1
Maize,16.05,37.43,67.34,27.16,2.77,80.5,5.0,2
Chilli,75.29,23.2,57.16,34.55,6.92,26.0,62.95,0
Cotton,58.4,34.86,72.38,23.96,0.09,118.9,49.66,1
Rice,67.13,22.69,58.83,93.75,7.48,55.2,58.84,0
Groundnut,49.57,27.47,83.26,37.53,3.87,90.6,42.02,1
Tomato,58.29,30.31,78.54,22.86,1.02,29.4,49.3,1
Cotton,33.02,20.99,79.26,83.16,4.81,112.6,27.86,2
Chilli,83.16,23.14,63.93,29.19,5.54,18.7,75.76,0
Rice,43.05,25.42,45.8,18.47,6.24,115.1,28.29,2
Cotton,26.36,22.55,74.84,70.16,5.61,90.0,19.53,2
Tomato,18.91,38.68,38.79,10.67,4.43,35.0,5.0,2
Chilli,59.53,25.77,63.47,84.92,0.66,29.9,53.55,0
Groundnut,83.84,30.02,37.91,60.64,6.9,102.1,65.65,0
Groundnut,77.71,39.93,64.06,32.21,7.87,14.4,57.91,0
Groundnut,64.15,31.33,72.73,52.62,6.22,22.6,51.87,0
Maize,84.34,28.23,58.06,33.62,0.28,84.0,76.08,0
Chilli,65.6,38.6,57.93,57.96,6.05,18.5,50.65,0
Tomato,38.75,24.45,41.75,61.45,2.16,69.5,24.56,2
Groundnut,57.09,23.59,51.6,79.45,7.7,73.1,43.45,1
Maize,20.58,30.71,59.44,51.95,0.51,12.0,11.6,2
Cotton,30.52,28.55,82.5,80.8,0.74,51.5,23.55,2
Maize,44.23,35.94,84.39,16.23,1.45,13.1,35.39,1
Cotton,29.13,20.84,87.45,92.92,6.03,116.4,23.06,2
Tomato,81.75,32.35,40.51,26.7,5.21,33.7,65.95,0
Cotton,84.69,34.21,51.29,85.29,5.82,85.9,70.29,0
Rice,40.97,39.44,60.46,54.52,2.83,84.1,26.57,2
Rice,64.65,22.92,70.3,19.42,7.04,94.9,53.46,0
Maize,43.54,24.92,73.65,42.38,3.57,46.9,39.74,1
Maize,24.77,38.65,78.23,92.65,1.07,30.3,8.68,2
Cotton,38.58,32.61,62.27,85.12,6.14,68.4,24.95,2
Maize,31.34,20.76,65.61,75.01,4.24,86.4,21.04,2
Rice,37.97,21.55,87.83,44.19,4.75,93.1,34.03,1
Tomato,30.05,35.71,48.2,62.99,3.08,15.4,14.43,2
Maize,22.86,31.35,79.21,30.89,5.69,92.8,7.37,2
Chilli,30.22,31.31,74.15,68.31,0.28,22.4,23.03,2
Chilli,78.4,37.6,42.7,33.48,3.93,67.7,56.75,0
Tomato,20.97,24.82,85.96,84.61,3.42,71.1,14.29,2
Chilli,37.73,23.21,82.04,73.4,5.97,24.0,31.15,1
Chilli,51.99,32.28,77.87,44.75,2.13,116.0,38.66,1
Cotton,39.82,37.65,41.97,69.35,1.87,80.2,27.78,2
Chilli,51.23,25.31,42.68,39.26,2.56,34.6,39.91,1
Cotton,18.04,33.63,72.58,24.01,3.84,15.6,9.01,2
Tomato,60.4,23.05,40.9,31.17,1.68,95.3,49.33,1
Cotton,54.44,23.44,41.23,34.45,5.47,102.5,40.67,1
Rice,62.67,38.03,57.02,30.4,2.65,20.0,48.59,1
Rice,54.71,22.36,35.3,71.05,3.37,38.3,44.15,1
Groundnut,45.65,20.49,74.68,76.57,4.46,80.7,42.32,1
Maize,39.51,35.5,64.71,51.14,3.02,56.1,22.6,2
Chilli,30.85,27.25,39.3,98.9,5.61,47.7,18.08,2
Chilli,50.0,27.93,64.9,90.19,5.25,56.7,36.91,1
Cotton,16.82,36.0,37.97,17.83,6.05,65.6,5.0,2
Tomato,37.98,23.6,38.89,51.44,4.18,30.3,23.64,2
Tomato,62.45,33.01,61.7,91.76,2.94,52.7,47.54,1
Rice,22.61,26.27,62.49,29.82,1.61,17.7,14.46,2
Groundnut,19.4,22.09,53.64,44.06,3.5,10.7,16.63,2
Tomato,60.65,33.75,69.2,95.23,6.98,117.3,40.82,1
Chilli,42.84,26.37,56.3,79.85,0.97,16.0,36.6,1
Maize,71.13,37.33,67.28,84.91,1.72,14.8,60.26,0
Rice,80.61,38.38,54.24,89.15,5.32,107.9,65.37,0
Maize,81.99,36.98,74.32,25.41,4.6,117.4,64.43,0
Rice,44.79,26.45,66.86,72.93,7.33,102.9,36.75,1
Tomato,33.5,24.73,43.8,82.25,0.23,25.4,28.96,2
Rice,57.6,37.86,72.74,30.38,7.03,80.3,42.16,1
Cotton,58.97,29.06,78.12,13.9,5.8,86.7,48.55,1
Chilli,58.56,34.15,38.62,26.05,6.2,94.9,35.87,1
Groundnut,37.52,36.54,68.55,76.73,3.03,22.4,25.44,2
Maize,19.46,25.55,78.47,72.49,2.46,53.0,12.7,2
Tomato,29.7,22.38,41.31,90.26,0.12,40.4,22.4,2
Chilli,25.81,32.5,84.59,38.53,6.3,82.0,8.41,2
Groundnut,23.67,31.8,57.81,65.96,1.29,47.8,12.84,2
Chilli,79.84,25.4,75.58,12.41,1.81,66.0,74.54,0
Rice,15.97,31.69,84.45,94.16,2.21,78.9,8.59,2
Tomato,57.13,35.81,89.43,59.9,6.96,105.2,39.11,1
Groundnut,81.32,27.0,67.12,77.35,2.3,111.3,71.72,0
Chilli,40.2,24.85,73.74,35.54,3.41,86.3,28.14,2
Groundnut,51.9,34.5,48.84,17.38,5.98,27.2,34.68,1
Chilli,63.7,35.72,50.95,15.65,7.14,107.8,41.46,1
Rice,37.2,39.09,81.79,83.32,6.33,32.5,23.8,2
Groundnut,48.44,22.95,56.9,23.68,4.28,15.9,39.28,1
Cotton,72.2,37.79,80.23,84.16,0.02,58.1,60.66,0
Cotton,67.17,35.3,37.78,33.87,1.26,85.3,55.79,0
Groundnut,71.59,34.04,47.0,58.71,2.03,26.4,57.57,0
Tomato,84.11,26.26,44.36,33.57,3.31,42.9,70.24,0
Groundnut,40.92,20.44,63.99,14.51,2.9,18.8,37.66,1
Tomato,67.3,30.15,39.43,58.81,4.12,78.0,51.74,0
Groundnut,57.19,25.72,53.91,43.04,3.3,87.9,46.6,1
Tomato,61.66,25.8,89.24,49.16,5.81,67.2,51.53,0
Chilli,66.79,38.54,78.68,64.14,0.42,58.9,53.58,0
Cotton,67.48,23.06,76.83,38.23,7.96,103.2,60.13,0
Rice,77.0,38.68,42.43,60.74,6.74,56.1,58.72,0
Rice,39.45,30.08,55.05,69.2,2.68,58.6,28.91,2
Groundnut,60.74,36.77,72.43,18.06,3.17,73.5,45.69,1
Rice,34.62,25.67,36.19,41.51,7.71,87.4,19.54,2
Chilli,56.62,32.68,58.87,18.1,7.49,95.5,37.43,1
Groundnut,67.58,31.13,86.07,10.62,3.15,14.5,57.2,0
Chilli,70.37,38.48,39.53,14.61,0.48,103.6,48.94,1
Maize,44.41,23.59,84.84,63.3,7.9,59.6,35.12,1
Maize,50.61,24.09,45.7,17.59,5.23,109.6,40.15,1
Chilli,38.37,38.98,45.4,88.17,5.54,69.0,12.16,2
Chilli,26.83,21.96,45.75,78.35,2.2,62.3,17.04,2
Chilli,33.24,32.69,86.22,10.79,6.55,31.5,20.06,2
Rice,78.85,21.21,68.21,61.59,4.46,61.7,74.6,0
Chilli,36.63,21.54,76.29,10.92,3.76,64.2,33.59,1
Cotton,83.23,31.94,55.15,19.83,5.93,108.4,69.7,0
Cotton,31.9,31.03,83.03,98.94,2.98,107.6,27.13,2
Rice,65.61,31.46,67.01,51.13,3.44,63.5,55.57,0
Cotton,55.17,29.47,67.99,12.45,5.22,105.4,46.34,1
Cotton,63.78,34.85,76.38,86.53,5.12,104.0,49.58,1
Tomato,60.08,39.84,77.55,92.56,7.77,114.3,39.22,1
Groundnut,64.47,25.52,72.5,59.35,4.5,49.8,57.88,0
Chilli,78.39,26.47,41.54,73.53,2.57,33.3,65.16,0
Maize,54.44,26.46,82.67,80.21,2.3,113.8,41.16,1
Cotton,19.75,35.27,49.35,76.12,4.27,74.3,6.58,2
Chilli,33.96,26.96,89.79,54.51,0.96,61.3,27.32,2
Chilli,64.58,33.53,56.2,84.94,4.7,55.3,50.63,0
Tomato,49.59,28.92,41.6,57.46,3.12,19.3,35.07,1
Groundnut,53.4,32.16,52.38,33.36,2.82,32.5,39.67,1
Groundnut,56.76,36.58,66.54,10.37,1.54,42.1,41.8,1
Rice,41.78,30.28,56.53,42.27,3.96,70.6,28.74,2
Cotton,69.17,29.5,80.58,17.43,0.3,66.8,68.41,0
Rice,65.65,25.34,72.52,15.69,4.86,69.7,54.03,0
Maize,65.0,30.32,46.74,52.23,2.28,18.4,50.46,0
Groundnut,65.07,25.25,64.64,94.93,7.24,11.1,54.88,0
Tomato,77.33,36.87,78.31,19.5,4.21,60.9,65.31,0
Maize,56.68,27.78,84.02,34.64,6.24,31.3,48.39,1
Tomato,82.7,22.58,56.72,84.71,6.81,108.1,73.07,0
Cotton,23.34,24.8,85.85,46.16,7.03,57.4,15.35,2
Maize,59.24,30.69,36.98,78.29,6.97,48.7,39.52,1
Chilli,65.18,38.33,72.22,58.81,1.8,69.8,48.43,1
Groundnut,48.41,26.01,78.01,64.35,2.43,79.1,40.85,1
Chilli,35.17,25.29,58.38,24.5,5.66,19.0,23.85,2
Cotton,53.5,28.13,35.6,41.71,4.3,91.5,41.35,1
Rice,40.53,39.36,72.79,65.96,4.87,25.1,27.15,2
Tomato,78.64,36.9,53.84,12.41,5.42,52.5,57.79,0
Groundnut,39.98,22.99,43.35,26.95,0.91,49.3,30.68,1
Groundnut,27.3,32.28,43.64,44.78,1.35,72.6,11.89,2
Chilli,55.35,35.84,77.3,70.71,5.1,85.8,39.07,1
Maize,42.72,35.36,45.31,55.86,5.0,98.1,24.65,2
Tomato,21.71,29.78,61.63,74.69,6.54,68.0,8.44,2
Groundnut,54.54,34.64,88.37,75.42,5.55,27.1,45.72,1
Cotton,52.65,31.67,76.74,12.79,1.66,86.6,41.8,1
Tomato,27.12,24.03,65.1,91.15,0.56,62.7,20.29,2
Chilli,56.83,21.12,64.06,84.18,3.13,74.8,48.95,1
Chilli,54.72,27.39,44.2,34.4,2.97,58.8,38.66,1
Maize,69.15,21.24,59.55,53.61,6.14,55.8,59.06,0
Groundnut,40.31,27.9,42.97,37.73,5.37,87.1,29.71,2
Rice,32.41,36.58,39.6,91.6,6.98,67.7,12.88,2
Tomato,81.59,36.89,41.0,44.45,4.03,105.5,59.07,0
Rice,54.29,20.68,68.36,45.64,2.31,91.8,48.88,1
Cotton,16.9,21.39,45.65,92.07,4.03,62.4,11.39,2
Chilli,72.45,33.4,43.21,64.06,1.72,33.6,56.63,0
Groundnut,28.77,30.0,82.69,22.41,0.48,11.9,22.66,2
Chilli,70.02,22.99,41.71,66.34,4.0,32.6,54.65,0
Rice,64.36,36.11,73.81,81.5,3.31,40.9,53.34,0
Maize,82.82,24.33,57.94,40.41,0.26,23.0,77.13,0
Rice,82.59,21.56,66.85,57.43,5.77,83.6,76.45,0
Cotton,34.21,34.99,36.28,66.42,5.15,45.9,16.04,2
Cotton,68.65,32.16,35.0,55.94,0.59,13.3,57.83,0
Groundnut,37.18,27.89,79.95,99.92,5.68,58.1,29.25,2
Maize,59.04,33.85,61.15,55.61,0.66,96.3,45.14,1
Tomato,56.84,38.23,38.92,67.9,4.14,47.4,36.18,1
Rice,18.82,20.68,53.89,81.42,4.98,109.3,9.4,2
Maize,15.36,32.55,62.85,22.29,3.99,103.8,5.0,2
Maize,19.04,24.36,42.45,13.95,5.98,107.8,7.98,2
Cotton,23.96,29.48,65.05,97.57,3.08,83.5,11.96,2
Cotton,33.04,28.48,64.08,75.9,1.7,98.7,24.68,2
Rice,78.49,27.8,68.16,45.4,3.89,52.8,69.85,0
Tomato,51.3,23.81,79.56,11.59,2.74,86.3,45.83,1
Chilli,70.78,36.05,57.7,24.98,1.21,34.6,55.69,0
Maize,73.68,27.59,83.87,10.88,3.77,32.5,67.64,0
Rice,66.45,37.74,61.11,45.68,1.61,113.8,51.98,0
Groundnut,42.4,27.09,60.14,59.94,3.76,70.4,32.35,1
Cotton,75.47,36.79,71.06,24.45,4.74,17.9,63.87,0
Chilli,66.94,30.89,68.96,67.59,6.26,31.7,53.95,0
Tomato,67.02,27.71,35.63,95.88,6.83,60.7,50.98,0
Groundnut,78.11,34.08,89.03,99.14,5.35,103.0,63.02,0
Rice,56.91,35.73,86.85,84.98,7.15,108.6,42.9,1
Maize,52.0,29.65,50.47,49.95,4.46,22.5,40.35,1
Cotton,77.31,28.51,65.72,59.27,5.68,16.8,71.18,0
Groundnut,46.81,31.55,77.38,55.3,6.16,23.4,33.11,1
Tomato,71.81,31.7,85.63,24.01,6.6,83.9,58.51,0
Chilli,18.77,28.51,67.22,86.9,6.01,68.6,5.0,2
Tomato,15.09,35.15,36.04,70.82,7.22,91.2,5.0,2
Rice,51.98,27.99,72.44,67.41,3.78,75.3,40.65,1
Maize,20.15,29.06,40.12,29.83,7.63,20.5,5.0,2
Groundnut,83.36,32.11,71.91,23.78,3.2,38.3,73.19,0
Cotton,15.39,39.74,67.31,88.57,0.56,46.5,5.0,2
Maize,65.27,25.21,70.24,26.15,1.46,87.8,60.65,0
Tomato,32.04,24.64,45.41,16.63,4.47,75.7,16.24,2
Rice,82.73,23.54,62.15,66.3,0.12,114.2,77.51,0
Tomato,41.71,33.79,68.99,73.39,1.26,26.0,24.77,2
Rice,16.91,28.98,51.52,20.77,2.99,113.2,5.0,2
Tomato,16.89,27.77,44.99,28.62,4.99,34.2,5.0,2
Cotton,53.74,24.08,47.25,80.99,1.32,47.8,48.52,1
Rice,84.07,37.82,82.19,93.66,4.6,13.8,71.28,0
Rice,83.58,28.86,60.55,52.88,5.31,42.6,72.04,0
Chilli,38.61,32.15,71.36,81.28,6.11,32.0,25.04,2
Tomato,48.79,22.25,63.32,38.75,5.28,33.9,41.69,1
Maize,22.03,22.16,80.88,73.29,2.0,72.9,19.93,2
Rice,51.55,21.35,62.97,60.15,7.98,95.9,39.21,1
Tomato,56.98,27.35,40.13,85.89,7.11,91.9,39.26,1
Maize,32.57,29.46,45.89,79.83,2.99,101.2,14.56,2
Cotton,57.85,24.89,35.73,35.57,0.23,90.4,47.12,1
Maize,77.98,26.99,80.73,23.45,4.23,117.4,66.59,0
Chilli,15.07,20.13,71.48,82.69,6.92,12.0,9.2,2
Chilli,31.03,27.02,76.76,12.95,6.58,118.7,16.79,2
Tomato,29.69,22.38,74.33,71.11,7.18,55.1,19.32,2
Tomato,23.67,22.57,80.35,52.83,7.76,62.6,14.42,2
Maize,26.63,20.09,89.28,16.78,5.7,73.5,19.8,2
Rice,58.81,33.93,70.94,71.97,1.3,10.9,45.29,1
Cotton,22.19,38.63,48.87,53.46,0.29,30.0,8.65,2
Chilli,66.7,32.43,40.58,87.41,1.21,59.1,51.38,0
Tomato,77.09,21.92,67.44,28.78,1.61,94.6,71.17,0
Maize,79.86,39.79,77.39,10.21,0.49,105.7,64.94,0
Tomato,61.21,39.51,65.89,21.74,3.63,26.3,44.4,1
Chilli,28.82,29.36,51.7,34.26,6.27,38.9,15.21,2
Cotton,20.97,22.16,74.59,68.7,0.03,76.8,19.86,2
Rice,31.24,34.41,59.64,42.64,6.43,49.7,16.86,2
Maize,82.34,39.23,50.76,20.64,7.4,42.8,59.63,0
Rice,82.36,35.57,81.26,98.34,1.22,52.2,69.76,0
Maize,41.73,32.48,66.71,19.74,0.17,87.2,28.47,2
Tomato,37.81,32.22,50.59,41.96,3.83,31.8,20.39,2
Maize,50.7,39.56,53.07,88.89,6.95,16.8,31.35,1
Maize,35.42,21.46,66.44,68.74,5.89,10.4,31.8,1
Tomato,83.58,22.99,58.26,38.78,0.28,67.9,77.1,0
Maize,30.49,36.62,43.83,97.33,5.39,37.5,12.14,2
Cotton,40.84,22.9,68.58,55.1,6.54,71.8,35.04,1
Cotton,45.06,27.67,72.9,10.73,2.17,106.9,35.81,1
Rice,23.75,25.63,35.01,10.55,5.23,42.3,14.14,2
Maize,41.8,24.87,64.53,94.69,3.95,30.2,35.24,1
Groundnut,74.97,20.51,66.74,35.31,1.65,10.2,71.42,0
Chilli,24.83,31.33,53.26,83.09,7.21,117.9,10.08,2
Tomato,55.88,28.02,53.63,13.92,1.78,66.9,46.52,1
Chilli,43.46,31.03,52.47,23.22,6.72,98.2,25.52,2
Rice,26.94,26.09,59.49,87.11,5.61,104.4,15.56,2
Rice,15.86,38.83,79.66,99.47,1.77,119.5,5.0,2
Chilli,34.13,31.83,60.8,14.67,5.69,104.6,16.93,2
Chilli,19.33,39.22,89.65,25.09,0.21,42.3,6.47,2
Cotton,41.37,27.0,55.69,75.06,1.89,72.1,32.78,1
Maize,71.71,20.05,73.46,57.66,2.28,115.9,65.79,0
Groundnut,65.38,35.63,65.19,46.54,7.11,79.7,46.32,1
Maize,81.32,36.55,76.93,27.5,7.32,94.6,62.85,0
Cotton,44.89,21.17,83.86,95.09,2.17,109.7,37.8,1
Rice,64.55,32.51,63.14,25.5,3.8,77.5,53.07,0
Rice,61.57,33.22,62.2,33.87,7.85,86.2,46.28,1
Cotton,30.19,22.91,86.85,39.19,5.33,74.7,24.31,2
Groundnut,36.25,31.05,86.35,22.47,0.56,47.3,30.73,1
Groundnut,52.09,24.86,89.83,58.26,3.13,37.4,45.11,1
Tomato,70.77,20.33,43.61,40.72,3.37,79.7,59.8,0
Rice,47.33,37.34,35.2,64.71,2.45,117.9,27.27,2
Groundnut,30.94,29.83,59.05,43.11,4.16,110.8,20.13,2
Chilli,84.54,35.63,75.33,20.48,5.89,33.1,69.53,0
Tomato,23.09,34.46,39.01,88.53,5.53,102.7,5.0,2
Cotton,81.91,39.87,55.55,55.87,2.81,12.3,71.88,0
Groundnut,71.63,28.76,66.98,38.97,5.89,74.8,58.78,0
Tomato,73.72,28.55,46.69,11.47,4.27,112.3,56.71,0
Cotton,70.64,25.64,75.21,63.81,6.16,115.5,58.18,0
Cotton,29.57,32.5,47.62,80.43,0.91,76.3,16.83,2
Chilli,59.28,29.72,81.24,68.51,3.24,79.4,47.66,1
Chilli,67.97,34.58,54.16,80.89,3.16,52.9,47.61,1
Tomato,67.2,27.13,67.93,23.95,2.81,89.6,54.27,0
Groundnut,34.01,22.62,64.93,97.45,5.58,37.0,25.77,2
Groundnut,27.68,37.25,51.3,29.02,4.46,13.7,13.65,2
Groundnut,37.97,36.56,59.15,34.01,3.09,101.9,21.06,2
Cotton,48.59,27.02,81.53,56.11,4.29,16.6,42.49,1
Rice,55.16,33.81,65.16,10.47,5.64,83.1,44.87,1
Maize,73.59,29.85,38.06,49.82,5.4,58.1,54.52,0
Maize,68.83,35.22,74.22,27.62,6.09,14.8,56.6,0
Groundnut,62.33,27.8,45.03,77.41,6.81,27.6,49.78,1
Chilli,33.44,30.71,61.73,78.2,5.92,21.1,21.48,2
Chilli,48.52,21.16,60.77,65.42,1.44,33.6,44.8,1
Rice,38.48,23.5,61.76,47.95,6.77,79.9,27.27,2
Cotton,31.44,35.64,36.71,37.92,2.66,72.8,17.73,2
Maize,15.72,27.63,49.98,84.47,5.33,57.6,5.0,2
Rice,38.76,20.7,37.79,55.64,7.93,102.7,25.92,2
Groundnut,32.93,23.35,57.82,54.68,2.36,92.8,24.94,2
Tomato,55.03,28.23,69.17,20.21,2.16,85.1,44.94,1
Rice,19.36,34.36,70.97,29.65,1.46,75.9,9.93,2
Rice,33.94,27.27,38.55,42.44,7.87,86.6,22.45,2
Maize,18.13,34.9,41.54,72.9,3.42,34.9,5.0,2
Rice,59.9,37.16,71.38,86.07,6.27,38.6,47.46,1
Groundnut,54.77,26.82,64.22,99.36,0.39,42.8,48.31,1
Chilli,38.62,36.01,80.84,48.47,1.44,91.5,22.3,2
Tomato,25.31,22.54,46.28,50.79,0.51,57.6,17.12,2
Rice,82.05,28.31,41.62,78.95,6.53,115.5,67.72,0
Maize,55.91,21.95,54.91,38.91,0.85,14.4,48.87,1
Rice,62.54,21.05,70.04,58.65,7.39,52.1,52.64,0
Groundnut,52.19,21.29,61.73,70.93,5.31,27.0,42.74,1
Tomato,71.46,22.1,40.42,31.26,7.28,99.8,55.96,0
Maize,77.75,36.71,38.92,35.16,3.27,62.8,58.27,0
Rice,41.79,30.87,72.27,42.06,4.21,78.2,33.31,1
Rice,63.3,38.95,51.33,61.99,0.22,75.8,44.13,1
Tomato,31.09,30.76,71.82,34.34,3.73,18.7,19.63,2
Rice,60.63,32.57,51.22,28.74,4.73,96.2,47.35,1
Cotton,42.94,23.69,52.31,23.46,0.8,100.4,34.4,1
Groundnut,15.47,30.81,46.54,82.84,7.85,76.8,5.0,2
Groundnut,81.89,27.71,89.1,89.74,0.04,40.9,76.39,0
Tomato,75.79,38.63,35.88,91.42,2.14,89.7,54.9,0
Cotton,35.36,38.68,42.0,83.95,4.92,87.1,20.55,2
Chilli,84.84,23.97,81.0,22.36,3.98,110.4,77.21,0
Rice,37.2,32.4,42.6,18.8,1.91,22.9,24.07,2
Rice,47.12,32.76,50.44,54.92,7.89,110.1,27.37,2
Chilli,74.59,31.25,49.45,56.93,1.51,107.6,60.23,0
Maize,36.32,22.49,73.33,75.95,4.55,42.7,28.04,2
Rice,46.54,33.08,57.62,30.06,0.93,88.8,34.0,1
Groundnut,61.59,35.98,81.23,93.79,0.45,39.0,51.91,0
Cotton,24.13,26.9,76.11,37.89,3.9,35.9,16.43,2
Chilli,44.56,30.29,64.21,62.0,6.44,80.6,29.5,2
Groundnut,36.66,22.33,48.7,87.78,4.25,15.5,33.52,1
Groundnut,62.37,38.61,78.58,57.11,2.35,20.6,51.08,0
Groundnut,24.52,22.19,82.63,77.82,0.13,82.6,23.8,2
Tomato,31.29,24.17,81.0,77.41,7.52,114.7,20.59,2
Groundnut,64.8,25.97,37.84,81.1,1.7,13.7,55.58,0
Chilli,25.94,36.52,73.39,82.99,4.6,12.5,11.46,2
Cotton,44.54,34.01,73.72,45.32,0.12,18.2,37.75,1
Groundnut,64.9,20.14,86.87,42.72,0.78,10.2,65.64,0
Rice,68.58,23.67,49.49,82.31,1.36,112.1,60.45,0
Maize,21.64,35.0,78.25,62.17,0.9,62.1,7.83,2
Rice,74.64,28.08,72.9,64.69,4.25,86.1,62.03,0
Tomato,65.68,20.52,83.33,47.07,3.18,55.8,61.99,0
Maize,38.75,39.28,73.13,28.15,6.41,119.7,17.43,2
Groundnut,68.47,23.02,81.88,51.12,0.93,62.8,65.77,0
Groundnut,65.98,30.21,54.78,97.27,3.45,113.3,55.63,0
Maize,57.06,24.97,43.67,36.18,3.43,81.5,45.33,1
Tomato,54.09,34.75,54.98,34.48,1.85,114.3,39.92,1
Chilli,66.43,35.53,79.83,21.77,0.77,64.5,54.53,0
Groundnut,84.95,27.94,42.24,53.31,0.09,106.7,74.32,0
Groundnut,55.5,33.17,70.09,35.97,0.15,46.7,45.98,1
Tomato,71.61,38.18,89.32,71.84,3.19,82.7,54.71,0
Tomato,67.1,36.3,84.23,22.16,0.43,77.9,52.75,0
Cotton,74.91,28.3,71.92,32.26,3.16,63.6,63.82,0
Tomato,81.82,28.83,78.59,15.57,3.5,65.2,69.74,0
Tomato,28.52,37.74,41.41,13.73,3.56,28.7,13.45,2
Rice,26.58,20.69,62.44,83.27,1.53,109.7,17.92,2
Maize,56.04,20.46,64.26,91.53,3.99,60.0,46.97,1
Maize,46.45,24.12,78.05,78.75,3.14,26.7,38.75,1
Chilli,54.95,36.55,50.54,87.86,7.92,87.5,31.17,1
Tomato,70.86,23.06,40.86,17.79,0.36,90.0,61.99,0
Cotton,80.22,25.71,73.4,90.83,0.43,15.0,74.76,0
Cotton,44.22,32.58,62.09,51.94,6.6,46.6,31.69,1
Maize,65.26,23.68,81.33,79.18,2.13,74.3,57.79,0
Tomato,28.78,26.06,61.48,65.42,1.47,100.4,17.79,2
Chilli,52.42,29.34,81.54,41.49,7.0,44.2,39.47,1
Cotton,16.53,24.56,62.93,33.83,4.26,43.0,9.09,2
Maize,50.26,39.85,78.05,20.63,4.93,91.0,36.94,1
Tomato,53.17,23.27,74.64,47.14,0.06,34.1,48.76,1
Chilli,66.48,37.0,49.63,54.47,2.09,108.6,47.45,1
Maize,60.46,29.4,52.02,98.48,2.07,96.9,43.21,1
Maize,40.09,22.58,84.46,13.36,6.09,108.2,32.27,1
Maize,15.4,22.37,47.71,63.11,3.08,48.9,5.0,2
Tomato,23.08,30.01,73.36,57.25,4.62,28.2,12.24,2
Cotton,83.11,27.07,42.98,12.06,7.46,74.4,71.24,0
Maize,79.56,24.69,76.53,39.68,7.88,30.9,71.2,0
Maize,37.76,39.18,47.28,48.06,1.02,39.3,20.27,2
Chilli,33.12,29.27,67.67,54.48,4.45,54.1,20.61,2
Maize,45.55,38.58,66.03,31.01,5.59,60.9,29.25,2
Rice,63.3,23.28,46.19,13.07,6.26,45.5,51.2,0
Groundnut,39.98,23.67,62.03,36.45,7.36,41.3,31.04,1
Rice,19.71,31.92,83.36,85.27,5.83,37.1,10.09,2
Chilli,43.2,25.4,72.43,82.71,5.52,85.9,31.7,1
Tomato,33.24,23.7,89.6,26.27,0.43,43.6,32.93,1
Tomato,37.75,21.89,78.15,68.17,4.36,86.4,31.18,1
Rice,26.41,21.53,70.39,93.13,4.79,91.7,15.96,2
Groundnut,61.12,35.06,65.98,25.49,5.57,88.6,47.65,1
Maize,51.86,25.64,86.56,21.58,4.67,110.6,41.72,1
Maize,33.96,39.57,63.99,11.99,3.28,115.0,17.7,2
Cotton,53.77,23.66,57.15,25.52,3.9,26.2,47.6,1
Rice,49.49,27.09,80.9,83.26,7.74,45.3,34.28,1
Chilli,70.72,27.5,86.71,83.26,2.63,96.6,62.99,0
Maize,81.92,30.0,61.34,58.64,6.28,96.0,66.9,0
Chilli,24.15,37.41,42.55,40.02,4.86,17.8,5.0,2
Rice,76.87,36.7,68.46,82.61,3.55,115.8,61.6,0
Groundnut,64.34,20.2,75.75,27.55,3.31,104.2,60.37,0
Tomato,63.48,28.19,55.55,22.59,4.3,108.9,47.3,1
Cotton,41.2,36.56,76.13,18.03,6.4,32.5,31.01,1
Cotton,39.07,20.0,64.21,86.62,0.98,65.1,32.46,1
Maize,15.39,30.67,51.57,74.34,7.29,58.5,5.0,2
Rice,83.75,25.19,69.62,66.21,6.19,49.6,76.19,0
Tomato,57.46,28.26,56.39,75.47,2.79,35.0,47.45,1
Cotton,43.16,28.41,78.28,22.91,0.08,25.4,38.52,1
Groundnut,53.06,27.84,35.17,44.63,0.84,105.8,40.87,1
Groundnut,17.84,37.84,80.0,83.27,1.16,68.3,5.0,2
Tomato,27.16,30.73,51.86,92.51,0.83,76.1,11.82,2
Chilli,58.64,38.07,87.78,56.18,0.82,38.8,44.71,1
Rice,51.0,34.53,76.75,20.99,7.68,112.9,33.91,1
Cotton,70.1,27.02,48.26,98.07,5.27,113.0,56.74,0
Maize,61.11,29.87,88.83,45.55,6.57,83.9,53.0,0
Cotton,57.1,27.8,62.48,38.71,4.5,45.3,44.86,1
Cotton,72.07,36.57,63.76,20.8,4.96,35.6,61.66,0
Groundnut,19.78,23.75,85.02,11.14,7.05,75.5,8.85,2
Maize,63.36,38.73,85.51,64.33,2.1,101.6,47.17,1
Maize,65.09,31.61,73.33,65.12,5.56,116.4,48.85,1
Chilli,34.26,32.24,88.81,31.08,7.19,17.5,18.69,2
Rice,28.7,30.34,53.09,24.58,7.49,46.8,16.63,2
Rice,29.97,31.09,47.78,57.52,3.55,53.0,18.75,2
Chilli,28.87,33.35,36.61,49.19,6.85,50.6,8.17,2
Cotton,51.66,33.1,54.05,37.33,4.03,83.5,44.93,1
Chilli,24.49,24.28,68.14,29.64,2.06,70.2,16.44,2
Cotton,61.15,31.65,51.8,87.34,2.01,108.1,50.31,0
Tomato,22.36,27.09,66.88,98.54,3.61,34.5,10.72,2
Maize,16.88,32.74,37.66,42.0,2.06,53.9,5.0,2
Chilli,37.35,30.96,54.48,72.83,0.24,69.5,24.14,2
Maize,28.43,23.59,76.14,87.9,0.84,99.8,24.28,2
Rice,84.21,34.69,40.74,12.42,6.79,100.6,67.64,0
Rice,36.21,29.14,74.32,91.73,7.06,104.5,26.62,2
Groundnut,30.54,31.03,76.98,54.92,6.98,67.1,16.29,2
Chilli,28.77,33.45,66.28,60.11,4.43,36.6,15.1,2
Tomato,41.17,33.06,83.73,58.59,7.48,89.9,25.56,2
Tomato,57.41,34.98,87.5,31.86,3.99,115.0,43.45,1
Rice,69.74,24.14,36.91,80.4,3.7,41.4,58.2,0
Groundnut,40.52,22.21,72.35,75.91,3.8,31.8,32.58,1
Rice,58.82,33.38,48.04,18.62,2.03,12.5,48.08,1
Cotton,48.74,24.72,57.45,60.65,4.91,83.3,41.81,1
Tomato,74.25,22.29,69.27,96.13,3.59,70.0,65.16,0
Maize,54.83,22.62,74.17,88.4,7.8,24.8,47.17,1
Tomato,35.29,26.26,81.21,66.33,1.38,31.9,31.29,1
Cotton,64.25,39.84,73.8,27.88,0.61,82.8,51.91,0
Rice,72.4,23.15,77.76,41.25,2.81,58.0,64.15,0
Maize,47.58,25.97,67.95,23.53,1.72,35.7,37.64,1
Tomato,84.1,38.41,41.44,83.97,7.94,76.6,58.58,0
Tomato,76.54,39.27,36.18,80.08,4.47,15.8,54.39,0
Tomato,28.79,24.58,64.14,91.93,2.88,11.8,20.74,2
Groundnut,70.07,37.61,74.35,15.71,5.14,38.7,55.29,0
Maize,57.07,22.78,40.99,96.82,3.62,41.8,46.82,1
Maize,52.44,35.23,58.61,96.98,1.67,21.5,40.78,1
Maize,50.98,20.26,49.09,70.7,3.16,22.6,42.66,1
Groundnut,74.74,28.13,66.19,89.36,2.29,28.5,68.79,0
Maize,57.76,24.95,56.48,49.46,5.1,89.7,48.3,1
Maize,52.64,34.08,46.08,38.21,6.53,98.7,35.79,1
Tomato,18.42,20.32,35.24,23.89,2.1,30.0,8.72,2
Tomato,46.38,29.3,52.68,12.84,4.97,82.2,30.89,1
Rice,78.56,33.93,63.39,13.78,5.67,35.7,66.59,0
Chilli,64.82,20.93,86.11,72.24,2.96,106.8,58.91,0
Rice,18.57,37.95,47.51,40.29,3.9,39.6,5.0,2
Tomato,76.88,27.22,63.17,14.87,2.87,24.3,65.45,0
Tomato,72.87,23.31,66.16,20.1,2.98,58.3,63.39,0
Tomato,53.27,24.51,70.71,69.88,3.57,27.0,42.86,1
Cotton,16.57,26.78,53.07,94.48,2.36,31.8,14.62,2
Chilli,54.37,23.97,40.47,46.72,3.91,47.3,38.68,1
Groundnut,18.82,30.21,85.67,79.99,6.02,82.7,5.64,2
Maize,37.43,32.66,87.4,97.62,3.15,22.9,28.83,2
Groundnut,59.02,28.67,59.1,73.75,7.56,41.3,44.48,1
Rice,78.9,28.54,66.93,75.07,1.74,104.4,69.01,0
Chilli,40.05,35.63,36.6,65.43,3.6,40.1,21.96,2
Cotton,75.2,26.02,37.6,97.99,4.81,28.5,67.35,0
Chilli,79.29,32.46,39.22,36.98,4.35,68.7,60.87,0
Groundnut,16.47,37.86,75.63,80.47,7.58,13.7,5.0,2
Tomato,31.76,24.43,47.5,47.36,2.59,98.4,16.96,2
Rice,64.69,32.4,45.14,23.99,3.02,34.5,50.87,0
Cotton,67.98,38.96,35.46,76.54,4.77,24.6,53.28,0
Rice,42.47,30.6,36.26,84.65,4.77,98.9,31.64,1
Cotton,60.97,39.54,57.3,87.72,6.3,102.7,42.74,1
Cotton,57.85,26.2,64.79,92.97,6.36,90.8,45.89,1
Groundnut,66.78,31.29,66.85,77.04,0.09,35.8,58.73,0
Maize,65.31,26.22,60.19,57.49,6.11,68.0,53.47,0
Groundnut,21.01,20.07,60.28,94.48,5.74,116.6,10.77,2
Tomato,26.08,39.95,76.42,28.86,4.69,62.6,5.21,2
Maize,24.29,24.8,50.93,16.96,2.54,114.5,12.75,2
Rice,80.27,39.46,48.07,48.85,7.26,84.4,61.91,0
Cotton,78.95,33.06,81.99,62.4,5.91,102.9,67.02,0
Cotton,70.82,38.08,72.91,71.2,2.06,31.2,62.27,0
Cotton,23.17,39.34,61.23,83.39,2.44,111.9,9.01,2
Cotton,55.2,31.36,50.15,12.41,5.68,103.9,43.45,1
Tomato,28.11,39.99,42.51,82.18,7.34,96.4,5.0,2
Rice,40.79,35.35,37.06,64.01,3.92,113.5,23.19,2
Groundnut,33.7,30.48,81.88,95.77,7.03,96.8,22.7,2
Maize,73.03,33.1,67.64,41.31,3.06,73.4,57.64,0
Rice,25.11,23.89,37.52,65.53,3.16,81.4,13.99,2
Groundnut,60.23,20.22,43.72,78.99,5.49,100.3,49.43,1
Groundnut,83.87,25.14,50.38,56.48,0.4,92.4,76.26,0
Maize,63.09,28.7,49.47,24.03,1.11,75.1,53.34,0
Cotton,20.55,24.56,65.16,14.48,5.83,75.8,10.53,2
Rice,78.55,30.28,56.97,20.03,1.94,106.8,65.52,0
Rice,60.02,33.16,83.52,54.54,1.4,11.1,52.08,0
Tomato,46.94,33.12,74.57,67.56,0.71,89.0,31.84,1
Chilli,61.18,37.88,85.09,61.35,1.8,72.2,48.98,1
Rice,76.53,39.33,82.46,74.16,2.0,102.2,62.83,0
Rice,48.4,37.81,85.68,13.51,2.73,32.6,34.64,1
Cotton,52.19,32.4,88.9,22.27,7.51,67.8,39.06,1
Cotton,46.67,24.12,52.14,78.5,5.16,24.0,39.27,1
Cotton,20.08,38.87,46.53,80.31,5.55,82.5,5.0,2
Cotton,70.09,23.5,44.08,73.21,1.06,94.0,61.33,0
Cotton,23.85,23.03,69.54,77.09,1.54,78.6,18.61,2
Chilli,42.62,26.35,72.45,96.71,7.19,71.0,27.6,2
Chilli,42.08,31.47,39.83,94.98,5.07,47.8,24.25,2
Groundnut,34.6,33.63,80.16,68.0,6.48,80.4,23.76,2
Maize,43.18,20.27,78.07,38.74,2.86,108.9,42.02,1
Rice,58.26,35.56,69.57,11.27,4.62,89.4,43.87,1
Cotton,36.8,23.5,58.96,66.84,4.02,12.5,31.27,1
Tomato,27.08,25.93,43.45,48.82,1.64,66.0,16.55,2
Groundnut,75.86,26.44,62.81,23.23,6.6,91.0,60.44,0
Maize,82.96,26.65,43.75,29.37,2.67,65.5,69.3,0
Groundnut,47.1,35.21,68.27,94.29,3.74,75.0,28.64,2
Rice,37.89,20.82,52.05,15.96,1.06,110.3,32.4,1
Chilli,18.32,23.93,48.6,80.87,5.11,106.1,9.13,2
Maize,17.58,20.45,59.26,91.18,6.33,18.9,11.68,2
Maize,42.5,35.57,66.94,71.95,3.28,66.2,28.2,2
Tomato,80.12,39.67,55.21,15.52,7.83,78.5,56.55,0
Groundnut,66.15,33.19,88.0,86.13,2.06,103.7,55.12,0
Maize,39.45,31.8,35.32,68.8,6.98,39.2,24.04,2
Groundnut,82.76,38.16,85.21,34.93,5.77,25.4,69.03,0
Maize,45.01,25.1,35.04,66.67,7.42,75.7,30.23,1
Rice,34.38,21.33,46.92,22.29,5.93,61.4,22.88,2
Groundnut,44.84,30.2,89.8,73.69,3.96,38.3,37.43,1
Tomato,29.81,25.21,75.05,91.27,3.31,113.7,19.77,2
Tomato,76.99,29.02,70.45,56.95,6.64,44.9,64.19,0
Groundnut,40.28,29.13,74.94,95.69,6.72,16.1,31.4,1
Groundnut,61.06,26.38,57.46,49.43,4.71,16.5,48.01,1
Groundnut,42.23,29.73,78.13,87.18,5.62,32.1,31.18,1
Maize,78.12,27.6,43.52,79.63,3.7,22.8,65.46,0
Cotton,59.97,22.26,78.66,17.96,1.75,53.4,55.25,0
Tomato,49.18,37.33,86.67,92.14,0.4,18.9,35.48,1
Cotton,24.25,34.03,82.17,91.94,5.23,71.7,12.0,2
Chilli,78.13,20.83,75.68,41.63,5.35,54.9,68.64,0
Rice,53.28,22.32,70.83,81.41,5.32,75.8,47.43,1
Maize,34.95,21.93,63.66,30.22,4.5,118.8,26.59,2
Maize,76.45,21.23,56.74,12.74,2.74,119.1,68.87,0
Tomato,18.81,21.18,82.61,28.71,1.94,55.9,10.82,2
Maize,36.99,23.14,70.61,53.56,0.53,50.4,35.94,1
Chilli,52.58,36.96,58.92,15.2,1.18,85.0,35.41,1
Rice,38.79,36.56,78.16,24.4,5.03,50.4,29.03,2
Rice,48.37,35.66,37.98,95.54,6.14,95.6,31.93,1
Cotton,33.5,32.29,79.72,54.45,7.26,76.2,21.6,2
Maize,24.11,34.47,79.59,84.08,0.67,31.9,18.18,2
Chilli,17.58,34.77,47.57,28.6,6.51,55.6,5.0,2
Chilli,26.04,37.79,37.07,17.97,4.78,105.0,5.0,2
Chilli,81.71,34.65,74.25,80.25,2.41,70.9,67.03,0
Maize,55.28,34.73,45.99,41.4,5.81,88.1,39.11,1
Maize,49.23,36.08,89.78,51.38,7.91,88.1,32.09,1
Cotton,41.9,31.13,35.51,99.29,3.04,63.0,29.26,2
Groundnut,64.59,24.26,47.64,38.49,5.02,42.5,53.09,0
Tomato,24.89,21.69,37.31,52.58,2.09,75.6,13.4,2
Cotton,34.33,28.38,78.05,67.13,1.64,22.4,27.1,2
Groundnut,60.91,21.83,66.83,18.02,1.19,75.7,59.16,0
Rice,48.53,23.39,81.66,74.48,0.26,21.3,47.67,1
Cotton,68.91,20.48,87.94,50.66,5.79,109.2,64.09,0
Maize,77.8,26.0,68.56,25.75,1.17,91.8,68.7,0
Groundnut,72.64,39.4,47.75,48.75,5.41,29.9,53.31,0
Chilli,27.89,27.58,40.1,51.46,6.96,96.3,9.72,2
Groundnut,21.4,24.82,82.64,67.67,6.77,89.8,15.65,2
Rice,26.86,28.07,48.48,94.34,2.39,90.1,16.67,2
Rice,69.85,26.03,84.14,78.86,1.0,46.9,66.45,0
Groundnut,78.97,33.48,83.31,44.42,3.54,67.5,68.15,0
Chilli,79.78,32.69,69.53,97.27,1.45,74.4,65.44,0
Chilli,35.88,20.55,68.22,81.17,2.99,51.5,30.03,1
Tomato,73.82,30.23,87.3,12.52,4.55,71.6,60.22,0
Tomato,52.54,20.72,76.58,20.49,5.15,36.8,48.34,1
Cotton,72.6,33.55,72.58,29.62,1.75,106.2,61.15,0
Tomato,53.39,38.72,58.97,17.52,1.82,115.6,33.67,1
Chilli,25.21,38.15,61.62,53.69,6.93,45.9,6.5,2
Tomato,20.55,24.11,56.39,40.66,7.56,47.7,6.2,2
Tomato,82.01,34.85,87.05,97.56,5.14,33.8,67.67,0
Rice,44.81,35.86,70.1,52.55,4.45,105.1,25.28,2
Groundnut,39.54,37.29,77.92,29.09,5.26,28.0,24.77,2
Groundnut,39.94,25.19,37.05,97.37,1.03,97.9,30.94,1
Rice,41.53,29.02,81.88,56.25,7.18,101.6,28.82,2
Maize,81.15,24.43,57.97,16.58,1.67,44.8,74.66,0
Chilli,19.39,20.49,75.54,17.28,5.36,95.4,11.36,2
Maize,23.33,33.18,37.2,70.78,1.78,59.8,10.64,2
Cotton,70.28,28.63,84.16,54.53,5.65,48.3,60.69,0
Tomato,53.46,24.96,71.29,66.18,6.03,108.3,41.0,1
Rice,24.0,36.94,60.16,86.47,5.93,59.9,5.26,2
Maize,17.41,29.91,51.7,71.32,3.43,16.1,5.32,2
Chilli,30.7,39.89,52.11,87.56,4.86,79.8,8.26,2
Tomato,33.26,35.87,51.69,76.84,4.78,82.4,15.98,2
Cotton,15.99,37.38,42.21,70.7,5.76,79.8,5.0,2
Rice,30.13,35.47,60.51,22.12,3.99,49.6,15.65,2
Rice,66.68,22.12,59.94,53.45,4.06,84.6,57.59,0
Chilli,74.88,21.3,57.66,48.98,5.48,42.0,65.56,0
Chilli,77.88,38.3,73.67,58.66,1.36,61.1,66.7,0
Tomato,42.29,22.76,58.09,45.2,5.22,33.8,25.46,2
Tomato,37.36,27.82,39.9,65.84,1.19,77.5,24.51,2
Rice,84.99,32.2,81.86,45.32,5.8,99.2,75.22,0
Chilli,68.85,24.24,58.38,60.19,3.11,20.7,59.04,0
Maize,52.61,24.51,71.04,45.54,6.72,13.0,44.43,1
Rice,32.83,29.32,86.14,91.16,0.71,93.7,28.18,2
Maize,37.49,27.22,77.21,43.61,3.68,45.5,28.3,2
Groundnut,51.08,33.53,64.63,75.78,1.34,45.6,38.63,1
Tomato,52.95,21.5,64.98,65.24,6.95,72.1,44.33,1
Groundnut,15.96,29.78,81.72,44.7,1.0,63.5,9.28,2
Tomato,82.16,23.49,80.3,82.69,3.88,23.4,75.46,0
Tomato,55.29,32.13,44.83,93.48,0.84,93.6,41.61,1
Tomato,56.24,22.32,69.46,78.44,6.38,29.4,49.05,1
Tomato,29.8,23.95,82.61,95.37,2.26,100.9,22.65,2
Rice,68.55,36.08,79.18,49.27,4.75,94.1,55.63,0
Chilli,66.61,24.7,41.86,92.24,1.36,28.4,57.95,0
Maize,21.66,34.74,58.96,88.86,2.81,93.4,5.79,2
Cotton,56.65,25.46,63.5,78.61,0.91,82.7,52.75,0
Maize,61.07,24.7,49.18,85.17,4.41,118.0,47.0,1
Maize,73.49,25.98,72.37,75.71,0.03,88.3,66.49,0
Maize,29.43,37.62,61.19,56.11,7.94,52.9,11.87,2
Rice,76.43,27.94,51.36,59.72,3.33,78.2,63.5,0
Cotton,47.3,24.88,53.53,47.59,5.04,82.8,39.92,1
Rice,21.76,30.73,82.12,69.79,2.29,92.0,13.1,2
Cotton,22.39,27.71,82.64,39.23,2.03,61.5,19.02,2
Groundnut,28.85,35.8,79.68,76.57,6.77,101.0,14.51,2
Cotton,34.79,39.81,85.26,55.46,6.07,41.6,21.39,2
Maize,49.75,30.53,87.38,41.79,5.15,116.0,38.34,1
Tomato,67.41,29.03,62.05,23.25,6.02,44.1,53.91,0
Groundnut,28.07,26.86,40.32,33.0,1.4,14.1,22.71,2
Tomato,84.49,39.47,79.0,67.62,7.47,32.0,65.32,0
Maize,26.31,29.67,69.84,43.29,3.64,112.0,14.01,2
Cotton,56.96,23.56,55.93,12.99,6.95,96.9,46.91,1
Groundnut,80.03,39.38,88.65,39.68,5.89,58.3,65.22,0
Groundnut,73.28,39.22,53.63,42.97,2.29,109.6,54.0,0
Rice,60.35,28.71,84.92,31.09,4.55,37.1,51.37,0
Groundnut,65.08,26.96,67.59,35.77,7.73,35.7,51.57,0
Rice,24.39,33.61,37.02,73.44,0.3,24.2,10.59,2
Chilli,15.68,36.58,82.32,77.16,3.41,58.7,5.0,2
Groundnut,45.39,29.97,76.92,96.3,4.96,66.6,34.52,1
Chilli,21.27,26.62,70.34,20.63,2.72,26.0,11.06,2
Groundnut,40.04,26.03,68.8,38.06,2.54,22.6,32.55,1
Maize,30.66,26.53,47.04,16.93,5.99,52.9,17.13,2
Tomato,79.14,22.36,46.8,65.2,7.33,35.6,66.75,0
Tomato,76.6,35.57,36.6,11.47,4.3,73.2,53.48,0
Maize,72.33,22.1,43.48,28.48,7.59,67.7,57.77,0
Cotton,64.98,27.97,53.51,62.83,0.81,27.9,54.85,0
Maize,25.79,36.7,64.74,42.29,1.82,11.5,10.87,2
Cotton,18.39,28.08,42.19,58.99,0.7,80.9,7.95,2
Maize,60.77,25.9,65.67,67.62,3.48,95.0,48.79,1
Tomato,59.96,38.97,49.48,85.5,5.01,63.7,40.4,1
Tomato,40.86,22.53,48.97,45.36,1.6,73.3,35.76,1
Chilli,48.09,37.7,87.14,35.1,3.59,115.8,33.52,1
Groundnut,49.24,21.24,89.58,58.49,5.48,94.4,42.08,1
Groundnut,31.79,28.27,79.63,16.27,5.12,46.7,22.71,2
Tomato,36.99,32.63,37.99,13.77,5.03,103.5,17.45,2
Maize,44.29,27.4,75.07,50.7,4.85,70.3,32.81,1
Cotton,57.22,30.69,44.81,29.63,7.89,67.4,46.13,1
Chilli,81.91,24.08,66.31,10.65,5.71,86.1,74.67,0
Rice,52.69,31.38,84.15,71.14,7.26,57.2,38.08,1
Chilli,66.18,22.69,55.91,83.45,7.61,106.9,55.58,0
Rice,71.49,35.92,86.09,23.31,6.88,28.4,57.32,0
Rice,22.95,31.68,73.96,60.75,0.76,56.4,13.79,2
Chilli,60.72,29.64,51.56,98.56,4.23,17.1,47.7,1
Rice,48.75,21.09,40.22,34.19,3.05,87.6,43.41,1
Maize,55.07,30.0,79.84,75.77,0.78,39.7,47.88,1
Chilli,17.69,31.27,60.19,24.59,4.51,56.8,5.0,2
Chilli,78.44,25.31,39.0,93.89,1.7,107.5,67.75,0
Maize,81.69,33.55,40.67,10.04,4.65,30.5,67.56,0
Rice,15.24,21.54,88.18,36.53,6.54,10.2,11.13,2
Cotton,29.9,24.17,48.37,97.88,3.15,73.6,23.9,2
Groundnut,27.61,34.75,88.16,70.36,7.6,58.1,12.47,2
Groundnut,69.69,22.94,72.46,29.07,6.13,16.0,58.73,0
Cotton,56.87,24.91,51.53,81.22,6.43,42.6,51.07,0
Maize,27.41,33.02,56.11,90.83,0.9,36.3,13.53,2
Groundnut,71.98,34.58,77.74,53.85,7.53,38.7,56.48,0
Maize,39.74,21.03,58.95,24.04,0.28,96.9,33.38,1
Rice,47.26,22.53,39.11,33.27,6.75,43.5,35.47,1
Groundnut,42.11,28.92,47.64,94.88,0.24,63.9,30.7,1
Tomato,51.5,31.86,82.32,24.5,1.3,39.2,42.65,1
Groundnut,48.61,29.08,73.29,38.07,2.52,114.6,39.47,1
Maize,34.22,32.94,62.56,23.1,5.9,95.2,19.66,2
Groundnut,44.72,35.12,48.5,19.5,7.2,56.6,28.23,2
Chilli,78.58,38.99,61.1,56.98,5.33,90.0,57.11,0
Maize,50.2,27.0,78.39,45.7,5.82,44.6,39.49,1
Tomato,79.15,23.26,39.48,14.16,2.32,19.0,71.76,0
Groundnut,53.51,25.28,89.71,23.07,7.8,57.4,43.5,1
Rice,68.82,22.96,82.29,13.39,3.26,72.1,62.31,0
Maize,35.55,27.88,52.49,12.21,7.3,48.4,23.34,2
Maize,70.33,37.45,82.88,26.06,6.23,54.2,54.63,0
Chilli,33.5,26.94,72.49,76.93,2.94,88.6,22.27,2
Tomato,16.37,22.98,71.65,11.33,2.75,108.5,7.17,2
Chilli,26.25,30.45,42.68,37.4,5.44,108.4,10.51,2
Maize,16.52,39.84,84.82,60.83,7.52,73.3,5.0,2
Tomato,81.29,23.76,59.77,76.93,5.38,79.2,70.39,0
Tomato,85.0,35.56,79.18,71.01,6.86,68.6,65.38,0
Cotton,68.36,36.47,51.47,98.96,7.73,50.8,53.45,0
Tomato,22.57,28.03,51.94,34.81,2.64,91.2,9.17,2
Tomato,77.93,32.39,88.06,10.01,4.31,22.2,64.69,0
Chilli,67.06,28.65,62.32,13.44,4.87,108.3,51.56,0
Tomato,38.26,25.25,38.29,18.78,1.74,41.2,28.65,2
Maize,50.16,28.52,80.96,97.77,6.38,34.1,42.01,1
Tomato,61.32,21.91,47.5,61.3,2.09,40.1,50.99,0
Maize,16.68,34.14,83.33,81.94,5.65,99.3,5.0,2
Cotton,50.11,36.58,85.4,98.66,4.19,39.6,40.93,1
Chilli,66.27,26.15,39.0,85.98,6.69,77.0,49.38,1
Groundnut,28.18,31.33,67.03,46.69,4.09,47.7,17.65,2
Cotton,46.07,24.64,88.98,88.83,4.69,82.2,39.23,1
Rice,52.28,22.55,86.2,49.04,1.45,75.1,49.65,1
Maize,66.49,33.27,63.89,20.26,6.47,119.8,47.01,1
Tomato,82.51,22.68,72.43,59.33,3.22,44.2,76.72,0
Chilli,74.38,35.64,68.23,92.42,4.64,48.5,53.8,0
Tomato,58.51,25.44,46.18,80.61,6.77,31.9,46.45,1
Groundnut,55.85,36.37,70.91,46.17,3.84,61.0,41.81,1
Tomato,57.22,27.37,53.32,86.94,2.2,102.1,45.79,1
Chilli,53.16,27.38,53.59,51.78,2.12,33.2,42.91,1
Rice,19.16,35.01,58.1,71.61,4.53,115.8,5.0,2
Groundnut,63.88,30.21,81.87,39.98,2.33,11.4,58.84,0
Groundnut,65.14,24.02,48.11,27.52,2.71,98.6,56.15,0
Cotton,50.87,37.01,48.79,38.21,1.88,86.1,39.26,1
Maize,75.93,26.8,35.4,88.76,3.57,109.6,60.54,0
Rice,62.07,22.06,43.53,99.08,3.73,67.4,53.88,0
Cotton,40.39,28.32,88.83,33.75,4.21,84.9,30.38,1
Maize,16.38,31.48,58.86,24.88,4.74,15.4,5.0,2
Groundnut,19.14,32.2,45.73,16.4,4.7,53.4,5.0,2
Cotton,39.63,36.71,88.11,77.84,2.94,94.8,39.05,1
Chilli,47.35,30.83,36.49,57.52,7.21,22.0,30.2,1
Groundnut,26.68,24.47,61.63,60.05,4.09,96.1,19.86,2
Cotton,28.25,25.23,79.25,14.07,6.66,43.9,20.24,2
Maize,31.11,22.02,77.51,17.3,4.46,48.8,25.56,2
Rice,69.64,34.72,45.41,92.32,2.96,81.2,56.91,0
Rice,68.99,22.12,73.93,61.91,5.91,18.6,60.38,0
Maize,41.81,32.12,69.23,29.73,1.42,78.7,29.25,2
Chilli,27.07,31.94,72.14,28.67,7.76,110.5,11.53,2
Rice,22.76,35.71,49.64,31.68,4.58,20.3,7.76,2
Rice,21.1,21.49,79.59,15.74,0.83,37.8,16.81,2
Cotton,42.39,24.06,65.76,14.48,3.37,11.5,35.41,1
Cotton,18.19,38.19,74.88,74.8,5.7,67.0,5.0,2
Rice,38.35,31.44,86.68,33.74,0.54,90.4,26.59,2
Chilli,82.31,29.15,82.05,44.6,2.09,111.9,68.54,0
Rice,50.53,34.95,78.03,58.36,7.39,50.5,36.66,1
Cotton,72.59,38.05,50.93,38.81,2.85,26.4,60.92,0
Groundnut,24.05,25.26,37.97,53.09,1.27,13.2,20.39,2
Groundnut,33.77,38.03,66.61,87.85,0.79,45.8,20.74,2
Chilli,81.26,22.17,36.9,31.97,4.95,66.3,66.38,0
Chilli,41.85,39.55,74.28,81.21,4.47,109.1,22.5,2
Groundnut,60.39,23.3,75.53,33.76,5.18,33.8,54.7,0
Chilli,83.33,25.32,65.96,26.83,7.66,95.9,71.62,0
Maize,53.56,21.93,44.25,16.54,0.48,62.9,48.29,1
Cotton,36.37,36.07,83.16,71.58,1.58,105.4,27.41,2
Chilli,52.24,39.68,67.78,47.05,1.87,104.9,34.43,1
Groundnut,18.82,25.94,63.32,79.34,3.42,104.3,10.5,2
Chilli,22.87,26.51,66.22,21.94,0.97,54.1,12.11,2
Groundnut,15.5,25.58,39.56,64.3,3.28,48.1,5.0,2
Rice,76.89,23.1,75.72,11.17,6.53,32.8,73.65,0
Rice,61.99,35.75,38.34,31.04,1.31,35.1,48.08,1
Rice,35.88,21.21,66.81,64.87,7.33,77.8,28.33,2
Chilli,30.48,39.36,44.31,15.04,7.29,115.8,5.0,2
Cotton,62.82,38.55,46.42,43.95,4.1,76.7,50.81,0
Tomato,79.37,22.37,47.83,60.55,6.88,55.4,69.2,0
Rice,35.94,30.59,35.79,75.48,5.69,36.7,18.53,2
Groundnut,37.51,39.86,84.05,73.51,2.85,81.7,22.58,2
Cotton,74.8,37.05,79.23,23.34,4.49,33.2,64.0,0
Chilli,77.54,34.3,36.72,16.77,0.93,20.3,59.44,0
Maize,78.98,20.45,38.13,43.87,3.97,20.3,71.44,0
Maize,35.52,21.37,78.06,31.67,6.64,103.6,29.05,2
Rice,23.42,35.88,35.37,37.51,4.68,52.0,7.5,2
Tomato,45.8,27.53,60.79,40.82,3.06,113.4,30.16,1
Groundnut,35.7,33.37,40.9,45.75,5.31,64.6,17.32,2
Maize,76.87,34.78,67.54,56.67,7.81,86.1,59.15,0
Cotton,17.56,28.44,89.91,10.84,0.54,101.0,11.51,2
Cotton,59.37,22.87,44.46,36.82,2.64,106.2,50.91,0
Tomato,78.43,27.73,87.62,33.79,1.25,27.9,71.5,0
Tomato,83.37,37.42,82.6,31.26,7.66,33.8,61.88,0
Cotton,60.51,26.62,89.22,80.98,4.37,26.5,56.35,0
Rice,81.49,21.25,77.14,32.62,1.04,59.0,79.35,0
Maize,20.3,39.18,82.13,23.59,4.9,27.1,6.13,2
Groundnut,40.15,33.61,67.7,86.66,4.0,81.6,27.66,2
Cotton,15.61,30.82,82.7,44.46,0.47,49.9,8.71,2
Cotton,83.68,36.58,41.13,26.56,6.92,116.0,65.61,0
Rice,78.19,28.22,75.79,77.61,5.67,99.8,65.53,0
Tomato,16.96,39.7,69.58,69.15,0.04,89.7,5.0,2
Tomato,16.27,37.15,38.29,95.08,7.68,85.8,5.0,2
Tomato,40.69,25.61,51.04,89.0,1.27,14.4,28.5,2
Tomato,33.1,27.42,46.89,72.49,0.0,19.2,23.49,2
Groundnut,74.29,25.51,57.28,24.49,3.42,57.5,60.86,0
Rice,26.23,33.19,45.91,53.49,1.13,110.6,13.62,2
Cotton,70.35,32.79,50.12,20.69,4.56,20.3,59.01,0
Chilli,53.81,30.45,51.28,59.45,2.49,56.2,39.1,1
Chilli,41.42,39.32,67.99,92.51,1.48,97.3,22.26,2
Tomato,25.2,29.45,42.42,10.34,7.88,45.2,8.42,2
Tomato,84.84,35.67,48.26,88.84,2.66,112.2,66.19,0
Chilli,58.26,33.16,52.44,58.54,3.32,112.8,37.35,1
Tomato,45.76,30.36,59.7,23.61,2.35,16.3,36.5,1
Cotton,40.98,20.84,37.09,87.03,6.7,77.8,29.58,2
Rice,78.4,33.15,89.96,58.32,1.57,26.0,67.88,0
Rice,72.48,32.85,51.52,50.33,1.02,58.5,63.77,0
Cotton,71.78,22.5,50.8,54.97,7.05,108.8,64.06,0
Chilli,58.13,35.92,65.52,23.26,1.47,18.1,43.55,1
Rice,77.16,29.34,81.97,20.15,6.86,113.1,63.04,0
Groundnut,35.95,26.48,60.12,69.54,4.63,119.4,22.66,2
Rice,64.26,36.48,48.69,89.24,6.59,83.7,45.94,1
Groundnut,43.31,26.87,66.12,72.5,0.56,49.2,38.67,1
Cotton,57.0,32.44,61.56,85.67,7.71,37.6,47.0,1
Groundnut,84.87,32.36,58.27,86.03,2.4,57.6,73.14,0
Groundnut,83.92,21.06,89.11,12.88,0.47,29.8,83.8,0
Tomato,50.88,28.46,89.78,79.39,6.12,12.2,40.45,1
Cotton,55.17,24.46,65.91,79.49,1.43,16.9,48.55,1
Tomato,77.81,23.99,38.74,41.5,2.81,83.0,62.88,0
Maize,83.99,33.1,66.18,46.89,4.76,12.3,71.58,0
Tomato,69.5,20.23,87.39,77.09,0.55,43.2,69.62,0
Maize,19.56,39.38,85.91,98.79,1.62,84.4,5.0,2
Groundnut,37.58,27.91,46.85,98.9,3.91,29.2,28.67,2
Maize,77.76,25.98,45.46,52.65,3.38,46.6,66.05,0
Rice,68.78,38.4,43.37,81.06,4.46,13.5,52.69,0
Tomato,66.96,29.73,80.09,51.95,5.83,22.4,54.66,0
Cotton,61.75,32.29,61.95,87.94,2.82,34.9,54.52,0
Chilli,44.07,33.92,53.59,68.48,3.24,23.9,29.72,2
Chilli,43.23,37.43,52.86,94.3,2.18,61.9,25.55,2
Maize,71.63,22.59,50.15,99.75,2.72,24.0,64.08,0
Tomato,35.56,21.63,83.54,39.72,0.41,43.6,30.33,1
Chilli,62.94,39.87,57.53,98.14,4.64,89.6,37.44,1
Chilli,65.83,20.18,48.42,72.33,1.38,81.9,57.33,0
Groundnut,74.12,34.16,74.07,31.43,5.73,52.1,60.11,0
Chilli,37.39,32.22,69.95,10.28,0.34,112.4,26.23,2
Groundnut,66.93,31.05,74.35,71.55,0.48,96.6,57.29,0
Cotton,22.45,35.72,80.21,30.01,2.28,76.8,11.39,2
Rice,24.66,39.85,40.57,30.82,3.51,58.0,5.0,2
Maize,44.21,20.94,35.11,59.7,5.55,16.6,35.15,1
Maize,18.87,32.29,37.78,12.78,5.54,55.4,5.0,2
Rice,81.34,34.34,73.87,47.47,7.79,70.0,68.34,0
Tomato,78.13,26.12,86.4,81.94,2.81,119.0,69.41,0
Cotton,18.43,37.86,53.21,12.45,0.47,114.7,7.9,2
Maize,73.68,29.14,77.97,66.15,6.89,22.3,61.18,0
Rice,50.62,23.29,75.11,24.25,5.85,117.7,41.86,1
Tomato,64.14,37.09,88.79,87.66,0.54,93.0,51.79,0
Tomato,77.09,38.86,60.89,45.16,0.67,85.0,61.52,0
Tomato,55.39,21.99,44.13,83.09,3.81,109.4,44.74,1
Rice,23.14,35.03,77.09,75.14,2.73,45.8,13.04,2
Cotton,15.18,24.3,80.04,89.01,4.77,53.9,9.57,2
Cotton,49.78,20.13,73.9,56.52,1.75,105.8,45.46,1
Maize,81.45,25.21,82.47,53.75,7.67,21.4,73.93,0
Chilli,55.08,37.1,55.42,13.37,4.1,88.0,32.61,1
Groundnut,41.11,22.82,72.97,58.04,6.01,99.1,30.97,1
Groundnut,17.16,22.61,49.51,56.98,1.01,107.4,12.52,2
Rice,79.05,34.78,59.55,64.58,4.94,34.1,64.01,0
Groundnut,37.9,28.13,48.34,21.79,6.92,84.7,23.42,2
Rice,64.33,22.97,43.5,58.6,0.18,19.4,61.08,0
Rice,63.6,24.6,36.98,50.86,4.32,104.7,51.78,0
Maize,32.77,35.89,71.93,63.64,1.97,63.0,18.01,2
Cotton,19.46,32.47,83.14,69.45,3.83,78.7,12.51,2
Rice,41.95,35.22,52.29,42.53,6.53,103.7,24.56,2
Tomato,37.2,21.96,58.61,55.36,5.52,65.7,26.54,2
Tomato,64.02,29.16,35.2,45.56,6.04,66.0,42.5,1
Maize,72.38,35.94,57.71,78.89,1.69,61.1,57.82,0
Groundnut,30.57,25.32,50.47,81.68,6.66,76.1,19.63,2
Tomato,51.98,23.38,66.58,36.36,4.91,88.9,40.86,1
Tomato,17.84,27.64,84.97,33.36,0.55,98.6,7.62,2
Rice,30.0,26.67,62.84,71.05,6.9,13.3,18.79,2
Tomato,68.32,23.71,72.15,79.66,0.45,48.3,61.59,0
Rice,70.54,39.08,73.8,10.98,0.23,57.6,58.04,0
Chilli,69.35,29.66,43.38,48.47,6.67,20.9,51.86,0
Maize,24.97,32.16,54.06,37.7,0.1,92.7,16.19,2
Maize,53.57,22.42,41.22,78.99,0.71,67.5,46.22,1
Cotton,44.59,32.2,59.24,22.92,0.14,10.2,33.12,1
Chilli,84.4,31.11,83.8,80.04,7.04,79.5,70.09,0
Rice,60.78,38.64,61.45,69.53,0.36,47.3,47.92,1
Maize,80.46,28.25,60.09,85.86,2.98,90.0,71.54,0
Tomato,25.17,35.64,46.51,99.12,1.74,29.8,8.73,2
Cotton,46.56,26.08,52.06,52.89,2.73,10.1,38.87,1
Tomato,69.01,31.58,86.51,72.95,2.32,19.6,63.24,0
Rice,40.75,38.54,51.66,73.9,7.1,58.4,20.55,2
Cotton,59.28,32.5,75.23,86.01,6.15,92.3,49.35,1
Maize,50.82,34.22,37.32,56.63,7.08,76.4,31.47,1
Rice,84.44,37.52,42.06,19.69,5.76,11.6,66.7,0
Cotton,27.17,38.51,52.13,98.14,2.64,75.1,12.1,2
Tomato,80.47,24.17,84.58,15.12,1.49,63.0,77.65,0
Groundnut,43.11,23.92,47.06,96.61,4.24,97.6,33.34,1
Cotton,47.76,31.01,74.97,32.98,2.85,38.2,40.79,1
Maize,52.0,39.91,44.21,54.32,5.15,89.1,32.97,1
Chilli,33.58,29.8,68.71,95.56,0.31,79.5,24.11,2
Chilli,82.46,26.62,67.28,70.9,5.7,78.5,67.82,0
Chilli,78.8,30.75,69.21,62.7,2.4,54.6,63.94,0
Rice,83.1,21.29,50.75,39.33,3.7,11.4,79.57,0
Tomato,84.78,23.54,43.92,36.32,7.83,30.6,71.39,0
Tomato,61.89,22.98,83.76,12.95,1.72,102.9,56.07,0
Cotton,46.62,20.56,66.32,62.77,0.94,77.9,46.39,1
Rice,74.55,34.44,46.66,48.71,1.68,73.6,59.08,0
Chilli,16.67,26.51,57.73,30.19,2.81,67.8,5.0,2
Cotton,73.41,23.37,38.69,44.58,4.29,18.5,61.58,0
Groundnut,49.81,30.24,61.15,94.68,7.84,48.2,34.62,1
Tomato,62.13,26.47,58.31,86.36,6.96,78.1,47.99,1
Rice,41.18,27.86,42.3,48.74,5.72,23.8,31.84,1
Cotton,40.8,26.31,59.44,98.2,5.76,111.3,32.34,1
Rice,17.22,20.08,70.17,51.59,2.27,18.0,8.61,2
Rice,44.67,33.77,86.07,41.42,7.42,84.8,36.99,1
Groundnut,43.58,22.21,73.68,44.91,4.32,43.1,36.46,1
Groundnut,30.74,24.38,62.63,88.72,1.3,105.0,25.54,2
Cotton,32.31,23.81,77.35,34.1,7.6,101.0,24.93,2
Groundnut,55.89,26.63,50.4,29.99,4.05,46.7,45.19,1
Rice,37.24,23.2,71.78,96.45,1.24,60.8,31.76,1
Rice,73.12,26.94,35.28,76.08,5.88,115.5,56.84,0
Tomato,22.8,24.87,38.99,78.74,1.87,76.9,8.65,2
Rice,55.44,21.22,69.33,76.63,1.5,10.7,51.59,0
Groundnut,26.2,37.41,45.59,71.46,2.14,95.5,6.97,2
Rice,51.98,26.11,72.88,18.21,4.63,49.7,46.99,1
Chilli,53.68,21.91,70.02,77.83,2.34,40.3,47.94,1
Groundnut,59.96,30.43,38.5,32.4,0.33,101.5,51.75,0
Cotton,44.92,22.47,56.59,21.92,3.1,116.4,36.77,1
Tomato,50.66,35.46,68.72,98.47,1.88,16.8,36.08,1
Maize,27.67,21.23,74.24,12.51,4.09,52.9,22.77,2
Chilli,47.41,29.29,79.88,12.85,3.68,40.8,36.54,1
Cotton,41.11,38.88,53.17,37.89,0.62,108.8,29.8,2
Maize,61.63,23.18,81.02,85.98,1.96,105.4,58.48,0
Tomato,45.44,24.03,54.48,98.01,2.25,109.1,37.27,1
Cotton,69.55,32.01,35.38,20.67,3.88,14.7,60.3,0
Groundnut,44.82,39.6,68.55,45.59,6.58,15.5,29.6,2
Maize,31.5,27.72,48.29,76.09,1.75,70.7,19.45,2
Rice,34.16,32.97,41.84,68.1,1.27,28.4,24.46,2
Chilli,18.17,23.05,49.21,31.0,0.01,22.4,12.85,2
Groundnut,52.79,32.83,80.54,39.63,4.85,38.6,40.09,1
Groundnut,73.16,25.05,85.27,63.49,2.61,88.0,65.78,0
Maize,68.84,32.27,87.89,13.19,5.36,83.9,56.37,0
Rice,45.65,21.77,51.66,78.24,5.52,96.4,38.42,1
Chilli,28.73,30.5,60.08,34.79,0.36,16.9,18.78,2
Cotton,75.44,24.75,79.14,84.55,3.35,94.3,69.17,0
Groundnut,18.97,33.63,52.48,71.53,7.74,64.0,5.0,2
Rice,42.95,34.95,56.18,68.09,2.2,44.4,29.7,2
Tomato,74.96,36.96,48.05,79.06,4.24,77.1,52.91,0
Maize,42.52,39.85,66.48,16.76,4.3,97.9,25.97,2
Rice,23.25,29.19,71.26,33.4,2.08,21.4,13.37,2
Groundnut,33.62,33.41,52.51,56.96,6.23,98.8,17.25,2
Rice,57.0,20.37,36.33,79.94,0.03,72.6,49.94,1
Chilli,25.64,38.1,75.47,86.42,1.81,78.2,11.62,2
Groundnut,60.85,32.31,68.91,44.39,4.74,106.7,46.64,1
Cotton,45.67,28.43,47.04,81.43,7.34,88.1,31.08,1
Cotton,38.41,28.69,52.31,29.82,0.08,74.2,32.4,1
Tomato,31.86,35.16,87.64,17.42,4.81,47.0,16.16,2
Cotton,72.63,36.67,69.66,32.19,0.03,66.1,62.99,0
Maize,42.77,36.16,67.75,91.28,4.98,102.0,28.77,2
Rice,66.69,30.21,70.18,58.96,3.29,119.5,54.26,0
Maize,45.82,27.42,87.49,53.32,3.48,93.2,37.09,1
Maize,21.43,38.91,53.69,76.9,7.74,96.9,5.0,2
Chilli,45.84,32.68,50.45,10.91,5.46,86.9,28.07,2
Tomato,50.54,30.87,55.72,20.65,1.57,94.4,36.88,1
Maize,47.05,31.97,79.05,18.96,7.98,36.7,34.99,1
Maize,72.14,32.6,41.65,20.95,2.05,56.6,56.66,0
Tomato,78.76,34.26,46.38,50.81,5.49,71.2,62.2,0
Cotton,70.07,31.06,47.55,35.26,5.44,70.4,60.93,0
Tomato,55.79,37.51,70.0,80.72,6.8,75.7,36.73,1
Cotton,52.9,37.19,70.29,85.51,3.19,117.1,38.6,1
Tomato,60.12,28.85,55.45,93.24,5.57,104.1,44.42,1
Groundnut,35.15,23.37,50.19,27.65,5.01,101.1,24.2,2
Maize,71.83,31.53,76.51,55.26,3.49,101.3,63.31,0
Rice,74.98,32.41,36.74,14.38,7.33,97.3,57.56,0
Rice,33.71,30.47,75.63,31.59,2.02,84.7,27.29,2
Cotton,78.2,37.81,46.57,65.36,1.79,38.2,65.57,0
Groundnut,74.41,21.86,84.65,48.02,5.04,104.1,67.79,0
Tomato,44.71,25.75,57.75,72.16,1.52,40.8,35.02,1
Chilli,78.63,37.32,70.33,85.53,6.64,89.7,58.49,0
Chilli,23.43,38.79,41.65,15.36,2.72,22.2,6.05,2
Rice,16.96,28.52,48.96,94.48,3.37,70.2,5.0,2
Maize,39.35,23.85,73.53,13.82,5.46,45.1,32.88,1
Cotton,54.58,28.41,65.27,98.35,7.08,87.5,46.5,1
Groundnut,39.6,29.12,77.38,67.39,5.52,104.1,26.9,2
Groundnut,80.94,30.39,65.99,13.9,0.75,11.7,75.02,0
Rice,32.83,25.49,66.31,45.43,2.7,22.6,28.06,2
Tomato,34.68,26.25,82.2,33.24,6.0,111.8,24.81,2
Maize,59.44,33.11,58.36,81.87,7.26,36.3,42.08,1
Rice,15.27,32.44,84.23,30.29,5.07,90.4,5.0,2
Chilli,65.93,33.24,55.47,84.36,4.77,99.4,48.13,1
Rice,41.42,27.55,53.07,38.11,3.03,91.5,35.08,1
Rice,83.44,26.73,77.87,99.02,3.82,13.5,76.44,0
Rice,63.4,27.03,35.64,34.34,3.46,90.9,50.94,0
Tomato,18.66,39.02,44.47,71.65,0.44,115.8,5.0,2
Cotton,21.48,27.9,38.95,82.02,0.17,50.6,11.15,2
Tomato,21.17,32.12,63.17,29.48,4.94,88.1,5.0,2
Groundnut,81.68,30.46,69.54,16.82,4.08,40.4,71.61,0
Tomato,62.88,37.52,35.57,59.61,1.96,119.7,39.41,1
Rice,44.93,27.38,43.88,70.94,7.14,32.9,30.79,1
Maize,29.03,28.68,51.64,83.55,1.65,43.6,14.77,2
Cotton,76.15,36.86,51.18,34.55,5.6,28.5,64.92,0
Rice,29.11,23.22,40.34,88.51,6.31,115.1,17.3,2
Rice,64.47,31.89,44.51,92.42,6.72,72.9,49.65,1
Groundnut,68.43,28.0,81.59,80.13,6.72,37.2,56.2,0
Chilli,35.63,39.72,73.53,10.68,6.35,24.8,18.88,2
Maize,50.34,34.43,51.29,17.85,3.66,106.2,36.96,1
Cotton,30.61,20.21,49.49,99.8,4.99,16.9,24.42,2
Groundnut,41.53,36.79,39.41,76.06,6.86,80.8,20.99,2
Maize,82.56,34.06,54.19,66.41,3.36,77.1,68.55,0
Chilli,63.52,31.22,56.89,91.12,5.37,94.9,48.45,1
Rice,74.26,24.72,84.73,13.57,1.28,85.0,70.95,0
Tomato,52.84,22.99,75.87,78.16,4.52,102.0,45.2,1
Chilli,31.73,32.57,61.35,68.92,1.13,14.2,21.84,2
Tomato,64.9,28.8,42.42,86.34,5.28,57.3,47.74,1
Groundnut,50.04,37.23,71.09,80.01,3.01,18.9,38.79,1
Groundnut,27.38,25.25,86.48,53.64,1.82,54.6,21.24,2
Tomato,43.87,32.75,39.29,16.39,2.89,71.7,21.87,2
Maize,59.44,24.98,81.67,91.85,5.61,75.3,49.61,1
Tomato,66.47,32.73,44.91,78.72,7.26,111.7,44.76,1
Chilli,32.03,20.97,73.57,42.08,0.09,111.4,27.71,2
Rice,76.32,27.83,45.11,98.55,1.34,44.1,68.53,0
Maize,41.57,23.45,68.0,38.0,5.65,86.9,32.26,1
Chilli,33.98,32.12,48.07,43.35,4.55,88.4,20.71,2
Chilli,28.66,26.33,64.79,97.72,2.55,115.3,16.61,2
Chilli,71.29,35.43,68.01,70.13,5.21,19.2,51.23,0
Tomato,39.79,22.29,69.02,89.13,6.94,77.9,29.71,2
Cotton,48.84,31.12,72.55,89.9,2.06,54.8,39.51,1
Cotton,30.6,31.87,38.8,58.28,3.89,48.2,16.24,2
Cotton,63.03,20.44,73.69,34.03,0.17,77.9,59.67,0
Maize,69.67,20.72,43.5,86.27,7.57,40.7,57.05,0
Groundnut,38.76,26.16,72.24,55.17,6.41,13.9,28.05,2
Maize,81.16,32.18,41.82,60.79,4.04,95.6,68.04,0
Cotton,17.14,39.25,61.37,58.72,7.94,19.5,5.0,2
Tomato,24.31,21.82,56.27,10.86,1.76,46.1,16.71,2
Tomato,56.22,34.06,88.2,14.13,5.95,75.4,44.57,1
Chilli,64.1,33.85,69.69,65.47,6.16,78.6,46.53,1
Chilli,32.55,33.39,39.85,81.5,6.65,83.3,9.63,2
Cotton,53.78,30.32,73.55,51.13,5.48,119.4,40.37,1
Tomato,37.29,39.34,45.68,27.14,1.52,54.2,18.3,2
Groundnut,53.79,30.04,50.74,46.6,0.73,25.1,40.66,1
Tomato,61.15,36.77,55.81,79.15,1.44,25.2,43.35,1
Chilli,83.1,25.25,77.69,19.78,6.87,66.1,71.17,0
Groundnut,46.9,36.13,86.92,60.42,3.22,52.2,37.41,1
Chilli,60.38,39.93,85.84,73.2,4.37,110.4,44.76,1
Cotton,55.46,38.2,44.39,47.42,0.2,66.2,44.03,1
Groundnut,37.23,26.08,38.32,64.11,3.93,59.7,25.48,2
Groundnut,32.71,36.92,80.57,89.51,3.27,104.9,17.76,2
Maize,84.15,21.91,50.85,29.15,4.28,97.6,75.12,0
Maize,29.48,33.55,67.06,22.16,3.0,88.5,19.52,2
Tomato,70.32,26.84,88.82,15.48,0.6,68.0,64.48,0
Chilli,25.26,33.17,45.25,75.36,0.35,35.8,10.5,2
Groundnut,71.3,28.24,55.62,91.05,7.6,72.4,57.08,0
Maize,28.0,20.18,82.72,72.14,4.83,22.7,22.9,2
Maize,82.7,24.63,70.75,97.88,5.15,69.0,74.45,0
Rice,63.02,20.85,86.57,73.73,7.32,103.7,54.37,0
Maize,21.31,28.55,69.74,35.96,4.41,66.7,11.08,2
Tomato,63.52,36.8,51.7,33.0,4.92,17.5,46.21,1
Groundnut,57.25,34.76,79.28,70.0,4.18,13.4,46.27,1
Chilli,38.63,35.78,76.76,70.82,1.41,104.7,22.18,2
Rice,33.25,36.14,86.35,57.14,2.49,34.7,22.53,2
Rice,65.31,27.44,61.19,57.42,7.07,67.8,52.4,0
Groundnut,66.9,30.12,62.66,47.5,3.55,95.4,54.78,0
Groundnut,37.9,30.17,52.81,41.49,1.63,37.9,26.01,2
Cotton,76.34,22.26,49.78,67.06,6.62,91.1,69.52,0
Rice,33.82,31.96,89.81,77.28,0.7,18.3,27.57,2
Rice,19.89,34.4,88.75,83.21,5.12,92.3,5.0,2
Tomato,56.99,32.22,64.13,37.71,5.6,17.0,39.52,1
Cotton,22.49,34.92,87.53,87.2,2.43,40.5,16.21,2
Cotton,34.37,22.38,54.59,37.25,1.34,38.2,28.85,2
Groundnut,50.5,35.23,81.75,37.44,3.59,108.1,36.64,1
Rice,35.05,24.16,69.92,82.54,6.04,68.8,28.48,2
Rice,30.05,37.54,74.44,97.24,7.09,102.7,13.44,2
Groundnut,64.22,24.9,74.5,93.9,6.52,74.1,52.15,0
Groundnut,53.29,29.84,69.97,20.0,0.88,98.8,41.63,1
Cotton,73.78,29.75,81.88,35.96,1.78,70.6,68.05,0
Rice,55.69,25.38,56.56,78.39,4.94,59.5,49.98,1
Rice,48.84,27.23,81.71,82.56,5.68,82.4,41.22,1
Rice,33.29,23.71,45.09,55.38,0.07,41.5,25.94,2
Cotton,70.44,31.4,46.0,11.45,1.14,111.1,59.12,0
Groundnut,28.78,38.26,74.45,55.17,0.75,109.9,15.37,2
Chilli,31.96,26.33,76.26,12.8,2.73,18.0,20.19,2
Tomato,73.91,30.16,84.63,35.33,5.45,110.8,60.7,0
Cotton,66.88,37.24,50.11,69.12,7.55,30.0,52.65,0
Rice,57.9,29.05,38.08,22.11,0.72,84.9,50.4,0
Cotton,17.72,36.63,62.91,74.12,4.05,100.5,6.63,2
Groundnut,23.91,28.93,83.14,65.92,2.98,36.5,19.87,2
Cotton,50.0,28.8,88.43,48.67,3.19,22.4,47.3,1
Groundnut,67.24,23.14,82.18,43.49,0.54,93.2,65.61,0
Chilli,47.49,22.5,61.95,92.32,2.31,58.7,39.98,1
Maize,16.21,32.23,82.49,59.79,2.02,63.5,6.84,2
Tomato,27.9,36.55,46.77,90.0,5.75,93.8,5.0,2
Groundnut,56.21,22.71,85.66,47.12,5.13,37.9,50.61,0
Cotton,63.6,38.2,66.18,63.52,5.09,20.7,51.71,0
Tomato,17.34,27.18,56.41,95.91,4.15,115.4,5.0,2
Groundnut,18.03,28.51,66.99,21.17,2.74,87.0,5.0,2
Rice,33.29,37.89,78.12,33.65,1.95,81.7,23.92,2
Chilli,20.85,37.93,48.21,92.5,0.09,46.6,5.23,2
Tomato,52.94,30.5,40.6,47.98,1.18,119.5,41.16,1
Chilli,23.66,25.54,75.32,34.48,1.76,34.5,18.18,2
Maize,60.38,23.44,87.39,99.76,7.8,29.6,55.0,0
Maize,69.41,25.43,70.03,19.2,7.76,45.0,60.51,0
Cotton,82.94,35.61,42.84,65.04,6.14,91.3,66.12,0
Cotton,81.39,26.49,70.39,80.93,4.88,36.1,72.71,0
Maize,34.14,33.89,41.41,80.81,5.35,44.4,16.25,2
Groundnut,17.06,23.9,51.69,49.77,4.8,68.3,5.05,2
Maize,38.06,29.57,36.74,13.96,5.17,81.5,25.85,2
Rice,64.59,27.04,61.81,85.69,1.75,26.4,57.17,0
Rice,19.19,30.07,52.67,82.25,7.81,82.0,5.45,2
Tomato,40.18,31.4,40.36,31.36,6.05,51.9,19.47,2
Cotton,35.86,39.82,52.0,40.65,1.87,48.1,24.0,2
Chilli,30.35,38.0,70.62,56.13,4.11,18.7,13.05,2
Maize,64.43,33.92,50.9,20.27,6.31,117.1,48.72,1
Maize,61.14,23.07,42.87,83.85,7.29,86.2,46.63,1
Groundnut,52.48,38.38,64.96,92.99,3.07,21.0,40.82,1
Chilli,78.75,37.85,76.43,37.74,3.87,50.3,64.37,0
Rice,22.22,37.73,80.66,93.16,2.48,18.8,9.86,2
Rice,25.48,29.58,60.97,82.08,3.01,69.6,17.9,2
Maize,41.84,23.41,74.11,75.5,1.82,87.0,37.76,1
Maize,60.91,35.09,80.83,97.22,0.24,16.2,52.28,0
Groundnut,55.89,27.77,72.01,39.22,3.33,111.4,43.89,1
Chilli,20.18,26.89,64.0,92.41,3.76,51.2,10.84,2
Cotton,82.09,27.82,38.3,18.86,6.24,35.8,70.66,0
Chilli,36.35,31.18,50.95,53.02,4.18,24.3,21.75,2
Maize,40.13,26.67,52.59,59.68,2.61,26.0,30.62,1
Chilli,58.65,33.8,56.73,21.05,3.71,103.5,41.57,1
Chilli,81.16,32.95,87.3,76.36,6.37,62.8,65.12,0
Cotton,61.39,30.18,46.49,52.77,3.85,97.8,46.76,1
Tomato,81.83,21.08,64.79,51.0,4.44,35.0,70.88,0
Chilli,28.13,38.73,89.52,62.33,1.38,45.0,15.4,2
Tomato,58.32,28.23,69.03,22.12,0.06,55.4,45.03,1
Cotton,73.02,28.99,46.49,28.0,7.44,60.0,61.99,0
Cotton,50.63,29.12,87.81,26.26,2.14,20.7,46.0,1
Chilli,40.35,27.3,53.5,95.67,2.78,15.0,28.95,2
Groundnut,83.93,33.49,37.63,79.59,0.92,119.5,71.17,0
Chilli,24.87,20.28,58.72,57.63,4.1,83.3,15.86,2
Rice,43.77,37.47,48.24,69.35,5.9,16.0,28.28,2
Chilli,76.14,22.05,80.04,68.5,5.49,95.0,63.68,0
Cotton,78.03,39.99,47.1,33.61,6.84,49.7,56.77,0
Rice,83.63,32.56,80.09,17.79,2.29,97.6,72.94,0
Rice,76.94,21.32,36.99,59.94,2.52,114.5,68.8,0
Tomato,18.57,31.25,86.1,33.67,7.72,12.9,7.11,2
Groundnut,80.08,26.63,37.32,88.61,3.65,116.1,66.72,0
Chilli,44.97,39.06,86.62,31.24,6.68,28.2,27.91,2
Groundnut,60.61,35.11,39.05,61.56,4.89,42.7,45.48,1
Groundnut,42.6,30.14,82.99,47.81,1.45,79.0,34.01,1
Chilli,71.96,28.6,80.72,76.86,7.66,88.8,59.17,0
Cotton,55.31,39.92,67.69,95.57,2.6,28.7,40.68,1
Tomato,74.19,33.35,36.98,47.04,5.13,25.1,52.57,0
Rice,28.56,30.28,69.16,13.99,2.04,41.5,18.59,2
Maize,27.95,27.96,68.98,69.53,4.61,45.8,18.98,2
Chilli,45.83,26.49,65.65,21.63,4.33,45.0,33.58,1
Tomato,15.33,34.11,69.73,19.41,2.09,28.8,5.0,2
Tomato,63.5,31.76,88.25,69.54,7.91,116.8,45.59,1
Rice,35.72,36.96,89.75,19.25,1.13,97.8,23.76,2
Cotton,54.01,31.07,63.63,21.59,3.54,117.8,43.72,1
Groundnut,19.9,31.65,40.05,49.52,0.25,21.4,7.26,2
Cotton,26.95,29.55,42.37,50.71,5.46,18.3,14.67,2
Maize,58.6,35.25,74.62,92.23,3.7,69.0,39.59,1
Chilli,36.4,28.3,89.01,34.85,4.48,77.6,27.9,2
Groundnut,30.03,37.04,58.98,46.08,5.59,79.9,12.81,2
Chilli,31.02,26.54,40.39,73.68,6.11,20.3,14.67,2
Tomato,30.04,33.85,54.42,84.43,7.73,102.8,13.31,2
Maize,58.6,37.86,56.18,41.42,6.91,63.9,37.8,1
Cotton,26.74,35.38,89.81,66.8,2.59,50.5,16.75,2
Maize,40.39,26.85,72.76,66.18,5.82,65.5,27.69,2
Groundnut,63.15,34.13,41.48,37.29,0.61,14.5,52.79,0
Groundnut,50.96,24.14,53.54,20.68,1.09,33.7,46.93,1
Rice,56.81,21.16,37.67,71.43,3.68,119.8,49.81,1
Cotton,32.56,35.83,70.92,34.13,3.68,70.8,23.61,2
Maize,80.29,36.16,72.0,38.65,4.05,18.6,65.3,0
Chilli,43.97,20.46,38.16,61.51,3.8,42.2,37.59,1
Tomato,35.09,38.96,53.45,24.47,5.13,30.3,14.7,2
Maize,78.3,28.92,84.66,31.73,7.63,111.7,62.3,0
Tomato,60.87,38.11,80.47,50.15,1.38,98.7,44.89,1
Rice,57.98,35.76,66.58,89.06,2.86,70.2,45.74,1
Cotton,77.07,38.01,61.65,79.5,0.59,114.7,63.5,0
Rice,19.1,36.67,89.61,38.58,1.6,51.0,9.27,2
Maize,73.64,39.48,74.72,37.19,7.9,105.1,54.94,0
Tomato,62.45,32.58,87.39,98.86,0.32,61.4,53.89,0
Rice,40.2,24.55,38.94,68.8,1.71,103.3,31.82,1
Maize,32.94,27.79,46.67,71.7,3.41,109.1,19.5,2
Groundnut,22.34,35.04,36.71,14.96,2.34,60.9,5.34,2
Groundnut,80.88,23.14,82.74,19.45,4.36,29.6,72.24,0
Maize,24.93,38.6,73.18,36.5,7.92,31.2,6.78,2
Chilli,33.16,24.11,44.77,85.78,5.63,41.8,19.48,2
Groundnut,63.38,37.52,88.58,91.96,3.25,34.5,51.13,0
Tomato,64.71,29.67,87.57,27.19,5.46,52.7,49.19,1
Groundnut,26.25,36.81,47.35,74.28,6.98,65.7,5.0,2
Rice,71.99,39.17,70.59,88.67,1.83,19.6,60.36,0
Tomato,50.72,28.44,71.75,89.1,5.74,110.1,33.61,1
Maize,74.39,33.93,35.22,51.29,4.91,10.3,57.33,0
Rice,21.11,24.53,72.88,33.29,5.87,25.2,11.6,2
Cotton,18.0,36.02,47.17,96.07,0.67,10.9,5.26,2
Groundnut,59.59,36.4,84.57,34.89,5.86,118.5,44.62,1
Maize,25.5,25.9,81.12,32.74,6.3,55.2,16.01,2
Groundnut,51.75,20.48,84.79,28.51,5.5,31.6,47.93,1
Cotton,15.99,28.62,76.67,57.93,1.58,23.1,7.75,2
Cotton,69.6,23.4,44.07,19.65,1.29,50.7,61.2,0
Cotton,77.97,36.37,54.83,61.36,5.91,117.3,65.09,0
Chilli,73.72,25.22,73.99,94.93,5.18,70.4,62.92,0
Rice,82.08,38.87,52.78,55.45,7.87,49.0,64.38,0
Groundnut,78.22,39.44,74.05,96.88,3.64,50.1,62.28,0
Chilli,46.08,38.18,53.49,91.51,1.83,22.9,30.17,1
Groundnut,42.88,31.99,44.78,81.31,6.16,66.9,22.07,2
Groundnut,77.73,25.35,63.5,64.73,5.99,56.7,69.76,0
Tomato,79.89,36.15,72.74,89.26,4.18,90.2,62.22,0
Maize,83.1,34.03,63.45,59.95,5.97,31.1,65.53,0
Tomato,68.78,39.54,70.3,28.65,2.48,25.1,50.31,0
Rice,29.14,27.55,59.09,93.27,1.73,74.0,19.77,2
Groundnut,81.15,21.18,77.81,55.2,1.01,91.6,76.84,0
Groundnut,81.3,39.97,70.75,91.7,2.32,64.7,66.64,0
Groundnut,61.63,36.77,66.6,45.38,5.24,96.9,43.03,1
Groundnut,75.01,24.43,58.95,40.22,2.07,102.5,68.26,0
Chilli,54.28,34.51,64.47,78.94,7.07,110.8,33.87,1
Chilli,81.09,20.01,37.81,67.1,2.0,51.6,71.63,0
Groundnut,21.58,31.16,71.67,49.58,5.48,109.5,7.93,2
Chilli,75.48,27.26,46.24,89.07,4.22,88.0,62.52,0
Chilli,18.89,27.63,82.31,56.49,1.69,78.7,10.43,2
Tomato,38.74,24.89,79.68,11.15,4.45,70.9,28.68,2
Cotton,24.47,25.5,64.04,72.39,7.64,12.2,14.94,2
Cotton,48.54,29.09,81.59,15.68,7.55,71.6,41.01,1
Cotton,31.26,24.96,71.89,53.3,2.33,95.7,26.98,2
Maize,81.65,29.33,42.77,27.29,4.29,118.7,67.24,0
Tomato,54.15,31.55,75.74,31.78,1.21,57.6,43.81,1
Rice,77.84,34.22,89.77,98.18,3.75,118.9,70.99,0
Chilli,34.46,33.54,37.25,20.21,2.57,28.8,18.89,2
Cotton,16.82,24.84,48.47,78.19,7.44,115.4,5.8,2
Cotton,69.3,20.78,67.88,67.37,5.06,74.9,62.82,0
Groundnut,64.17,36.65,57.84,27.55,1.48,82.9,50.66,0
Maize,53.18,37.45,70.07,94.18,7.94,73.1,28.59,2
Cotton,72.07,39.58,67.25,28.13,5.55,118.1,58.78,0
Cotton,73.81,39.19,78.34,56.4,1.08,14.9,61.12,0
Tomato,56.15,32.68,38.9,81.15,6.4,55.2,35.4,1
Groundnut,82.61,37.89,59.23,78.72,4.46,106.3,62.66,0
Rice,65.38,28.96,82.3,38.77,3.2,28.4,56.34,0
Chilli,62.38,35.75,54.95,85.53,1.57,72.7,45.62,1
Groundnut,40.3,39.11,62.71,96.59,2.22,67.6,26.83,2
Chilli,15.16,35.93,36.19,52.66,1.34,98.8,5.0,2
Groundnut,31.87,28.32,47.33,68.71,6.43,111.0,21.06,2
Rice,68.47,27.56,60.5,42.81,2.18,38.5,60.31,0
Chilli,64.69,25.83,56.94,41.87,3.76,86.2,52.41,0
Cotton,38.17,27.34,74.31,52.27,7.74,70.2,29.86,2
Chilli,58.79,36.41,68.65,27.74,7.96,82.9,36.97,1
Groundnut,28.67,34.03,83.42,72.05,6.33,32.0,14.06,2
Maize,33.45,25.0,82.01,24.9,6.39,40.0,24.0,2
Cotton,81.32,34.23,48.27,10.47,7.56,70.5,66.37,0
Maize,43.92,27.59,35.97,49.55,6.37,10.3,25.64,2
Groundnut,32.15,31.16,82.0,16.88,3.61,88.8,23.7,2
Rice,49.1,27.41,53.1,60.62,0.48,27.8,41.88,1
Tomato,42.09,30.43,54.09,56.83,1.67,112.4,29.78,2
Rice,66.07,34.6,43.71,22.35,3.56,104.7,47.5,1
Cotton,82.35,34.62,73.12,32.14,2.12,78.6,70.87,0
Tomato,56.42,35.06,50.41,12.2,2.63,108.0,37.23,1
Tomato,56.38,27.82,44.72,63.46,0.47,118.6,43.4,1
Groundnut,40.54,33.81,62.69,36.36,4.42,95.2,26.01,2
Maize,54.52,24.77,76.27,74.17,2.81,78.9,48.82,1
Rice,37.35,29.55,49.83,66.68,2.07,59.4,26.92,2
Rice,15.08,31.66,74.71,43.62,4.88,99.5,5.0,2
Tomato,75.63,33.73,60.41,11.96,2.21,87.5,64.92,0
Groundnut,45.06,38.24,57.21,38.81,3.81,62.0,28.27,2
Chilli,49.45,26.1,54.77,39.24,1.97,65.0,37.23,1
Groundnut,20.85,36.91,43.01,39.94,5.44,35.2,5.0,2
Tomato,73.6,26.22,53.29,95.81,6.83,96.7,58.7,0
Maize,26.92,31.04,83.36,24.81,0.65,106.6,19.08,2
Rice,43.74,36.56,40.62,34.31,6.56,11.8,24.57,2
Maize,73.82,34.46,87.71,84.92,6.81,22.3,61.77,0
Chilli,47.04,37.26,40.91,93.26,7.72,119.0,22.92,2
Cotton,80.18,36.3,54.91,52.15,6.62,29.6,62.55,0
Maize,29.65,25.53,68.35,58.6,4.42,91.0,20.88,2
Cotton,65.07,39.86,81.08,14.76,0.56,62.9,53.84,0
Chilli,83.46,38.74,42.9,82.72,0.6,67.3,62.86,0
Tomato,53.47,28.6,42.76,63.51,1.57,21.9,43.4,1
Groundnut,63.45,20.94,69.56,53.11,3.58,25.2,60.13,0
Maize,42.53,26.07,51.1,37.23,7.64,73.6,26.28,2
Rice,67.59,36.72,70.45,49.94,1.4,51.5,56.42,0
Groundnut,78.62,39.02,80.13,76.18,4.31,97.7,63.53,0
Groundnut,64.21,36.63,39.23,17.27,7.98,116.9,43.13,1
Rice,80.52,27.93,81.45,55.61,0.11,99.4,73.02,0
Groundnut,56.21,21.13,37.07,13.12,0.38,54.7,49.1,1
Groundnut,55.4,30.35,84.44,79.5,2.16,63.0,48.8,1
Cotton,36.32,27.53,88.66,28.99,1.8,27.2,32.36,1
Tomato,64.67,22.46,71.71,91.3,3.99,86.5,52.45,0
Chilli,76.74,22.12,89.13,52.85,3.36,59.2,67.29,0
Chilli,60.24,23.06,80.21,51.15,4.67,104.3,47.82,1
Chilli,31.31,24.12,37.44,42.43,1.18,81.7,17.73,2
Chilli,53.09,35.08,35.21,56.47,5.49,28.8,31.68,1
Chilli,67.92,27.63,36.14,40.42,1.72,55.2,54.04,0
Chilli,80.76,28.74,59.85,42.39,3.62,84.5,67.49,0
Cotton,25.96,31.97,69.29,27.61,0.27,104.4,17.23,2
Chilli,23.92,39.2,61.48,41.07,6.38,48.6,5.0,2
Rice,43.91,35.13,72.24,83.05,5.02,83.6,32.53,1
Rice,23.79,32.91,59.73,32.11,1.67,29.1,9.84,2
Groundnut,83.63,34.88,37.34,83.91,4.81,109.5,66.34,0
Groundnut,44.7,34.39,47.44,87.52,3.5,73.3,30.18,1
Chilli,52.35,33.8,89.59,69.97,6.61,94.5,34.37,1
Tomato,30.9,29.93,54.02,12.76,7.87,53.7,14.87,2
Cotton,46.44,31.34,52.86,60.49,1.0,113.5,36.93,1
Rice,83.93,29.23,43.4,84.98,3.92,89.2,71.09,0
Maize,49.21,27.9,89.29,42.92,2.06,26.9,38.07,1
Tomato,15.62,25.42,47.68,35.45,6.0,70.5,5.0,2
Rice,31.98,27.1,70.58,38.92,0.28,39.9,26.36,2
Cotton,83.49,28.57,37.31,48.08,4.36,101.7,72.33,0
Chilli,84.23,31.59,38.66,16.32,6.86,96.1,57.51,0
Tomato,29.73,30.0,74.42,31.39,3.11,64.4,17.2,2
Chilli,58.07,22.16,69.93,68.22,6.7,43.2,45.69,1
Rice,20.38,26.8,72.41,52.52,1.18,103.8,15.5,2
Maize,55.42,27.52,47.7,32.26,7.35,103.6,37.73,1
Chilli,23.81,34.14,89.17,93.78,6.33,65.6,11.92,2
Maize,72.31,26.66,65.71,36.6,3.13,88.9,64.25,0
Cotton,80.77,20.16,88.33,21.64,1.05,41.4,79.84,0
Tomato,27.11,21.69,44.03,27.94,4.16,48.4,19.14,2
Rice,47.39,29.94,57.28,36.69,5.36,113.8,32.3,1
Chilli,22.14,23.77,53.46,57.03,1.03,91.0,11.63,2
Groundnut,38.74,29.89,76.53,15.97,7.47,17.9,28.93,2
Maize,19.56,31.48,76.12,86.94,6.1,60.4,5.0,2
Rice,33.52,38.67,61.76,88.97,7.61,53.5,13.41,2
Groundnut,84.32,33.11,35.89,38.65,2.39,35.4,69.51,0
Maize,18.12,20.62,44.64,79.78,3.47,119.4,6.76,2
Tomato,75.13,27.61,37.76,63.97,1.92,24.9,66.59,0
Chilli,20.42,35.87,81.59,86.09,2.19,44.6,8.89,2
Tomato,52.03,25.21,50.94,34.93,1.16,103.4,40.37,1
Groundnut,46.65,38.5,41.49,64.92,1.0,24.6,29.33,2
Tomato,80.21,30.58,54.48,16.54,5.37,51.4,65.43,0
Chilli,28.93,21.85,39.25,10.85,1.26,79.8,22.0,2
Chilli,27.58,24.83,88.84,88.72,1.07,47.1,23.36,2
Tomato,67.41,38.13,52.33,36.51,4.28,55.0,46.01,1
Maize,65.8,39.83,86.32,50.09,5.63,70.5,46.4,1
Rice,63.94,37.26,72.55,30.86,6.22,114.8,47.17,1
Chilli,16.83,26.41,66.14,88.91,4.64,105.8,5.16,2
Cotton,33.2,35.38,61.15,44.61,1.61,22.3,22.0,2
Groundnut,73.79,24.44,72.81,26.12,4.59,72.6,67.52,0
Tomato,57.06,27.69,72.75,64.72,5.01,81.9,46.02,1
Tomato,57.15,33.94,35.58,28.49,2.06,45.8,40.72,1
Chilli,35.71,39.38,84.93,33.46,1.16,39.1,22.81,2
Cotton,33.21,28.78,55.24,70.55,7.41,75.8,18.51,2
Groundnut,81.26,29.92,54.43,96.33,0.77,55.6,70.23,0
Rice,65.94,24.4,57.36,77.93,2.22,109.6,55.47,0
Tomato,23.88,28.06,72.69,21.17,1.85,28.0,15.93,2
Tomato,80.64,21.26,55.68,38.13,7.14,14.5,68.35,0
Tomato,55.77,37.17,55.56,81.67,4.02,109.0,36.37,1
Maize,38.34,20.47,38.49,34.76,7.65,108.6,25.17,2
Groundnut,42.8,33.67,57.92,76.61,6.63,55.8,28.44,2
Rice,65.78,25.46,43.22,52.46,6.04,92.9,51.08,0
Cotton,41.34,29.52,82.06,89.6,1.41,103.0,35.06,1
Chilli,55.51,25.63,53.4,42.32,2.75,38.0,43.09,1
Chilli,64.73,28.0,87.85,94.11,6.56,82.0,50.98,0
Cotton,28.68,30.94,72.65,46.67,7.87,91.1,16.41,2
Rice,81.1,32.82,76.59,75.36,7.02,49.3,70.71,0
Cotton,39.93,38.81,87.13,27.57,7.59,114.1,23.75,2
Tomato,44.36,26.64,48.14,57.77,5.13,116.4,25.77,2
Chilli,63.9,31.7,66.2,37.91,3.86,63.5,48.05,1
Cotton,57.61,38.03,37.24,11.15,4.12,18.4,42.17,1
Chilli,45.81,25.8,40.54,49.35,3.67,111.1,35.44,1
Tomato,60.48,37.3,55.16,25.52,1.24,67.5,44.63,1
Maize,78.2,39.15,72.54,96.27,2.45,25.3,62.29,0
Maize,71.02,36.95,80.74,82.77,0.72,90.5,58.27,0
Rice,72.7,31.4,49.1,76.56,0.71,85.6,64.62,0
Cotton,33.09,34.44,76.2,50.8,2.49,25.4,23.43,2
Rice,44.36,29.62,47.34,33.32,5.33,40.2,31.31,1
Maize,53.77,31.95,35.33,39.19,4.91,105.1,35.48,1
Chilli,18.09,39.49,37.99,28.39,4.48,116.7,5.0,2
Rice,68.89,25.02,67.21,59.67,5.99,54.6,58.63,0
Groundnut,37.64,35.85,62.34,83.01,3.38,24.8,25.85,2
Maize,34.78,30.12,49.87,26.87,3.54,48.7,23.98,2
Rice,33.15,23.54,35.36,10.41,4.14,65.8,24.0,2
Chilli,34.84,32.87,66.24,21.3,0.53,43.0,22.74,2
Chilli,38.66,35.85,79.97,51.48,4.65,77.2,20.0,2
Chilli,57.34,31.38,38.77,11.67,6.0,10.9,39.62,1
Cotton,55.85,36.75,75.51,46.29,2.11,99.8,43.29,1
Maize,32.9,27.32,69.9,20.0,6.84,102.9,18.56,2
Cotton,29.45,38.28,61.36,19.7,2.13,96.2,15.99,2
Maize,72.85,32.97,37.66,74.13,4.11,43.4,57.8,0
Chilli,21.49,36.06,85.8,99.95,7.0,79.6,5.0,2
Rice,50.9,25.46,61.26,27.5,5.91,50.2,38.33,1
Chilli,51.44,28.92,56.98,30.66,4.61,52.8,35.89,1
Tomato,55.19,38.19,82.38,36.68,4.98,88.0,41.06,1
Cotton,77.0,21.02,81.51,80.66,0.87,102.8,74.91,0
Cotton,58.67,28.08,75.0,55.53,5.59,101.4,47.33,1
Groundnut,83.15,35.61,80.61,61.36,4.9,35.4,72.85,0
Groundnut,75.99,34.88,41.84,59.19,0.68,82.4,61.25,0
Rice,30.03,37.03,76.85,94.36,0.99,39.4,23.73,2
Rice,31.88,34.79,53.04,13.14,7.77,79.1,15.53,2
Groundnut,39.13,38.94,82.71,24.21,1.42,50.4,27.87,2
Maize,42.41,29.97,55.36,44.39,7.17,96.9,28.28,2
Rice,53.71,32.49,37.99,53.92,2.21,113.1,42.48,1
Tomato,31.28,36.95,57.79,20.25,3.17,41.9,13.35,2
Groundnut,30.56,34.03,76.62,90.39,4.44,105.6,19.89,2
Maize,41.7,22.04,62.55,71.01,5.01,91.4,31.35,1
Rice,62.04,27.34,77.0,93.9,3.98,72.3,52.8,0
Cotton,63.17,31.05,36.94,94.67,2.79,67.7,51.51,0
Tomato,83.33,35.09,44.74,56.13,3.99,45.1,67.1,0
Maize,29.17,30.87,66.0,86.77,5.61,32.4,15.66,2
Rice,42.5,35.55,56.19,76.31,3.17,19.2,32.81,1
Chilli,82.53,36.75,72.41,42.45,4.36,88.4,67.92,0
Maize,63.3,25.3,87.94,69.16,3.03,34.5,57.54,0
Groundnut,56.46,32.32,71.29,95.75,2.64,64.5,43.43,1
Maize,52.78,31.14,57.95,78.76,2.39,107.9,41.71,1
Tomato,20.29,24.55,64.83,73.85,1.79,83.8,7.46,2
Rice,77.54,29.8,85.21,29.97,6.09,28.6,69.48,0
Tomato,58.79,30.97,72.01,84.8,7.87,90.8,40.57,1
Maize,55.02,36.35,79.17,45.07,0.23,33.6,46.72,1
Rice,52.77,29.22,51.58,66.17,1.57,95.8,39.35,1
Maize,42.43,21.62,75.94,71.0,7.71,18.5,33.14,1
Groundnut,32.83,29.75,42.67,56.37,2.73,25.6,21.9,2
Cotton,67.87,36.76,76.24,24.9,3.11,112.8,57.13,0
Chilli,50.67,31.43,83.49,72.77,5.3,40.8,36.92,1
Groundnut,17.38,26.38,84.51,32.25,2.82,26.6,10.57,2
Cotton,42.94,38.42,41.41,33.88,3.94,33.6,30.18,1
Chilli,80.0,23.11,80.64,21.41,7.21,49.7,72.57,0
Groundnut,41.17,26.54,41.05,65.79,4.52,102.1,27.55,2
Rice,43.93,28.74,61.31,20.57,5.34,26.8,32.05,1
Cotton,58.68,34.76,72.54,41.07,1.74,11.7,46.97,1
Tomato,71.12,36.71,61.63,90.06,2.09,105.1,54.58,0
Cotton,61.79,21.17,53.7,50.78,7.13,43.0,55.4,0
Groundnut,74.5,35.84,72.61,90.51,7.34,18.5,59.74,0
Maize,22.98,34.41,71.35,54.34,6.46,13.1,6.66,2
Rice,79.72,37.89,67.06,26.1,0.98,109.0,69.89,0
Maize,78.27,38.01,64.06,78.3,6.55,67.5,55.73,0
Maize,51.34,35.55,73.82,41.81,0.15,77.2,41.37,1
Groundnut,58.73,23.8,57.17,96.98,4.77,77.8,49.5,1
Groundnut,29.9,26.28,38.78,33.59,5.4,67.4,17.91,2
Chilli,46.36,38.73,64.56,83.99,3.41,94.6,26.06,2
Groundnut,29.19,31.96,74.79,54.45,3.83,109.7,16.65,2
Maize,16.54,30.78,51.45,85.79,5.93,80.5,5.0,2
Maize,83.66,38.31,42.74,26.47,7.16,102.8,61.73,0
Groundnut,33.14,37.48,85.15,67.03,1.51,11.1,18.83,2
Cotton,56.52,34.55,82.51,20.19,1.11,62.8,51.4,0
Chilli,36.02,37.65,69.01,82.5,5.04,76.4,18.88,2
Maize,40.94,22.28,78.26,31.21,1.85,32.1,36.75,1
Cotton,42.84,35.15,88.28,48.48,1.55,27.6,35.01,1
Cotton,38.45,39.31,66.31,69.04,1.63,25.0,30.2,1
Maize,59.62,20.98,48.43,53.04,1.57,41.3,51.61,0
Rice,82.27,24.46,70.13,80.1,3.82,100.6,72.21,0
Rice,45.0,35.88,85.3,71.94,7.72,13.0,33.42,1
Rice,83.13,30.4,72.96,21.74,6.62,76.3,71.92,0
Maize,61.75,21.73,36.44,79.61,4.35,17.5,50.12,0
Chilli,57.5,25.36,85.44,48.11,0.65,75.3,53.89,0
Cotton,31.6,26.48,76.45,63.8,5.38,37.7,24.71,2
Tomato,19.4,26.42,57.1,29.49,3.61,27.3,6.83,2
Cotton,74.64,37.55,89.31,48.08,6.23,61.2,63.45,0
Chilli,55.18,33.24,74.69,83.54,3.95,35.4,42.45,1
Rice,44.01,34.7,80.4,93.36,5.35,51.6,31.49,1
Maize,71.84,20.27,86.87,94.48,1.6,79.6,69.53,0
Tomato,36.74,28.55,37.18,73.01,6.67,113.0,19.5,2
Groundnut,69.85,26.36,77.59,17.1,6.24,78.0,61.65,0
Groundnut,37.96,37.04,56.25,49.84,2.99,65.8,22.92,2
Cotton,79.46,39.08,82.8,27.38,7.71,71.3,64.57,0
Chilli,33.76,28.47,83.34,72.79,1.28,61.9,26.14,2
Maize,24.63,39.46,80.57,24.52,0.16,71.9,13.91,2
Tomato,63.87,20.29,77.86,97.98,6.11,72.7,57.43,0
Cotton,26.4,26.51,78.69,27.51,4.8,64.1,18.34,2
Rice,81.46,35.5,51.31,14.74,0.89,96.7,68.2,0
Tomato,60.89,27.2,57.36,85.92,1.28,53.0,54.23,0
Rice,31.16,38.42,41.33,28.2,1.05,21.9,18.2,2
Maize,29.62,24.37,80.68,12.16,1.33,80.7,24.14,2
Tomato,79.67,35.91,70.53,59.33,3.69,97.6,65.3,0
Tomato,57.55,24.03,68.7,97.23,0.41,95.8,49.37,1
Maize,77.56,23.94,48.53,34.07,4.16,37.7,68.34,0
Groundnut,22.72,28.91,68.83,46.79,4.84,81.2,15.13,2
Chilli,79.78,38.9,60.0,31.35,5.82,119.8,59.34,0
Cotton,51.4,31.71,89.74,60.22,7.57,21.5,44.97,1
Groundnut,61.79,32.7,82.47,39.05,0.66,67.5,52.64,0
Groundnut,41.1,20.19,63.93,63.22,0.28,43.6,36.65,1
Maize,19.14,21.13,79.47,53.02,1.11,97.0,17.16,2
Groundnut,82.06,21.34,44.05,93.6,2.7,45.7,70.77,0
Groundnut,84.62,36.39,40.58,70.3,4.2,90.7,67.3,0
Groundnut,40.52,24.74,69.69,71.43,0.03,27.6,37.72,1
Maize,81.07,26.58,74.97,53.78,5.54,17.4,72.95,0
Tomato,26.74,32.2,37.92,37.28,7.66,21.5,5.0,2
Chilli,25.83,31.68,46.05,38.26,2.0,38.6,8.96,2
Groundnut,20.12,28.21,64.55,55.36,0.07,103.4,11.26,2
Groundnut,42.39,20.09,38.45,27.27,6.03,26.5,33.98,1
Chilli,18.66,28.99,58.32,21.92,6.16,13.7,5.83,2
Rice,42.63,34.78,61.51,43.51,0.35,103.9,30.74,1
Maize,24.69,24.7,85.7,21.74,4.94,51.2,18.75,2
Cotton,66.14,34.17,52.36,30.77,1.94,74.8,55.56,0
Chilli,73.34,20.3,44.28,58.15,5.06,19.2,63.65,0
Maize,63.15,38.16,35.41,81.11,5.81,109.8,42.61,1
Maize,29.03,39.0,41.69,30.23,1.78,65.5,10.0,2
Rice,68.68,20.05,76.3,81.25,2.09,19.9,67.11,0
Tomato,32.47,29.16,59.47,11.4,4.89,79.7,16.46,2
Cotton,68.16,28.28,45.93,99.73,4.66,50.2,58.64,0
Tomato,54.72,36.84,86.32,56.52,7.09,48.9,38.63,1
Groundnut,40.67,30.81,78.31,52.83,4.08,54.9,29.65,2
Rice,20.84,32.23,41.29,68.55,6.4,65.9,6.55,2
Chilli,72.93,24.05,49.79,52.77,5.86,78.1,63.02,0
Maize,80.78,21.54,81.72,46.72,5.33,26.1,72.91,0
Cotton,61.61,33.85,73.08,43.39,1.53,93.0,53.81,0
Groundnut,82.52,32.41,87.0,98.0,2.21,13.0,76.3,0
Chilli,80.39,36.65,39.19,87.53,4.53,86.9,59.02,0
Chilli,28.62,36.89,77.65,55.22,0.53,30.2,17.69,2
Cotton,66.18,32.62,39.2,85.28,0.36,59.2,54.99,0
Chilli,39.45,30.77,53.52,23.42,0.4,71.8,29.66,2
Tomato,49.13,38.28,76.29,57.65,7.37,81.2,23.73,2
Maize,25.99,36.03,74.11,50.52,5.51,97.0,12.78,2
Tomato,83.23,37.65,35.12,39.24,6.69,66.8,57.78,0
Maize,65.83,39.92,46.11,92.66,7.71,106.8,43.23,1
Chilli,33.68,28.07,77.82,84.92,5.61,115.1,19.09,2
Tomato,41.0,34.34,41.94,91.64,4.12,117.4,24.39,2
Tomato,44.57,33.76,52.95,67.17,3.83,45.2,27.88,2
Cotton,67.33,23.48,45.11,43.86,5.97,13.5,57.64,0
Maize,79.8,32.73,41.13,78.11,6.94,88.7,63.62,0
Tomato,37.5,28.56,81.01,19.77,6.64,37.7,26.97,2
Cotton,48.08,29.01,38.37,86.78,3.94,94.4,35.67,1
Cotton,56.52,23.6,64.48,12.59,6.19,10.6,47.36,1
Cotton,42.53,34.89,73.1,83.64,3.81,95.5,28.79,2
Cotton,50.29,33.96,38.17,73.35,3.08,17.7,40.63,1
Groundnut,22.4,30.65,69.84,17.96,2.38,106.7,12.24,2
Chilli,26.74,23.13,53.37,23.23,0.44,81.6,19.14,2
Tomato,43.08,31.14,80.84,50.72,1.61,27.8,34.58,1
Groundnut,79.05,22.0,78.87,36.99,5.84,65.9,68.0,0
Tomato,39.46,26.79,78.66,88.06,1.37,65.6,31.06,1
Tomato,32.49,27.45,56.93,27.36,7.21,106.7,15.96,2
Cotton,67.0,37.67,80.24,47.54,0.63,68.6,59.04,0
Groundnut,81.44,28.31,69.65,33.44,0.41,70.6,70.71,0
Maize,47.14,31.97,55.83,21.45,3.85,45.1,35.75,1
Cotton,15.6,37.5,39.44,33.38,1.78,90.1,5.09,2
Groundnut,63.17,28.52,38.68,87.4,0.82,15.5,49.66,1
Cotton,44.05,37.67,48.83,74.4,0.48,116.5,30.97,1
Rice,62.16,22.73,51.48,92.28,4.22,76.7,54.39,0
Chilli,34.44,27.3,86.01,46.48,2.08,103.0,27.58,2
Tomato,15.17,21.89,90.0,31.64,4.45,95.9,5.0,2
Groundnut,39.11,31.22,42.9,12.37,1.19,34.0,28.11,2
Rice,64.34,39.15,86.85,54.56,0.2,41.8,53.35,0
Groundnut,42.52,33.14,73.86,13.58,0.22,40.6,32.73,1
Tomato,30.34,32.52,62.42,10.38,0.9,34.8,22.52,2
Maize,47.48,25.56,87.51,64.42,6.37,11.7,39.15,1
Tomato,67.66,38.62,74.25,24.83,3.59,101.0,50.69,0
Cotton,23.36,29.43,67.65,60.38,4.99,69.2,13.36,2
Maize,63.42,25.34,46.52,61.62,7.0,75.0,50.32,0
Cotton,61.71,39.75,48.44,75.15,1.7,64.1,48.91,1
Rice,40.95,28.46,85.13,44.48,6.97,23.7,33.38,1
Maize,82.92,27.43,46.83,73.46,5.97,58.0,67.73,0
Groundnut,77.63,20.7,36.78,42.94,5.83,42.3,67.93,0
Groundnut,37.13,23.57,49.64,18.8,6.97,108.1,25.22,2
Tomato,17.18,36.18,61.43,37.9,1.01,87.1,5.0,2
Maize,36.58,29.65,56.01,10.68,4.32,27.9,22.48,2
Maize,29.33,39.1,86.47,51.62,3.87,87.2,15.9,2
Chilli,53.31,21.68,58.02,76.63,5.31,70.3,42.32,1
Chilli,79.31,32.32,83.9,80.63,1.9,19.0,74.64,0
Rice,75.92,34.4,67.71,30.89,1.02,17.7,67.85,0
Cotton,36.41,32.42,63.83,19.51,7.79,26.2,25.05,2
Tomato,45.0,30.6,43.81,26.69,3.73,99.2,31.59,1
Tomato,17.56,31.57,49.91,98.53,1.86,101.3,5.0,2
Groundnut,53.09,33.79,82.69,38.09,1.03,76.9,43.51,1
Cotton,19.44,37.27,77.9,48.64,4.75,11.7,5.28,2
Maize,80.7,26.73,59.61,16.81,1.18,44.9,73.67,0
Groundnut,75.69,29.19,85.0,81.04,1.46,54.1,71.29,0
Maize,29.99,32.72,80.05,50.36,7.62,41.3,14.76,2
Chilli,63.96,26.28,41.16,17.87,0.23,73.9,49.43,1
Tomato,54.76,23.58,68.33,52.56,1.49,16.8,46.66,1
Tomato,71.1,39.32,78.94,74.19,5.37,12.2,57.41,0
Maize,48.3,23.89,79.46,52.57,1.74,74.7,42.65,1
Chilli,28.42,24.65,40.02,97.18,1.46,39.1,21.16,2
Cotton,59.79,32.37,47.35,88.45,4.45,85.5,47.19,1
Maize,20.62,21.55,57.72,56.33,5.57,95.5,9.84,2
Groundnut,55.92,20.68,48.84,94.65,3.45,77.2,52.26,0
Chilli,29.89,21.28,40.99,83.02,6.25,118.9,15.66,2
Rice,62.95,22.47,69.58,43.14,6.52,80.7,53.92,0
Cotton,72.96,28.58,62.91,79.43,4.98,95.0,63.71,0
Chilli,22.67,36.59,43.52,55.53,4.62,80.5,5.0,2
Maize,43.02,26.84,67.25,58.52,6.53,98.6,32.1,1
Maize,66.35,28.55,38.41,56.86,0.12,53.0,56.33,0
Tomato,26.46,32.01,56.07,82.33,4.09,57.8,12.13,2
Chilli,54.66,26.04,78.59,92.67,1.03,46.9,46.8,1
Chilli,62.03,28.65,83.95,38.76,1.77,73.4,49.94,1
Maize,39.84,27.73,48.49,67.77,7.59,51.2,23.53,2
Tomato,73.24,26.84,82.27,66.56,0.03,118.7,64.24,0
Maize,50.75,27.77,84.05,89.87,2.46,76.3,43.32,1
Maize,58.89,20.22,68.38,50.25,1.23,46.9,53.27,0
Maize,24.86,37.73,89.02,27.11,4.56,65.9,7.67,2
Tomato,16.62,39.55,48.54,28.28,6.75,95.9,5.0,2
Chilli,18.55,37.25,38.79,14.61,3.13,98.7,5.0,2
Tomato,78.27,20.11,81.39,19.07,6.7,80.1,71.82,0
Chilli,76.78,35.02,62.0,37.11,3.52,10.3,60.78,0
Rice,71.53,31.46,54.05,19.23,7.27,105.5,55.43,0
Maize,28.97,21.88,38.04,88.4,6.78,110.1,17.12,2
Cotton,51.78,38.66,38.55,42.58,1.43,105.9,37.37,1
Cotton,70.73,35.52,39.99,43.16,7.08,83.8,57.04,0
Cotton,62.23,22.91,45.1,78.18,1.54,13.0,56.05,0
Cotton,23.09,39.28,88.37,37.12,3.92,114.6,8.86,2
Rice,77.69,22.52,50.48,74.37,1.57,17.5,73.84,0
Maize,26.25,29.09,79.94,84.02,3.09,26.4,17.02,2
Chilli,27.03,23.18,36.07,42.42,7.88,79.1,9.89,2
Cotton,78.07,23.0,52.7,53.0,6.12,60.8,71.23,0
Chilli,48.92,39.36,84.84,39.0,4.43,93.0,34.19,1
Groundnut,41.1,31.44,45.18,48.08,7.48,79.6,24.84,2
Tomato,53.76,25.18,50.62,62.27,2.88,10.5,41.94,1
Rice,83.7,35.53,80.46,41.47,1.39,80.7,75.99,0
Rice,23.37,37.5,41.68,51.77,6.63,104.4,5.15,2
Chilli,67.99,38.35,37.93,54.66,0.1,103.7,49.35,1
Chilli,38.4,38.66,88.13,12.21,6.44,27.3,20.65,2
Tomato,23.19,38.11,57.26,24.73,0.17,48.2,9.81,2
Cotton,44.54,32.78,71.18,58.72,2.28,23.1,33.63,1
Cotton,53.41,26.85,41.99,10.24,2.84,92.7,41.16,1
Maize,29.42,38.51,47.11,73.38,2.55,79.0,15.47,2
Tomato,43.37,22.45,60.3,91.49,1.95,63.3,34.11,1
Cotton,59.5,23.38,72.13,77.91,0.87,43.0,57.41,0
Cotton,55.35,28.68,51.13,38.27,0.03,96.6,49.7,1
Tomato,65.62,25.67,83.65,50.49,6.2,97.1,55.11,0
Tomato,73.55,32.31,77.96,68.56,3.66,64.0,58.9,0
Maize,43.64,38.11,65.34,71.24,1.3,23.7,31.19,1
Chilli,44.61,29.82,60.26,97.97,0.66,61.2,36.44,1
Rice,49.77,31.08,69.07,54.37,2.23,108.6,39.82,1
Groundnut,54.64,28.46,75.24,32.46,2.83,74.2,44.13,1
Maize,22.58,34.15,42.42,42.6,3.69,92.9,6.31,2
Maize,36.88,22.01,81.9,93.02,0.81,42.4,30.88,1
Rice,27.03,20.97,61.92,66.94,7.84,47.7,16.37,2
Groundnut,42.01,32.83,86.44,87.78,2.15,22.9,32.68,1
Tomato,83.13,30.7,87.55,75.17,3.53,47.7,72.86,0
Groundnut,55.79,28.15,36.69,96.89,5.67,28.7,39.84,1
Maize,45.06,26.68,56.15,55.11,2.48,69.3,35.47,1
Groundnut,54.62,21.04,63.94,95.49,0.66,53.3,51.29,0
Tomato,61.84,33.61,64.68,89.73,3.01,101.9,45.93,1
Rice,45.45,28.43,80.23,85.88,4.42,52.1,32.44,1
Cotton,46.34,28.91,42.76,94.52,6.73,33.4,34.63,1
Cotton,64.1,37.87,69.24,57.3,2.94,19.3,56.33,0
Chilli,19.26,34.75,86.84,76.85,7.12,37.8,5.0,2
Rice,52.81,24.39,89.82,59.98,4.37,86.7,46.43,1
Groundnut,53.31,33.14,35.55,79.86,5.74,78.9,35.31,1
Maize,67.97,22.65,88.49,78.74,0.24,78.2,65.89,0
Groundnut,83.79,23.88,41.72,78.26,7.17,104.4,70.93,0
Groundnut,70.7,34.28,64.53,48.56,1.71,37.8,60.48,0
Groundnut,50.27,22.52,48.55,81.67,2.61,61.8,40.01,1
Cotton,26.86,25.6,68.35,88.88,4.19,28.5,20.18,2
Cotton,56.18,37.96,37.04,67.26,7.68,34.1,38.35,1
Chilli,73.4,34.77,48.11,50.92,2.77,50.8,57.47,0
Rice,80.27,38.59,51.53,86.79,1.76,87.8,61.11,0
Maize,72.77,37.64,85.36,80.06,7.69,101.7,54.51,0
Cotton,28.23,26.25,67.1,52.26,6.47,43.8,20.49,2
Cotton,64.88,32.65,73.95,62.19,5.31,53.8,55.69,0
Chilli,76.61,27.57,72.18,71.72,3.28,107.6,65.23,0
Cotton,62.67,33.94,56.58,71.95,3.36,95.8,46.21,1
Rice,63.0,26.97,35.77,37.99,7.61,85.9,49.71,1
Maize,50.01,20.03,40.89,36.34,0.55,54.8,46.87,1
Chilli,59.59,21.88,60.23,89.86,6.06,47.5,47.9,1
Groundnut,35.61,35.42,86.77,94.33,4.81,89.6,21.59,2
Tomato,21.22,21.68,48.68,46.19,7.75,20.3,10.97,2
Tomato,72.94,31.99,73.41,92.2,4.47,69.8,60.66,0
Maize,81.02,37.16,80.46,52.36,2.24,16.7,71.02,0
Tomato,74.98,34.82,84.87,25.05,6.24,78.6,61.05,0
Chilli,38.37,28.27,51.14,75.96,7.89,72.5,18.48,2
Chilli,21.55,24.17,86.22,14.13,7.26,16.6,11.8,2
Cotton,34.61,38.45,68.44,20.25,2.36,56.2,23.88,2
Groundnut,74.0,31.33,62.96,94.69,2.77,31.2,63.0,0
Rice,60.91,28.11,77.81,56.59,6.04,97.8,51.05,0
Tomato,82.67,38.84,48.13,33.97,4.79,110.5,60.4,0
Tomato,38.99,24.3,79.69,53.24,0.09,44.6,33.44,1
Tomato,53.6,28.85,70.75,62.04,1.13,13.2,44.6,1
Cotton,70.3,22.17,78.97,67.5,0.68,108.7,64.18,0
Rice,31.38,22.5,82.06,41.34,1.43,102.9,25.32,2
Rice,82.49,27.97,68.95,44.87,2.44,97.7,73.31,0
Groundnut,56.47,33.99,37.02,59.48,7.74,49.2,38.04,1
Groundnut,15.55,26.78,51.38,66.4,5.41,18.8,5.62,2
Tomato,16.76,33.79,83.29,92.92,0.44,117.2,5.0,2
Tomato,76.76,36.1,69.48,45.3,4.86,64.3,63.06,0
Chilli,60.17,37.55,83.95,88.72,3.49,49.2,47.68,1
Chilli,68.42,20.89,56.15,99.39,6.03,95.5,56.51,0
Groundnut,69.88,35.47,62.76,40.51,7.07,83.8,53.4,0
Maize,44.43,22.94,82.44,12.46,0.52,14.6,43.93,1
Rice,70.9,33.97,76.91,64.39,7.84,115.4,54.6,0
Maize,80.63,27.43,55.76,91.33,0.46,71.2,69.97,0
Chilli,27.05,34.16,36.24,14.81,5.86,30.7,10.1,2
Chilli,68.49,24.28,83.42,27.74,7.23,11.8,60.85,0
Chilli,36.55,32.9,78.25,70.85,6.01,70.7,23.52,2
Groundnut,37.5,22.51,59.7,82.87,1.21,75.3,31.81,1
Cotton,43.89,23.39,65.04,17.8,1.66,21.0,38.71,1
Tomato,75.46,32.29,46.24,42.74,0.33,69.9,58.85,0
Maize,16.54,26.74,57.67,31.49,1.05,57.5,8.1,2
Cotton,45.37,34.08,43.98,96.84,0.49,58.1,36.84,1
Maize,62.6,33.7,46.58,71.42,0.43,117.3,50.67,0
Maize,22.73,32.43,81.55,52.81,4.5,42.5,13.29,2
Tomato,70.46,34.61,54.94,87.61,0.61,107.3,56.61,0
Tomato,80.93,35.88,79.81,58.39,3.4,47.9,71.07,0
Cotton,21.37,38.23,61.06,92.02,5.68,29.7,5.0,2
Groundnut,25.71,21.61,38.89,31.49,0.12,26.7,19.98,2
Cotton,83.19,31.43,54.88,12.46,5.11,113.5,68.88,0
Tomato,28.85,34.98,43.71,48.59,6.06,12.6,12.97,2
Rice,20.53,24.34,73.15,28.38,4.29,34.1,12.53,2
Rice,81.65,25.27,85.13,85.22,3.8,47.5,77.46,0
Maize,77.48,25.34,76.97,57.96,5.85,82.2,66.71,0
Chilli,60.9,31.45,77.81,35.98,4.24,51.3,49.19,1
Groundnut,53.6,27.32,82.4,79.62,4.07,12.2,45.99,1
Groundnut,79.35,33.32,77.72,57.42,6.41,66.9,65.75,0
Rice,60.89,32.2,66.27,55.25,6.7,107.3,47.31,1
Cotton,61.09,33.14,74.29,26.27,2.95,107.5,52.6,0
Tomato,74.06,25.05,57.88,99.57,3.32,119.1,62.18,0
Tomato,60.73,35.35,38.89,69.31,6.41,47.7,41.73,1
Chilli,50.26,33.28,73.81,86.93,4.36,23.5,38.75,1
Rice,42.28,22.61,74.69,78.38,5.49,17.6,35.09,1
Maize,50.22,24.0,47.3,55.26,0.6,105.4,45.09,1
Chilli,51.57,26.02,87.47,10.88,0.76,92.3,46.64,1
Tomato,40.26,38.72,37.89,70.0,4.25,79.0,17.43,2
Chilli,46.37,26.53,75.48,19.07,6.55,64.6,35.69,1
Maize,71.13,20.4,88.27,96.53,2.53,60.3,69.94,0
Cotton,44.16,22.83,52.0,32.43,7.69,64.3,35.8,1
Tomato,16.79,20.64,85.19,43.06,6.08,50.0,10.6,2
Rice,34.81,28.06,80.45,59.64,6.25,62.2,18.09,2
Chilli,31.22,35.94,75.93,55.24,6.67,33.1,12.34,2
Tomato,70.55,29.01,87.46,68.96,2.04,23.0,64.22,0
Cotton,46.45,36.78,70.97,80.51,2.64,33.2,33.64,1
Rice,34.62,20.95,62.22,78.19,0.95,116.8,30.07,1
Chilli,71.75,29.39,72.16,91.73,3.04,119.0,61.02,0
Groundnut,16.35,35.74,57.65,52.29,0.29,92.7,5.0,2
Rice,27.2,33.49,52.87,58.08,6.01,102.1,8.11,2
Tomato,72.89,37.06,39.52,88.67,6.42,21.4,50.24,0
Groundnut,53.55,25.48,55.79,35.41,1.71,23.5,47.32,1
Chilli,69.16,30.02,79.18,32.13,3.92,20.2,61.07,0
Tomato,73.67,33.54,87.0,10.82,5.38,17.0,56.59,0
Tomato,80.94,23.37,88.63,76.46,5.94,92.2,72.42,0
Cotton,19.44,36.32,46.36,71.88,7.76,16.2,5.0,2
Groundnut,70.95,26.23,66.43,34.9,1.61,114.4,62.49,0
Maize,64.61,21.87,66.67,21.69,1.97,81.9,58.02,0
Maize,29.49,35.31,44.68,13.83,6.83,28.8,16.0,2
Cotton,80.22,34.1,66.99,53.91,0.78,99.9,69.14,0
Tomato,43.29,37.67,54.95,27.41,6.29,100.6,23.9,2
Tomato,77.13,37.84,86.83,81.41,1.07,72.0,65.71,0
Cotton,57.36,25.57,49.04,95.5,3.72,20.0,48.92,1
Tomato,51.87,32.83,80.92,79.92,4.74,54.1,38.62,1
Cotton,26.17,39.98,84.33,86.64,6.14,70.3,12.44,2
Maize,79.0,24.88,75.47,99.17,0.92,91.8,71.0,0
Groundnut,53.97,29.46,46.81,76.67,6.59,42.8,38.16,1
Rice,15.43,38.2,49.32,61.06,6.8,106.0,5.0,2
Groundnut,16.28,22.06,88.41,82.9,6.35,37.6,7.93,2
Tomato,69.43,38.56,39.17,60.75,7.5,119.8,43.31,1
Rice,26.34,29.76,41.44,48.93,6.98,22.7,12.03,2
Cotton,56.91,37.86,88.82,12.93,6.14,101.6,44.3,1
Chilli,62.68,32.43,77.73,67.87,4.63,24.5,50.7,0
Groundnut,34.56,33.43,76.05,90.78,6.47,93.5,19.84,2
Rice,54.85,35.46,43.81,72.38,7.8,104.9,34.79,1
Rice,31.82,21.34,61.89,46.37,5.1,44.4,25.55,2
Chilli,81.24,32.56,81.24,65.52,1.94,21.1,72.41,0
Groundnut,75.21,38.48,53.09,83.17,1.98,120.0,57.58,0
Maize,35.16,39.12,45.6,78.78,6.37,116.8,11.55,2
Cotton,52.02,39.37,35.6,54.21,7.92,93.3,32.41,1
Groundnut,50.04,32.92,69.24,42.55,1.68,52.5,38.94,1
Groundnut,82.2,32.67,51.16,45.72,7.76,24.8,68.65,0
Chilli,42.58,31.05,82.5,91.71,2.15,56.0,33.69,1
Cotton,54.36,32.15,50.59,25.29,3.3,89.2,42.65,1
Chilli,80.01,32.24,43.34,87.67,7.27,26.8,65.2,0
Cotton,26.4,20.85,87.82,27.58,7.69,11.8,21.36,2
Chilli,53.53,21.78,88.06,98.28,4.54,109.4,49.28,1
Chilli,22.4,32.39,72.68,50.35,7.6,87.0,7.78,2
Maize,58.22,26.28,86.06,76.01,6.74,86.3,50.33,0
Chilli,40.6,26.03,43.9,75.64,6.93,114.2,24.78,2
Cotton,82.73,23.87,60.32,79.53,6.95,67.3,74.01,0
Groundnut,44.08,36.02,46.23,81.05,3.09,45.0,28.74,2
Chilli,24.53,39.29,61.33,13.52,0.25,110.0,8.91,2
Rice,73.38,32.56,78.51,34.6,1.32,118.4,61.68,0
Chilli,72.46,38.91,81.47,30.67,0.6,12.3,58.94,0
Tomato,63.64,37.68,35.23,72.87,1.94,46.4,47.85,1
Rice,67.42,24.36,56.42,71.5,0.44,49.9,62.4,0
Rice,33.53,23.07,89.67,36.73,2.22,22.2,32.18,1
Chilli,59.94,24.23,67.41,81.42,4.71,34.4,48.18,1
Groundnut,17.66,21.92,51.29,38.05,1.13,12.7,11.22,2
Chilli,28.78,31.66,56.39,40.86,2.53,86.6,14.96,2
Maize,80.26,25.65,52.74,45.9,1.79,21.8,71.75,0
Rice,66.75,38.26,59.62,77.01,0.76,107.6,50.2,0
Cotton,31.15,32.27,59.45,11.06,5.41,74.2,20.69,2
Rice,22.8,27.19,62.88,91.58,7.14,49.2,13.65,2
Groundnut,81.42,39.69,60.55,72.28,5.73,99.0,62.17,0
Cotton,22.85,39.06,63.39,62.79,5.47,81.6,9.64,2
Groundnut,32.99,35.57,36.54,31.36,7.86,92.8,16.94,2
Tomato,27.78,35.83,37.99,80.7,5.85,106.6,8.8,2
Rice,15.52,39.55,55.41,88.55,0.38,98.8,5.0,2
Tomato,36.99,32.01,83.67,55.14,1.75,95.7,23.48,2
Cotton,83.19,37.6,78.5,36.32,5.1,90.3,70.77,0
Tomato,38.93,21.3,41.06,44.25,5.11,51.5,32.5,1
Groundnut,50.3,31.08,62.22,47.46,6.66,81.7,38.66,1
Rice,67.22,30.05,68.25,37.53,1.27,72.2,58.26,0
Rice,53.58,20.75,61.47,74.1,7.85,116.0,46.82,1
Tomato,67.05,21.74,73.37,40.8,4.13,65.1,62.0,0
Cotton,61.31,20.44,89.85,83.91,7.36,34.4,52.72,0
Chilli,57.6,25.88,40.31,51.73,4.23,60.4,46.22,1
Maize,60.48,21.07,63.35,66.61,1.5,55.6,55.4,0
Chilli,70.94,28.46,63.18,95.32,2.81,61.5,57.73,0
Chilli,64.71,36.25,65.93,50.14,1.77,73.9,49.54,1
Chilli,70.42,32.28,44.18,25.33,2.11,114.3,54.75,0
Chilli,25.19,33.48,70.11,59.49,7.12,40.9,6.99,2
Rice,62.44,20.63,37.44,54.7,3.02,116.6,53.24,0
Tomato,66.59,36.79,75.76,80.43,1.46,95.8,51.08,0
Chilli,36.0,22.92,71.47,87.42,2.92,30.1,30.98,1
Rice,76.22,26.05,53.17,74.14,4.94,40.8,65.55,0
Maize,36.33,30.34,89.39,97.43,1.61,110.0,23.96,2
Rice,32.07,38.6,80.58,34.23,0.41,98.1,19.19,2
Cotton,75.7,39.96,64.67,31.53,6.98,25.8,58.75,0
Rice,32.29,35.65,89.48,36.22,1.91,74.3,19.45,2
Rice,44.09,34.59,80.65,70.38,7.49,40.5,33.03,1
Chilli,40.75,30.55,42.59,30.93,0.38,79.3,28.84,2
Tomato,77.86,33.31,67.51,17.96,5.21,29.1,60.86,0
Maize,46.87,22.89,66.95,97.99,5.32,48.7,35.83,1
Tomato,63.6,25.38,70.91,38.31,1.25,52.7,56.03,0
Tomato,70.58,39.69,86.74,30.02,5.32,69.1,50.15,0
Cotton,58.95,39.59,62.06,42.29,3.1,36.3,45.38,1
Cotton,81.06,26.46,39.26,24.26,3.05,90.1,71.23,0
Tomato,71.18,24.82,61.36,13.22,7.02,99.0,58.24,0
Cotton,43.01,24.59,78.33,37.48,7.62,80.4,35.27,1
Cotton,81.56,29.7,54.72,40.41,1.36,109.3,70.47,0
Chilli,51.72,24.48,36.49,82.99,5.47,97.0,37.03,1
Chilli,16.58,32.97,51.68,49.21,1.24,14.8,5.91,2
Groundnut,33.2,21.5,72.52,76.31,0.28,19.3,26.11,2
Maize,58.52,22.07,39.73,76.21,1.2,82.6,50.62,0
Maize,25.98,25.54,55.68,81.01,5.08,89.4,11.9,2
Chilli,55.88,35.55,42.32,92.67,5.81,116.5,37.11,1
Groundnut,40.31,26.47,61.18,54.88,4.06,10.4,33.03,1
Cotton,52.41,29.42,42.78,19.36,7.61,36.1,41.3,1
Rice,15.13,33.13,41.0,13.48,6.11,101.5,5.0,2
Maize,74.39,35.77,73.38,26.82,1.29,108.1,61.61,0
Cotton,40.33,26.14,43.69,84.63,1.66,61.1,32.85,1
Tomato,24.81,34.62,43.51,61.69,4.77,63.2,5.0,2
Groundnut,45.65,25.72,67.59,22.61,2.67,103.9,37.18,1
Cotton,49.03,32.89,37.4,21.94,0.01,60.6,39.49,1
Groundnut,59.62,29.02,36.81,90.24,0.19,96.6,45.16,1
Rice,51.72,38.53,58.73,56.8,3.26,114.4,36.91,1
Chilli,18.05,39.64,55.08,25.47,4.19,38.8,5.0,2
Chilli,76.01,35.48,64.95,90.71,5.23,40.2,61.85,0
Chilli,46.96,38.31,89.64,74.87,6.11,113.2,27.93,2
Groundnut,20.39,22.73,58.91,53.0,7.75,56.7,10.23,2
Maize,69.1,33.09,66.68,51.86,6.71,11.7,55.42,0
Chilli,61.21,23.97,85.56,70.54,2.85,65.3,49.19,1
Cotton,60.46,25.54,61.57,40.45,4.28,77.8,51.48,0
Cotton,44.88,30.46,77.96,99.99,1.73,36.9,38.01,1
Cotton,43.73,34.84,65.18,80.61,7.75,90.0,24.81,2
Maize,52.54,34.43,70.05,67.69,4.28,35.6,40.35,1
Groundnut,18.54,37.39,86.29,71.87,2.0,23.2,7.6,2
Rice,35.93,31.19,35.04,99.65,5.79,37.4,21.37,2
Maize,84.15,38.53,84.55,10.97,3.9,68.7,70.85,0
Chilli,61.35,37.76,62.37,12.05,7.97,104.1,38.43,1
Rice,44.33,36.98,68.37,80.65,0.6,68.2,32.55,1
Maize,30.57,24.59,59.75,28.85,2.68,103.4,22.9,2
Chilli,67.16,30.63,49.35,71.66,7.53,17.1,50.31,0
Chilli,33.22,34.72,38.63,55.3,3.69,51.0,11.12,2
Rice,26.37,39.52,86.98,38.68,2.49,57.9,14.01,2
Tomato,25.82,20.23,69.31,30.82,4.84,98.2,17.75,2
Tomato,66.05,26.54,83.04,79.91,5.32,77.2,57.44,0
Chilli,60.0,26.85,50.99,25.39,0.74,96.4,48.3,1
Tomato,19.89,25.77,50.29,24.28,2.08,47.2,7.54,2
Chilli,23.05,36.35,53.47,49.77,2.47,112.7,5.0,2
Cotton,59.37,20.9,47.71,20.73,1.97,99.5,55.86,0
Cotton,54.98,27.19,62.39,67.74,3.06,110.7,46.78,1
Tomato,63.02,34.23,86.49,99.28,2.68,38.9,54.0,0
Groundnut,27.46,28.13,83.18,77.31,5.85,10.7,21.64,2
Rice,65.86,22.88,62.23,64.29,4.79,77.7,56.12,0
Rice,80.53,32.22,54.18,45.52,3.43,64.2,66.39,0
Rice,57.07,30.45,68.64,98.92,1.6,95.7,47.08,1
Tomato,28.73,39.64,68.67,89.19,3.37,20.7,12.79,2
Groundnut,62.57,34.97,72.61,83.85,1.44,75.5,47.99,1
Tomato,39.02,39.72,64.46,30.7,7.62,31.9,18.73,2
Cotton,18.45,23.73,36.47,21.12,1.39,66.6,11.57,2
Maize,36.16,35.23,39.18,26.01,6.87,27.4,15.2,2
Rice,78.39,31.03,88.56,33.28,4.92,110.4,65.62,0
Maize,43.78,34.25,76.04,17.35,6.49,30.2,30.39,1
Rice,75.53,29.35,87.15,89.96,7.11,73.3,69.08,0
Maize,50.61,24.25,53.67,26.67,6.43,10.6,39.43,1
Chilli,51.19,20.91,64.42,30.39,4.71,27.2,44.36,1
Chilli,15.37,36.77,52.71,89.93,2.14,64.9,5.0,2
Tomato,59.6,36.3,84.99,96.23,5.28,14.5,45.39,1
Cotton,22.55,23.25,50.83,29.96,0.04,69.7,15.67,2
Chilli,48.51,32.9,73.16,36.48,3.02,30.3,35.45,1
Tomato,33.22,34.75,44.63,82.01,6.86,89.9,17.05,2
Maize,42.47,31.15,40.79,97.32,4.64,105.5,26.36,2
Rice,52.6,26.34,43.56,68.47,2.08,93.4,39.24,1
Groundnut,16.01,37.62,64.12,49.83,7.14,17.0,5.0,2
Cotton,34.92,32.85,81.45,70.71,0.12,64.6,29.82,2
Tomato,84.27,34.4,89.96,80.23,7.06,22.2,71.09,0
Cotton,19.02,33.04,69.25,20.14,6.08,55.0,7.06,2
Cotton,37.36,34.43,64.35,49.18,1.17,102.4,24.91,2
Chilli,37.5,22.9,78.28,87.16,0.5,14.5,32.07,1
Rice,41.56,38.45,38.51,73.49,7.61,37.7,22.03,2
Groundnut,62.93,25.72,79.52,23.84,0.54,100.9,56.04,0
Groundnut,32.34,36.73,76.71,77.97,7.79,54.7,15.1,2
Groundnut,47.22,37.87,64.12,70.07,3.37,35.9,35.03,1
Groundnut,60.14,33.02,36.26,33.82,2.83,114.4,46.11,1
Groundnut,37.56,31.97,46.12,40.96,5.2,27.1,25.8,2
Cotton,81.41,22.18,55.33,38.3,3.97,96.7,72.41,0
Rice,83.58,28.72,86.77,99.39,3.12,29.6,74.72,0
Maize,23.38,32.23,70.12,26.53,5.12,115.9,9.01,2
Tomato,39.07,21.64,63.06,84.65,2.8,96.5,31.77,1
Tomato,29.56,22.23,61.86,57.76,0.27,40.4,24.27,2
Cotton,28.08,39.87,77.9,89.25,6.6,118.2,13.55,2
Cotton,49.37,26.64,52.8,98.37,4.12,22.6,44.05,1
Chilli,54.47,26.99,40.2,96.5,5.49,104.6,37.9,1
Cotton,44.8,25.03,72.24,86.88,4.6,86.9,38.89,1
Rice,34.08,32.92,53.1,47.22,4.91,29.1,21.87,2
Tomato,34.5,29.46,52.91,34.41,1.75,70.1,22.11,2
Groundnut,84.45,35.81,60.01,38.75,7.48,11.3,69.77,0
Maize,79.66,30.25,48.35,68.78,3.58,73.0,64.45,0
Chilli,20.31,20.31,85.69,40.77,7.36,74.0,10.53,2
Maize,60.96,29.65,81.58,49.14,6.46,54.9,50.16,0
Tomato,46.98,21.1,89.51,17.18,5.76,100.7,36.44,1
Cotton,63.22,36.54,88.05,79.39,3.68,112.4,53.03,0
Cotton,56.79,22.27,52.3,20.03,0.18,68.7,49.39,1
Cotton,77.25,24.34,55.93,40.33,2.52,84.1,72.97,0
Maize,19.69,29.2,73.4,63.14,5.32,26.0,8.03,2
Chilli,39.47,23.9,35.87,57.81,2.65,119.8,29.5,2
Groundnut,83.98,30.78,89.66,90.38,0.79,104.4,75.48,0
Chilli,27.76,29.21,35.6,69.28,4.14,114.4,10.1,2
Maize,23.91,39.05,64.23,81.01,1.24,95.6,9.91,2
Tomato,66.03,21.77,71.78,37.31,2.45,45.5,60.76,0
Chilli,69.42,31.53,85.28,21.9,4.02,34.4,58.05,0
Maize,62.06,34.41,70.43,76.9,0.93,66.2,49.49,1
Chilli,69.33,22.55,67.83,23.82,0.9,19.1,63.56,0
Rice,63.56,32.73,51.52,85.07,1.68,70.7,56.27,0
Tomato,24.5,37.28,67.5,94.87,4.73,50.7,5.0,2
Cotton,57.58,35.75,76.23,35.46,7.47,90.1,41.6,1
Maize,69.38,38.7,63.36,78.49,1.91,78.8,55.97,0
Maize,75.59,34.41,77.88,49.36,5.76,37.1,63.98,0
Chilli,32.24,27.88,38.83,36.91,1.52,90.7,16.94,2
Maize,23.92,38.41,53.45,48.8,5.08,44.2,5.0,2
Cotton,69.68,24.51,87.79,68.21,1.1,37.3,68.93,0
Tomato,32.96,31.67,52.79,98.93,6.76,56.0,13.38,2
Cotton,17.24,35.31,69.2,37.0,5.94,27.4,5.0,2
Tomato,72.76,37.45,63.59,73.53,5.45,45.8,54.41,0
Maize,50.42,38.33,86.51,40.14,0.12,38.6,37.09,1
Chilli,37.86,21.7,43.95,32.63,6.69,12.4,28.3,2
Groundnut,15.8,34.52,51.47,66.87,1.21,43.1,5.0,2
Tomato,17.47,24.08,82.43,78.52,4.27,61.4,7.88,2
Chilli,70.48,35.58,71.64,74.56,6.21,101.3,50.55,0
Rice,49.28,34.01,64.87,94.83,5.05,29.9,39.04,1
Rice,25.48,23.63,56.72,19.66,6.55,46.0,15.27,2
Cotton,40.1,36.66,57.62,58.66,5.67,13.2,28.1,2
Cotton,26.57,29.24,86.42,36.18,6.05,18.3,18.6,2
Maize,22.9,30.88,71.91,83.53,2.39,49.2,9.04,2
Chilli,34.34,39.43,86.1,15.58,3.03,65.0,20.0,2
Maize,53.47,33.13,88.47,25.82,4.01,92.3,43.68,1
Tomato,29.7,31.77,65.09,79.48,4.69,93.9,17.96,2
Maize,39.06,20.34,68.54,41.92,5.53,110.5,26.94,2
Tomato,48.46,23.98,71.1,71.36,4.44,109.9,31.92,1
Cotton,44.4,20.53,81.15,99.87,5.68,21.2,41.3,1
Maize,24.0,26.67,71.25,51.39,1.21,22.3,16.07,2
Tomato,17.72,26.89,41.31,57.97,3.16,64.6,5.0,2
Chilli,17.48,30.61,86.83,97.78,7.31,74.8,5.0,2
Cotton,39.51,33.8,71.35,77.18,1.74,75.8,28.95,2
Tomato,65.32,23.59,82.85,27.71,1.15,63.5,57.63,0
Groundnut,24.19,32.03,58.36,82.39,5.96,117.9,8.62,2
Maize,70.09,38.34,61.11,56.43,1.56,66.0,55.94,0
Chilli,65.1,23.7,72.89,80.86,3.66,112.9,56.13,0
Groundnut,15.28,33.18,77.7,63.87,5.69,118.7,5.0,2
Maize,16.87,20.91,39.32,30.46,3.88,58.8,8.4,2
Tomato,28.65,30.62,57.4,83.3,7.21,24.7,9.27,2
Cotton,18.93,34.83,77.34,10.18,7.03,45.9,6.7,2
Rice,52.19,20.68,89.57,89.92,4.02,49.4,48.96,1
Maize,17.77,26.67,35.64,83.67,7.69,107.7,5.0,2
Groundnut,71.19,37.56,49.56,97.31,2.33,115.8,52.85,0
Maize,49.51,24.51,60.57,13.2,1.87,28.7,40.81,1
Cotton,65.96,34.46,47.26,49.39,5.36,12.2,52.47,0
Chilli,67.55,32.24,36.48,25.22,4.58,101.4,50.43,0
Tomato,50.47,23.27,64.67,43.66,2.01,71.5,45.75,1
Tomato,79.78,34.83,70.72,42.38,2.97,92.6,67.11,0
Chilli,84.32,30.64,57.88,63.78,1.86,46.5,68.88,0
Rice,40.15,22.24,55.34,49.37,1.9,27.4,32.44,1
Maize,23.81,38.99,89.21,96.9,2.94,39.1,11.86,2
Maize,40.43,29.84,61.26,35.0,7.39,15.3,29.36,2
Groundnut,30.63,34.9,78.89,47.69,6.68,52.4,14.52,2
Rice,52.17,24.35,50.79,73.06,4.1,20.9,43.98,1
Groundnut,41.49,22.74,80.66,34.89,3.82,61.0,33.3,1
Maize,48.63,34.83,80.3,75.14,0.25,97.9,38.03,1
Chilli,68.42,33.48,49.72,73.78,3.7,15.2,51.48,0
Chilli,34.18,25.48,71.07,74.1,4.99,108.6,23.03,2
Tomato,52.62,34.93,72.51,70.76,6.23,23.5,34.04,1
Groundnut,38.46,30.1,59.34,83.57,2.85,82.2,23.64,2
Tomato,69.95,26.97,77.56,99.54,7.36,36.5,64.2,0
Rice,59.77,35.74,51.88,14.98,6.72,102.9,42.69,1
Cotton,15.6,32.34,61.63,54.74,0.66,11.1,11.7,2
Chilli,61.2,30.15,89.46,83.18,7.22,56.4,51.33,0
Groundnut,26.91,35.46,44.83,10.0,1.78,115.8,7.98,2
Maize,65.71,30.9,43.13,59.06,7.39,22.4,50.24,0
Rice,54.71,38.77,42.82,69.38,5.05,93.7,33.81,1
Rice,43.1,36.36,89.9,27.26,3.3,89.9,30.8,1
Maize,63.58,27.16,43.8,46.07,3.49,45.1,48.01,1
Tomato,74.96,29.3,45.46,81.05,4.5,16.7,57.57,0
Groundnut,69.51,39.15,73.21,16.0,6.75,101.6,49.88,1
Rice,53.18,37.9,76.77,22.14,6.7,109.5,35.93,1
Groundnut,65.59,23.82,63.99,83.63,3.32,24.1,58.63,0
Tomato,43.97,25.49,89.05,82.83,6.79,103.3,31.09,1
Rice,70.23,27.29,37.14,63.14,3.78,101.7,58.05,0
Tomato,73.03,37.6,69.15,47.46,3.34,73.5,58.29,0
Rice,24.61,38.55,68.36,19.51,1.95,96.2,11.16,2
Maize,31.66,36.05,52.67,83.03,6.62,14.3,14.15,2
Tomato,33.9,25.51,84.47,31.76,4.96,64.6,25.51,2
Chilli,26.63,37.74,65.41,92.19,3.45,116.4,5.21,2
Chilli,42.48,20.66,48.55,79.83,5.3,95.3,33.36,1
Rice,28.51,28.46,39.86,17.28,6.89,39.5,12.46,2
Rice,56.69,27.55,40.89,67.19,1.58,78.6,49.31,1
Rice,22.11,30.7,84.35,92.86,3.14,33.4,15.36,2
Tomato,33.89,31.21,48.77,89.13,3.04,34.4,20.7,2
Rice,61.59,24.51,84.89,65.2,0.61,30.8,59.25,0
Tomato,42.9,24.09,41.61,25.48,2.67,30.9,32.47,1
Chilli,44.5,36.07,89.12,71.22,6.09,64.9,27.1,2
Tomato,70.85,21.52,80.83,69.95,2.03,44.1,64.62,0
Tomato,83.92,29.87,41.39,62.99,6.49,95.6,69.12,0
Maize,54.55,23.83,39.73,33.92,7.64,108.4,40.21,1
Chilli,20.53,26.39,79.19,91.03,1.79,63.6,10.58,2
Tomato,22.2,25.55,39.29,55.23,3.28,31.0,11.21,2
Tomato,82.8,34.17,49.42,36.74,1.05,119.8,67.11,0
Maize,62.55,29.12,79.07,32.97,5.54,15.2,51.7,0
Rice,67.67,25.99,84.92,35.29,3.86,70.5,58.85,0
Maize,62.3,36.63,77.22,51.5,4.71,34.2,49.47,1
Groundnut,27.57,21.72,83.94,30.78,6.23,113.1,21.8,2
Maize,46.39,35.33,65.79,56.57,6.21,45.7,31.02,1
Rice,70.87,24.97,77.88,27.28,4.13,115.4,62.87,0
Cotton,75.65,38.36,53.93,34.39,7.06,117.0,57.37,0
Rice,31.61,20.11,78.19,20.77,7.46,113.7,24.8,2
Tomato,56.72,31.13,72.39,42.17,5.05,97.2,40.86,1
Rice,26.0,32.45,66.62,46.54,0.31,91.5,13.44,2
Groundnut,82.08,31.55,89.58,46.33,6.21,114.8,72.04,0
Groundnut,32.65,36.3,60.84,75.24,7.14,34.6,14.0,2
Chilli,65.86,22.24,69.06,53.5,4.45,99.1,52.91,0
Chilli,31.18,28.31,63.04,72.37,5.6,22.5,21.1,2
Chilli,58.12,37.27,49.33,12.98,2.85,49.8,36.53,1
Chilli,61.15,37.77,53.17,49.29,4.02,54.2,41.39,1
Chilli,37.99,29.97,88.83,18.08,6.38,119.5,22.21,2
Groundnut,72.32,31.16,56.57,51.59,7.01,45.3,56.44,0
Cotton,76.98,35.28,72.37,65.37,0.92,71.0,71.72,0
Rice,74.85,35.59,66.19,81.71,0.14,79.7,63.36,0
Maize,38.16,37.76,83.94,59.52,2.99,84.6,24.82,2
Groundnut,67.1,36.88,76.67,44.16,3.13,23.2,56.17,0
Maize,54.16,28.29,39.44,33.8,6.19,71.5,37.59,1
Tomato,56.48,33.0,54.55,96.17,0.07,79.8,45.17,1
Groundnut,48.42,29.66,74.16,27.85,6.11,109.4,36.57,1
Chilli,57.02,22.36,43.87,13.82,4.29,115.3,46.29,1
Chilli,24.5,36.43,62.69,21.33,5.58,35.9,5.12,2
Maize,43.62,32.04,52.48,99.78,4.07,33.2,30.72,1
Rice,27.44,21.16,38.56,91.55,6.33,85.2,16.79,2
Maize,34.61,33.54,89.84,38.82,3.5,63.8,25.78,2
Maize,23.95,25.66,86.12,10.35,2.77,91.8,15.69,2
Groundnut,29.87,21.39,76.11,79.05,5.09,103.3,26.64,2
Tomato,69.74,32.13,46.06,37.05,3.56,11.2,55.37,0
Rice,53.49,34.64,89.37,11.99,2.43,106.7,42.57,1
Maize,16.66,30.35,69.69,51.09,7.31,39.2,5.0,2
Groundnut,70.2,20.11,88.13,48.17,5.79,116.6,63.98,0
Maize,78.66,31.54,37.34,42.56,1.58,57.3,63.64,0
Maize,76.63,20.13,44.54,68.8,5.92,103.8,67.22,0
Cotton,72.61,38.53,72.25,75.34,2.02,32.0,61.45,0
Chilli,84.46,25.35,84.89,60.33,3.45,67.8,80.51,0
Tomato,56.05,37.42,44.67,11.26,1.74,17.0,38.05,1
Groundnut,82.38,20.24,52.44,12.02,0.91,90.8,76.21,0
Chilli,81.42,21.94,67.35,89.36,3.19,113.6,72.03,0
Rice,36.93,29.03,89.98,26.78,4.44,102.7,31.64,1
Maize,75.44,35.17,78.98,45.83,2.42,84.8,59.81,0
Groundnut,70.47,38.85,85.8,19.32,0.6,23.1,59.67,0
Maize,69.31,30.42,72.13,30.64,2.0,118.2,58.75,0
Chilli,77.74,27.11,83.26,53.68,1.97,47.8,67.98,0
Chilli,41.89,20.89,62.89,31.2,4.73,79.6,38.38,1
Cotton,43.0,31.67,41.83,69.32,2.26,40.0,30.33,1
Groundnut,59.8,27.6,74.03,43.06,4.27,101.0,49.72,1
Rice,66.65,38.18,68.08,80.96,3.76,51.6,55.83,0
Chilli,76.58,29.6,61.69,64.18,2.13,53.0,64.21,0
Chilli,76.31,35.31,50.12,32.86,5.93,10.5,58.26,0
Rice,65.49,36.96,78.13,82.75,5.34,73.3,50.74,0
Cotton,81.98,21.97,80.12,93.89,5.44,37.6,76.65,0
Rice,27.5,28.82,55.03,20.8,3.47,111.4,18.05,2
Maize,81.52,37.87,86.03,70.27,2.53,96.1,66.86,0
Tomato,19.49,28.49,55.34,66.77,4.73,114.7,5.0,2
Rice,53.89,31.3,40.92,70.27,7.67,52.9,38.12,1
Cotton,21.31,37.46,44.16,12.81,3.47,82.8,6.9,2
Tomato,54.76,24.65,62.2,12.53,5.32,59.7,43.98,1
Tomato,42.31,37.89,39.39,36.53,3.54,110.0,20.51,2
Groundnut,20.71,27.94,74.51,17.22,7.46,45.7,7.63,2
Groundnut,60.37,31.86,78.73,42.95,2.12,46.1,50.42,0
Rice,66.18,26.56,65.22,88.52,3.67,50.3,61.11,0
Tomato,27.19,30.54,84.13,41.9,3.95,64.8,15.73,2
Cotton,63.61,20.99,87.49,45.36,5.83,107.6,59.37,0
Cotton,27.53,21.31,59.62,34.08,5.77,32.8,18.78,2
Groundnut,24.62,28.29,39.9,47.94,5.92,81.6,9.55,2
Chilli,25.32,26.7,47.72,81.78,5.86,43.7,9.25,2
Rice,56.94,32.32,71.17,84.78,3.76,19.1,49.11,1
Groundnut,69.52,20.76,57.32,47.9,1.24,114.9,59.99,0
Rice,56.78,23.35,72.68,45.72,6.96,96.4,48.28,1
Rice,71.65,24.19,71.67,27.56,2.6,114.7,65.0,0
Cotton,56.4,28.81,68.3,97.8,0.88,54.0,50.06,0
Chilli,70.81,24.94,43.68,37.99,1.03,93.3,55.31,0
Rice,83.36,22.75,50.73,40.84,3.96,81.6,70.54,0
Tomato,42.37,31.95,55.78,48.69,3.41,78.1,27.37,2
Chilli,25.5,34.88,80.34,17.24,5.31,14.4,9.29,2
Tomato,24.48,33.71,72.52,39.57,4.89,17.9,8.93,2
Cotton,56.82,25.52,70.47,93.75,0.86,31.5,51.08,0
Maize,53.3,37.09,71.97,16.7,2.37,92.5,36.58,1
Chilli,27.9,32.24,62.68,31.64,7.17,97.8,7.47,2
Maize,76.75,32.29,37.18,29.6,6.13,81.2,58.89,0
Maize,81.97,24.26,46.06,31.16,6.96,31.1,66.03,0
Maize,32.73,24.84,42.72,95.92,0.18,95.5,22.39,2
Cotton,29.48,29.5,38.52,73.77,7.3,22.5,15.48,2
Chilli,29.97,24.76,52.57,92.78,6.89,108.3,15.35,2
Chilli,42.12,33.76,78.33,87.18,3.62,52.3,33.46,1
Chilli,74.73,26.17,41.33,66.23,5.39,90.0,57.66,0
Tomato,56.72,23.04,41.13,60.38,2.18,28.6,48.12,1
Groundnut,19.73,23.03,41.83,55.82,5.27,44.6,9.75,2
Chilli,48.11,22.54,49.84,72.06,6.39,64.5,37.04,1
Cotton,21.32,28.8,46.12,73.16,3.87,64.6,10.4,2
Groundnut,43.43,20.06,35.77,63.95,0.23,20.7,40.69,1
Groundnut,43.25,30.85,50.21,50.4,3.33,70.3,31.71,1
Cotton,60.38,25.97,89.8,70.78,5.8,18.3,55.69,0
Cotton,53.46,31.05,53.51,24.1,5.63,111.6,37.99,1
Maize,76.23,38.71,46.62,59.64,3.89,56.4,58.05,0
Cotton,16.14,37.38,62.26,56.74,7.89,58.3,5.0,2
Tomato,69.18,31.53,47.62,58.12,0.94,73.5,53.59,0
Cotton,16.59,28.36,65.78,55.97,1.27,96.0,7.55,2
Rice,36.3,33.97,57.04,77.52,2.07,17.6,24.78,2
Groundnut,76.58,38.46,84.33,78.17,6.43,87.3,61.47,0
Tomato,63.33,29.79,86.04,39.66,6.1,110.2,51.92,0
Chilli,27.04,21.99,74.22,41.57,6.18,58.3,20.04,2
Rice,49.35,35.32,46.86,11.48,7.04,11.5,33.92,1
Rice,65.53,20.21,61.06,20.2,3.54,37.2,60.12,0
Groundnut,80.61,35.29,51.8,33.61,2.55,113.5,64.59,0
Groundnut,59.4,21.7,78.91,78.91,4.8,23.0,53.43,0
Tomato,16.73,22.13,36.6,81.81,3.28,11.5,5.34,2
Rice,49.98,35.63,71.44,32.32,4.19,112.9,35.13,1
Cotton,25.71,33.79,52.78,88.28,1.12,104.9,15.14,2
Groundnut,18.34,31.24,61.46,43.81,3.17,60.6,9.68,2
Tomato,56.9,36.41,52.76,81.82,3.78,10.6,39.54,1
Chilli,69.38,37.03,55.06,52.02,0.7,74.2,51.56,0
Tomato,17.52,29.15,72.09,74.13,7.96,99.8,5.0,2
Cotton,69.85,39.93,67.75,42.07,0.3,41.5,54.55,0
Maize,64.45,27.15,48.42,16.35,7.36,29.0,52.81,0
Rice,67.64,23.43,37.4,32.86,0.64,109.5,56.06,0
Tomato,32.13,36.92,82.08,72.74,6.87,94.5,15.08,2
Chilli,42.55,28.31,62.08,92.62,4.39,59.3,28.93,2
Cotton,23.38,37.49,69.03,66.55,1.57,109.6,12.1,2
Rice,31.72,21.22,61.87,79.21,1.85,76.9,30.29,1
Groundnut,36.2,22.22,69.04,11.27,2.81,113.8,27.43,2
Chilli,37.36,20.81,69.48,78.41,6.35,21.3,27.36,2
Groundnut,27.25,32.04,35.83,85.2,1.18,58.0,14.18,2
Groundnut,28.21,36.64,64.33,47.14,1.94,84.7,17.33,2
Rice,78.1,28.05,62.62,54.45,5.54,54.9,67.62,0
Rice,69.87,21.81,40.27,14.71,4.91,48.5,60.71,0
Cotton,39.11,27.47,76.02,25.72,3.37,86.5,31.86,1
Tomato,81.34,26.96,47.97,15.08,0.48,76.6,68.54,0
Rice,31.72,32.87,38.0,75.82,4.47,41.1,17.57,2
Maize,43.48,33.04,79.17,81.99,1.83,58.8,32.08,1
Groundnut,71.95,22.06,82.58,19.78,4.9,87.8,67.98,0
Cotton,46.0,28.4,48.24,92.94,2.2,79.0,38.15,1
Chilli,31.42,32.85,72.82,85.56,7.84,59.8,11.87,2
Tomato,40.8,25.18,35.27,61.87,4.72,38.6,26.7,2
Maize,50.05,28.14,74.66,98.05,4.57,22.6,41.54,1
Cotton,58.45,32.27,60.57,89.42,6.69,102.4,43.42,1
Rice,43.39,28.06,78.59,30.04,7.95,100.2,29.5,2
Chilli,45.19,20.62,56.62,95.86,6.23,77.5,33.83,1
Rice,33.48,24.45,54.31,49.87,4.75,72.8,24.53,2
Tomato,52.47,35.52,81.24,23.94,6.91,25.0,38.44,1
Tomato,30.36,24.97,37.13,28.01,1.45,59.1,19.7,2
Cotton,75.73,36.35,45.29,71.58,6.11,63.2,65.52,0
Groundnut,67.32,29.34,57.67,98.88,5.44,60.8,53.33,0
Rice,43.72,29.46,67.8,50.07,4.51,36.6,35.11,1
Cotton,67.31,35.41,35.28,61.58,6.93,23.6,49.75,1
Chilli,15.49,27.67,66.63,37.02,5.68,112.5,5.0,2
Groundnut,39.11,24.77,55.82,86.09,5.73,71.2,31.02,1
Groundnut,45.82,22.1,69.65,20.36,7.28,104.9,37.48,1
Rice,47.89,33.44,84.88,62.4,5.6,83.9,32.36,1
Cotton,67.41,29.4,59.25,62.76,2.04,100.2,59.55,0
Chilli,82.4,36.19,65.5,10.1,1.47,33.8,66.51,0
Rice,41.6,29.15,60.45,94.65,4.11,21.7,32.43,1
Tomato,39.54,28.3,41.52,97.69,1.88,77.5,23.24,2
Groundnut,57.74,25.98,78.62,52.07,5.6,70.4,49.11,1
Chilli,34.69,23.99,83.69,75.31,6.74,20.6,25.34,2
Maize,24.89,36.61,79.63,86.38,2.33,77.2,10.09,2
Tomato,82.31,21.9,87.12,20.5,7.31,30.0,75.85,0
Groundnut,71.67,38.04,60.74,17.62,5.98,21.9,55.06,0
Tomato,82.09,20.54,70.88,72.04,7.91,118.4,70.67,0
Rice,30.25,30.45,44.26,60.35,1.59,71.1,20.24,2
Chilli,16.25,21.17,88.72,71.15,3.69,46.3,15.46,2
Groundnut,45.61,35.59,66.93,61.48,5.12,20.8,32.11,1
Tomato,80.35,24.23,49.39,75.38,6.1,110.8,62.69,0
Tomato,24.68,31.32,79.3,23.94,7.3,113.7,5.53,2
Maize,23.2,38.33,67.26,29.41,7.13,38.3,5.33,2
Tomato,19.83,32.99,87.23,31.33,1.89,57.9,11.1,2
Chilli,68.55,23.57,77.35,47.49,3.38,81.0,61.0,0
Tomato,70.01,35.93,83.25,78.36,5.75,22.2,55.85,0
Rice,63.68,28.83,65.07,84.83,1.06,69.1,55.12,0
Tomato,18.73,20.26,63.45,46.12,7.67,34.1,11.03,2
Groundnut,65.63,29.74,76.65,64.18,5.98,34.8,55.97,0
Groundnut,46.4,36.25,40.78,36.57,6.63,76.3,25.43,2
Chilli,26.05,28.6,37.97,52.82,7.26,44.1,9.57,2
Maize,35.66,35.17,89.1,94.68,1.42,70.5,21.83,2
Cotton,50.08,34.11,85.4,34.24,3.38,38.9,41.97,1
Tomato,38.08,29.14,87.56,80.91,5.21,63.6,26.41,2
Chilli,82.88,26.47,38.43,13.8,6.58,112.5,66.19,0
Cotton,48.23,34.53,49.81,41.07,5.9,63.3,35.03,1
Cotton,41.05,27.38,84.58,69.29,0.97,65.1,36.43,1
Tomato,62.12,23.4,39.92,79.84,5.17,64.2,52.11,0
Cotton,60.54,26.42,59.83,63.3,2.35,104.2,52.46,0
Chilli,15.17,37.54,53.77,88.23,3.25,85.0,5.0,2
Groundnut,58.29,25.67,83.39,83.87,7.95,13.4,51.92,0
Tomato,32.06,24.7,63.49,65.58,1.26,23.0,28.74,2
Chilli,41.27,22.67,50.97,41.33,0.84,73.6,33.17,1
Cotton,64.44,21.1,63.84,42.73,3.27,93.6,57.59,0
Tomato,54.02,39.53,41.18,65.36,6.91,22.9,30.19,1
Cotton,40.81,30.74,75.22,69.09,1.3,65.3,34.11,1
Rice,26.72,34.59,69.01,45.51,0.64,80.7,15.43,2
Cotton,50.38,35.46,68.04,45.78,3.35,54.1,35.66,1
Chilli,37.36,27.05,59.08,25.91,5.06,86.3,26.25,2
Tomato,78.9,35.98,51.18,10.03,1.24,47.7,64.71,0
Rice,52.4,39.23,38.6,51.53,6.44,78.5,35.17,1
Cotton,75.62,34.84,87.09,84.78,6.77,94.2,66.33,0
Tomato,42.31,34.23,57.91,78.99,4.18,115.1,24.91,2
Maize,72.92,28.64,62.28,99.45,0.24,80.3,64.24,0
Rice,18.96,36.83,55.67,70.25,4.13,48.7,6.16,2
Groundnut,35.87,21.78,89.33,31.05,1.71,89.3,29.7,2
Chilli,20.47,34.99,78.79,70.96,3.57,98.5,5.0,2
Groundnut,17.22,27.24,40.27,84.56,6.08,55.6,5.0,2
Rice,79.32,31.32,68.45,67.69,0.44,49.9,72.54,0
Tomato,65.18,37.86,61.65,53.36,0.0,26.8,49.7,1
Chilli,58.76,32.1,78.63,65.67,1.07,84.5,46.19,1
Chilli,52.27,20.51,89.85,12.32,0.36,58.9,49.62,1
Cotton,54.87,34.45,75.94,33.86,2.08,24.6,46.84,1
Groundnut,59.71,38.58,82.57,24.2,3.23,71.8,45.74,1
Cotton,72.86,32.84,62.64,47.21,6.24,118.9,56.81,0
Rice,56.78,37.23,55.55,90.37,0.24,15.6,42.3,1
Tomato,67.4,36.51,70.38,26.92,2.81,66.7,52.01,0
Groundnut,34.67,37.23,76.22,16.39,7.44,112.9,17.7,2
Chilli,83.37,26.88,47.51,79.92,4.61,115.5,68.61,0
Groundnut,17.23,29.48,62.69,88.11,6.61,47.6,5.0,2
Chilli,42.06,36.96,41.26,57.83,3.87,28.9,24.51,2
Rice,76.74,38.21,46.9,43.89,0.78,56.3,63.18,0
Maize,27.64,22.94,83.5,48.75,1.5,45.0,24.19,2
Cotton,24.89,23.63,42.96,69.31,6.06,63.1,15.95,2
Chilli,40.58,26.94,79.62,84.81,6.91,75.6,31.56,1
Rice,44.97,35.41,55.49,27.05,3.74,94.5,28.23,2
Tomato,80.34,37.5,71.49,91.2,3.94,79.8,62.19,0
Groundnut,73.53,31.6,85.07,69.17,3.6,108.1,61.97,0
Groundnut,47.49,22.27,77.95,76.45,0.15,90.9,45.94,1
Cotton,83.11,26.07,80.43,17.82,0.76,67.1,77.5,0
Rice,59.96,37.14,49.36,92.65,7.94,23.1,40.91,1
